/*--------------------------------*- C++ -*----------------------------------*\
  =========                 |
  \\      /  F ield         | OpenFOAM: The Open Source CFD Toolbox
   \\    /   O peration     | Website:  https://openfoam.org
    \\  /    A nd           | Version:  13
     \\/     M anipulation  |
\*---------------------------------------------------------------------------*/
FoamFile
{
    format      ascii;
    class       surfaceLabelField;
    location    "constant/fvMesh";
    object      polyFaces;
}
// * * * * * * * * * * * * * * * * * * * * * * * * * * * * * * * * * * * * * //

dimensions      [];

internalField   uniform -1;

boundaryField
{
    INLET
    {
        type            polyFaces;
    }
    IN_HUB
    {
        type            polyFaces;
    }
    IN_SHROUD
    {
        type            polyFaces;
    }
    IN_TO_ROTOR
    {
        type            polyFaces;
    }
    OUTLET
    {
        type            polyFaces;
    }
    OUT_HUB
    {
        type            polyFaces;
    }
    OUT_SHROUD
    {
        type            polyFaces;
    }
    OUT_TO_ROTOR
    {
        type            polyFaces;
    }
    ROTOR_HUB
    {
        type            polyFaces;
    }
    ROTOR_TO_IN
    {
        type            polyFaces;
    }
    ROTOR_TO_OUT
    {
        type            polyFaces;
    }
    ROTOR_SHROUD
    {
        type            polyFaces;
    }
    nonConformalCyclic_on_IN_TO_ROTOR
    {
        type            nonConformalPolyFaces;
        patchType       nonConformalCyclic;
        size            25348;
        value           nonuniform List<label> 
25348
(
625032
625032
625032
625032
625032
625032
625033
625033
625033
625033
625033
625033
625034
625034
625034
625034
625034
625034
625035
625035
625035
625035
625035
625035
625036
625036
625036
625036
625036
625036
625037
625037
625037
625037
625037
625037
625038
625038
625038
625038
625038
625038
625039
625039
625039
625039
625039
625039
625040
625040
625040
625040
625040
625040
625041
625041
625041
625041
625042
625042
625042
625042
625043
625043
625043
625043
625044
625044
625044
625044
625045
625045
625045
625045
625046
625046
625046
625046
625047
625047
625047
625047
625048
625048
625048
625048
625049
625049
625049
625049
625050
625050
625050
625050
625051
625051
625051
625051
625052
625052
625052
625052
625053
625053
625053
625053
625054
625054
625054
625054
625055
625055
625055
625055
625056
625056
625056
625056
625057
625057
625057
625057
625057
625057
625058
625058
625058
625058
625059
625059
625059
625059
625060
625060
625060
625060
625061
625061
625061
625061
625062
625062
625062
625062
625063
625063
625063
625063
625064
625064
625064
625064
625065
625065
625065
625065
625066
625066
625066
625066
625067
625067
625067
625067
625068
625068
625068
625068
625069
625069
625069
625069
625070
625070
625070
625070
625071
625071
625071
625071
625072
625072
625072
625072
625073
625073
625073
625073
625074
625074
625074
625074
625074
625074
625075
625075
625075
625075
625076
625076
625076
625076
625077
625077
625077
625077
625078
625078
625078
625078
625079
625079
625079
625079
625080
625080
625080
625080
625081
625081
625081
625081
625082
625082
625082
625082
625083
625083
625083
625083
625084
625084
625084
625084
625085
625085
625085
625085
625086
625086
625086
625086
625087
625087
625087
625087
625088
625088
625088
625088
625089
625089
625089
625089
625090
625090
625090
625090
625091
625091
625091
625091
625091
625091
625092
625092
625092
625092
625093
625093
625093
625093
625094
625094
625094
625094
625095
625095
625095
625095
625096
625096
625096
625096
625097
625097
625097
625097
625098
625098
625098
625098
625099
625099
625099
625099
625100
625100
625100
625100
625100
625100
625101
625101
625101
625101
625101
625101
625102
625102
625102
625102
625102
625102
625103
625103
625103
625103
625103
625103
625104
625104
625104
625104
625104
625104
625105
625105
625105
625105
625105
625105
625106
625106
625106
625106
625106
625106
625107
625107
625107
625107
625107
625107
625108
625108
625108
625108
625108
625108
625108
625108
625108
625109
625109
625109
625109
625109
625109
625110
625110
625110
625110
625110
625110
625111
625111
625111
625111
625111
625111
625112
625112
625112
625112
625112
625112
625113
625113
625113
625113
625113
625113
625114
625114
625114
625114
625114
625114
625115
625115
625115
625115
625115
625115
625116
625116
625116
625116
625116
625116
625117
625117
625117
625117
625118
625118
625118
625118
625119
625119
625119
625119
625120
625120
625120
625120
625121
625121
625121
625121
625122
625122
625122
625122
625123
625123
625123
625123
625124
625124
625124
625124
625125
625125
625125
625125
625125
625125
625126
625126
625126
625126
625127
625127
625127
625127
625128
625128
625128
625128
625129
625129
625129
625129
625130
625130
625130
625130
625131
625131
625131
625131
625132
625132
625132
625132
625133
625133
625133
625133
625134
625134
625134
625134
625135
625135
625135
625135
625136
625136
625136
625136
625137
625137
625137
625137
625138
625138
625138
625138
625139
625139
625139
625139
625140
625140
625140
625140
625141
625141
625141
625141
625142
625142
625142
625142
625142
625142
625143
625143
625143
625143
625144
625144
625144
625144
625145
625145
625145
625145
625146
625146
625146
625146
625147
625147
625147
625147
625148
625148
625148
625148
625149
625149
625149
625149
625150
625150
625150
625150
625151
625151
625151
625151
625152
625152
625152
625152
625153
625153
625153
625153
625154
625154
625154
625154
625155
625155
625155
625155
625156
625156
625156
625156
625157
625157
625157
625157
625158
625158
625158
625158
625159
625159
625159
625159
625159
625159
625160
625160
625160
625160
625161
625161
625161
625161
625162
625162
625162
625162
625163
625163
625163
625163
625164
625164
625164
625164
625165
625165
625165
625165
625166
625166
625166
625166
625167
625167
625167
625167
625168
625168
625168
625168
625168
625168
625169
625169
625169
625169
625169
625169
625170
625170
625170
625170
625170
625170
625171
625171
625171
625171
625171
625171
625172
625172
625172
625172
625172
625172
625173
625173
625173
625173
625173
625173
625174
625174
625174
625174
625174
625174
625175
625175
625175
625175
625175
625175
625176
625176
625176
625176
625176
625176
625176
625176
625176
625177
625177
625177
625177
625177
625177
625178
625178
625178
625178
625178
625178
625179
625179
625179
625179
625179
625179
625180
625180
625180
625180
625180
625180
625181
625181
625181
625181
625181
625181
625182
625182
625182
625182
625182
625182
625183
625183
625183
625183
625183
625183
625184
625184
625184
625184
625184
625184
625185
625185
625185
625185
625186
625186
625186
625186
625187
625187
625187
625187
625188
625188
625188
625188
625189
625189
625189
625189
625190
625190
625190
625190
625191
625191
625191
625191
625192
625192
625192
625192
625193
625193
625193
625193
625193
625193
625194
625194
625194
625194
625195
625195
625195
625195
625196
625196
625196
625196
625197
625197
625197
625197
625198
625198
625198
625198
625199
625199
625199
625199
625200
625200
625200
625200
625201
625201
625201
625201
625202
625202
625202
625202
625203
625203
625203
625203
625204
625204
625204
625204
625205
625205
625205
625205
625206
625206
625206
625206
625207
625207
625207
625207
625208
625208
625208
625208
625209
625209
625209
625209
625210
625210
625210
625210
625210
625210
625211
625211
625211
625211
625212
625212
625212
625212
625213
625213
625213
625213
625214
625214
625214
625214
625215
625215
625215
625215
625216
625216
625216
625216
625217
625217
625217
625217
625218
625218
625218
625218
625219
625219
625219
625219
625220
625220
625220
625220
625221
625221
625221
625221
625222
625222
625222
625222
625223
625223
625223
625223
625224
625224
625224
625224
625225
625225
625225
625225
625226
625226
625226
625226
625227
625227
625227
625227
625227
625227
625228
625228
625228
625228
625229
625229
625229
625229
625230
625230
625230
625230
625231
625231
625231
625231
625232
625232
625232
625232
625233
625233
625233
625233
625234
625234
625234
625234
625235
625235
625235
625235
625236
625236
625236
625236
625236
625236
625237
625237
625237
625237
625237
625237
625238
625238
625238
625238
625238
625238
625239
625239
625239
625239
625239
625239
625240
625240
625240
625240
625240
625240
625241
625241
625241
625241
625241
625241
625242
625242
625242
625242
625242
625242
625243
625243
625243
625243
625243
625243
625244
625244
625244
625244
625244
625244
625244
625244
625244
625245
625245
625245
625245
625245
625245
625246
625246
625246
625246
625246
625246
625247
625247
625247
625247
625247
625247
625248
625248
625248
625248
625248
625248
625249
625249
625249
625249
625249
625249
625250
625250
625250
625250
625250
625250
625251
625251
625251
625251
625251
625251
625252
625252
625252
625252
625252
625252
625253
625253
625253
625253
625254
625254
625254
625254
625255
625255
625255
625255
625256
625256
625256
625256
625257
625257
625257
625257
625258
625258
625258
625258
625259
625259
625259
625259
625260
625260
625260
625260
625261
625261
625261
625261
625261
625261
625262
625262
625262
625262
625263
625263
625263
625263
625264
625264
625264
625264
625265
625265
625265
625265
625266
625266
625266
625266
625267
625267
625267
625267
625268
625268
625268
625268
625269
625269
625269
625269
625270
625270
625270
625270
625271
625271
625271
625271
625272
625272
625272
625272
625273
625273
625273
625273
625274
625274
625274
625274
625275
625275
625275
625275
625276
625276
625276
625276
625277
625277
625277
625277
625278
625278
625278
625278
625278
625278
625279
625279
625279
625279
625280
625280
625280
625280
625281
625281
625281
625281
625282
625282
625282
625282
625283
625283
625283
625283
625284
625284
625284
625284
625285
625285
625285
625285
625286
625286
625286
625286
625287
625287
625287
625287
625288
625288
625288
625288
625289
625289
625289
625289
625290
625290
625290
625290
625291
625291
625291
625291
625292
625292
625292
625292
625293
625293
625293
625293
625294
625294
625294
625294
625295
625295
625295
625295
625295
625295
625296
625296
625296
625296
625297
625297
625297
625297
625298
625298
625298
625298
625299
625299
625299
625299
625300
625300
625300
625300
625301
625301
625301
625301
625302
625302
625302
625302
625303
625303
625303
625303
625304
625304
625304
625304
625305
625305
625305
625305
625306
625306
625306
625306
625307
625307
625307
625307
625308
625308
625308
625308
625309
625309
625309
625309
625310
625310
625310
625310
625311
625311
625311
625311
625312
625312
625312
625312
625312
625312
625313
625313
625313
625313
625314
625314
625314
625314
625315
625315
625315
625315
625316
625316
625316
625316
625317
625317
625317
625317
625318
625318
625318
625318
625318
625319
625319
625319
625319
625319
625319
625320
625320
625320
625320
625320
625320
625321
625321
625321
625321
625321
625321
625322
625322
625322
625322
625322
625322
625323
625323
625323
625323
625323
625323
625324
625324
625324
625324
625324
625324
625325
625325
625325
625325
625325
625325
625326
625326
625326
625326
625326
625326
625327
625327
625327
625327
625327
625327
625328
625328
625328
625328
625328
625328
625329
625329
625329
625329
625329
625329
625329
625329
625329
625330
625330
625330
625330
625330
625330
625331
625331
625331
625331
625331
625331
625332
625332
625332
625332
625332
625332
625333
625333
625333
625333
625333
625333
625334
625334
625334
625334
625334
625334
625335
625335
625335
625335
625335
625335
625336
625336
625336
625336
625337
625337
625337
625337
625338
625338
625338
625338
625339
625339
625339
625339
625340
625340
625340
625340
625341
625341
625341
625341
625342
625342
625342
625342
625343
625343
625343
625343
625344
625344
625344
625344
625345
625345
625345
625345
625346
625346
625346
625346
625346
625346
625347
625347
625347
625347
625348
625348
625348
625348
625349
625349
625349
625349
625350
625350
625350
625350
625351
625351
625351
625351
625352
625352
625352
625352
625353
625353
625353
625353
625354
625354
625354
625354
625355
625355
625355
625355
625356
625356
625356
625356
625357
625357
625357
625357
625358
625358
625358
625358
625359
625359
625359
625359
625360
625360
625360
625360
625361
625361
625361
625361
625362
625362
625362
625362
625363
625363
625363
625363
625363
625363
625364
625364
625364
625364
625365
625365
625365
625365
625366
625366
625366
625366
625367
625367
625367
625367
625368
625368
625368
625368
625369
625369
625369
625369
625370
625370
625370
625370
625371
625371
625371
625371
625372
625372
625372
625372
625373
625373
625373
625373
625374
625374
625374
625374
625375
625375
625375
625375
625376
625376
625376
625376
625377
625377
625377
625377
625378
625378
625378
625378
625379
625379
625379
625379
625380
625380
625380
625380
625380
625380
625381
625381
625381
625381
625382
625382
625382
625382
625383
625383
625383
625383
625384
625384
625384
625384
625385
625385
625385
625385
625386
625386
625386
625386
625387
625387
625387
625387
625388
625388
625388
625388
625389
625389
625389
625389
625389
625389
625390
625390
625390
625390
625390
625390
625391
625391
625391
625391
625391
625391
625392
625392
625392
625392
625392
625392
625393
625393
625393
625393
625393
625393
625394
625394
625394
625394
625394
625394
625395
625395
625395
625395
625395
625395
625396
625396
625396
625396
625396
625396
625397
625397
625397
625397
625397
625397
625397
625397
625397
625398
625398
625398
625398
625398
625398
625399
625399
625399
625399
625399
625399
625400
625400
625400
625400
625400
625400
625401
625401
625401
625401
625401
625401
625402
625402
625402
625402
625402
625402
625403
625403
625403
625403
625403
625403
625404
625404
625404
625404
625404
625404
625405
625405
625405
625405
625405
625405
625406
625406
625406
625406
625407
625407
625407
625407
625408
625408
625408
625408
625409
625409
625409
625409
625410
625410
625410
625410
625411
625411
625411
625411
625412
625412
625412
625412
625413
625413
625413
625413
625414
625414
625414
625414
625414
625414
625415
625415
625415
625415
625416
625416
625416
625416
625417
625417
625417
625417
625418
625418
625418
625418
625419
625419
625419
625419
625420
625420
625420
625420
625421
625421
625421
625421
625422
625422
625422
625422
625423
625423
625423
625423
625424
625424
625424
625424
625425
625425
625425
625425
625426
625426
625426
625426
625427
625427
625427
625427
625428
625428
625428
625428
625429
625429
625429
625429
625430
625430
625430
625430
625431
625431
625431
625431
625431
625431
625432
625432
625432
625432
625433
625433
625433
625433
625434
625434
625434
625434
625435
625435
625435
625435
625436
625436
625436
625436
625437
625437
625437
625437
625438
625438
625438
625438
625439
625439
625439
625439
625440
625440
625440
625440
625441
625441
625441
625441
625442
625442
625442
625442
625443
625443
625443
625443
625444
625444
625444
625444
625445
625445
625445
625445
625446
625446
625446
625446
625447
625447
625447
625447
625448
625448
625448
625448
625448
625448
625449
625449
625449
625449
625450
625450
625450
625450
625451
625451
625451
625451
625452
625452
625452
625452
625453
625453
625453
625453
625454
625454
625454
625454
625455
625455
625455
625455
625456
625456
625456
625456
625457
625457
625457
625457
625457
625457
625458
625458
625458
625458
625458
625458
625459
625459
625459
625459
625459
625459
625460
625460
625460
625460
625460
625460
625461
625461
625461
625461
625461
625461
625462
625462
625462
625462
625462
625462
625463
625463
625463
625463
625463
625463
625464
625464
625464
625464
625464
625464
625465
625465
625465
625465
625465
625465
625465
625465
625465
625466
625466
625466
625466
625466
625466
625467
625467
625467
625467
625467
625467
625468
625468
625468
625468
625468
625468
625469
625469
625469
625469
625469
625469
625470
625470
625470
625470
625470
625470
625471
625471
625471
625471
625471
625471
625472
625472
625472
625472
625472
625472
625473
625473
625473
625473
625473
625473
625474
625474
625474
625474
625475
625475
625475
625475
625476
625476
625476
625476
625477
625477
625477
625477
625478
625478
625478
625478
625479
625479
625479
625479
625480
625480
625480
625480
625481
625481
625481
625481
625482
625482
625482
625482
625482
625482
625483
625483
625483
625483
625484
625484
625484
625484
625485
625485
625485
625485
625486
625486
625486
625486
625487
625487
625487
625487
625488
625488
625488
625488
625489
625489
625489
625489
625490
625490
625490
625490
625491
625491
625491
625491
625492
625492
625492
625492
625493
625493
625493
625493
625494
625494
625494
625494
625495
625495
625495
625495
625496
625496
625496
625496
625497
625497
625497
625497
625498
625498
625498
625498
625499
625499
625499
625499
625499
625499
625500
625500
625500
625500
625501
625501
625501
625501
625502
625502
625502
625502
625503
625503
625503
625503
625504
625504
625504
625504
625505
625505
625505
625505
625506
625506
625506
625506
625507
625507
625507
625507
625508
625508
625508
625508
625509
625509
625509
625509
625510
625510
625510
625510
625511
625511
625511
625511
625512
625512
625512
625512
625513
625513
625513
625513
625514
625514
625514
625514
625515
625515
625515
625515
625516
625516
625516
625516
625516
625516
625517
625517
625517
625517
625518
625518
625518
625518
625519
625519
625519
625519
625520
625520
625520
625520
625521
625521
625521
625521
625522
625522
625522
625522
625523
625523
625523
625523
625524
625524
625524
625524
625525
625525
625525
625525
625525
625525
625526
625526
625526
625526
625526
625526
625527
625527
625527
625527
625527
625527
625528
625528
625528
625528
625528
625528
625529
625529
625529
625529
625529
625529
625530
625530
625530
625530
625530
625530
625531
625531
625531
625531
625531
625531
625532
625532
625532
625532
625532
625532
625533
625533
625533
625533
625533
625533
625533
625533
625533
625534
625534
625534
625534
625534
625534
625535
625535
625535
625535
625535
625535
625536
625536
625536
625536
625536
625536
625537
625537
625537
625537
625537
625537
625538
625538
625538
625538
625538
625538
625539
625539
625539
625539
625539
625539
625540
625540
625540
625540
625540
625540
625541
625541
625541
625541
625541
625541
625542
625542
625542
625542
625543
625543
625543
625543
625544
625544
625544
625544
625545
625545
625545
625545
625546
625546
625546
625546
625547
625547
625547
625547
625548
625548
625548
625548
625549
625549
625549
625549
625550
625550
625550
625550
625550
625550
625551
625551
625551
625551
625552
625552
625552
625552
625553
625553
625553
625553
625554
625554
625554
625554
625555
625555
625555
625555
625556
625556
625556
625556
625557
625557
625557
625557
625558
625558
625558
625558
625559
625559
625559
625559
625560
625560
625560
625560
625561
625561
625561
625561
625562
625562
625562
625562
625563
625563
625563
625563
625564
625564
625564
625564
625565
625565
625565
625565
625566
625566
625566
625566
625567
625567
625567
625567
625567
625567
625568
625568
625568
625568
625569
625569
625569
625569
625570
625570
625570
625570
625571
625571
625571
625571
625572
625572
625572
625572
625573
625573
625573
625573
625574
625574
625574
625574
625575
625575
625575
625575
625576
625576
625576
625576
625577
625577
625577
625577
625578
625578
625578
625578
625579
625579
625579
625579
625580
625580
625580
625580
625581
625581
625581
625581
625582
625582
625582
625582
625583
625583
625583
625583
625584
625584
625584
625584
625584
625584
625585
625585
625585
625585
625586
625586
625586
625586
625587
625587
625587
625587
625588
625588
625588
625588
625589
625589
625589
625589
625590
625590
625590
625590
625591
625591
625591
625591
625592
625592
625592
625592
625593
625593
625593
625593
625594
625594
625594
625594
625595
625595
625595
625595
625596
625596
625596
625596
625597
625597
625597
625597
625598
625598
625598
625598
625599
625599
625599
625599
625600
625600
625600
625600
625601
625601
625601
625601
625601
625601
625602
625602
625602
625602
625603
625603
625603
625603
625604
625604
625604
625604
625605
625605
625605
625605
625606
625606
625606
625606
625607
625607
625607
625607
625608
625608
625608
625608
625609
625609
625609
625609
625610
625610
625610
625610
625610
625610
625611
625611
625611
625611
625611
625611
625612
625612
625612
625612
625612
625612
625613
625613
625613
625613
625613
625613
625614
625614
625614
625614
625614
625614
625615
625615
625615
625615
625615
625615
625616
625616
625616
625616
625616
625616
625617
625617
625617
625617
625617
625617
625618
625618
625618
625618
625618
625618
625618
625618
625618
625619
625619
625619
625619
625619
625619
625620
625620
625620
625620
625620
625620
625621
625621
625621
625621
625621
625621
625622
625622
625622
625622
625622
625622
625623
625623
625623
625623
625623
625623
625624
625624
625624
625624
625624
625624
625625
625625
625625
625625
625625
625625
625626
625626
625626
625626
625626
625626
625627
625627
625627
625627
625628
625628
625628
625628
625629
625629
625629
625629
625630
625630
625630
625630
625631
625631
625631
625631
625632
625632
625632
625632
625633
625633
625633
625633
625634
625634
625634
625634
625635
625635
625635
625635
625635
625635
625636
625636
625636
625636
625637
625637
625637
625637
625638
625638
625638
625638
625639
625639
625639
625639
625640
625640
625640
625640
625641
625641
625641
625641
625642
625642
625642
625642
625643
625643
625643
625643
625644
625644
625644
625644
625645
625645
625645
625645
625646
625646
625646
625646
625647
625647
625647
625647
625648
625648
625648
625648
625649
625649
625649
625649
625650
625650
625650
625650
625651
625651
625651
625651
625652
625652
625652
625652
625652
625652
625653
625653
625653
625653
625654
625654
625654
625654
625655
625655
625655
625655
625656
625656
625656
625656
625657
625657
625657
625657
625658
625658
625658
625658
625659
625659
625659
625659
625660
625660
625660
625660
625661
625661
625661
625661
625662
625662
625662
625662
625663
625663
625663
625663
625664
625664
625664
625664
625665
625665
625665
625665
625666
625666
625666
625666
625667
625667
625667
625667
625668
625668
625668
625668
625669
625669
625669
625669
625669
625669
625670
625670
625670
625670
625671
625671
625671
625671
625672
625672
625672
625672
625673
625673
625673
625673
625674
625674
625674
625674
625675
625675
625675
625675
625676
625676
625676
625676
625677
625677
625677
625677
625678
625678
625678
625678
625678
625678
625679
625679
625679
625679
625679
625679
625680
625680
625680
625680
625680
625680
625681
625681
625681
625681
625681
625681
625682
625682
625682
625682
625682
625682
625683
625683
625683
625683
625683
625683
625684
625684
625684
625684
625684
625684
625685
625685
625685
625685
625685
625685
625686
625686
625686
625686
625686
625686
625686
625686
625686
625687
625687
625687
625687
625687
625687
625688
625688
625688
625688
625688
625688
625689
625689
625689
625689
625689
625689
625690
625690
625690
625690
625690
625690
625691
625691
625691
625691
625691
625691
625692
625692
625692
625692
625692
625692
625693
625693
625693
625693
625693
625693
625694
625694
625694
625694
625694
625694
625695
625695
625695
625695
625696
625696
625696
625696
625697
625697
625697
625697
625698
625698
625698
625698
625699
625699
625699
625699
625700
625700
625700
625700
625701
625701
625701
625701
625702
625702
625702
625702
625703
625703
625703
625703
625703
625703
625704
625704
625704
625704
625705
625705
625705
625705
625706
625706
625706
625706
625707
625707
625707
625707
625708
625708
625708
625708
625709
625709
625709
625709
625710
625710
625710
625710
625711
625711
625711
625711
625712
625712
625712
625712
625713
625713
625713
625713
625714
625714
625714
625714
625715
625715
625715
625715
625716
625716
625716
625716
625717
625717
625717
625717
625718
625718
625718
625718
625719
625719
625719
625719
625720
625720
625720
625720
625720
625720
625721
625721
625721
625721
625722
625722
625722
625722
625723
625723
625723
625723
625724
625724
625724
625724
625725
625725
625725
625725
625726
625726
625726
625726
625727
625727
625727
625727
625728
625728
625728
625728
625729
625729
625729
625729
625730
625730
625730
625730
625731
625731
625731
625731
625732
625732
625732
625732
625733
625733
625733
625733
625734
625734
625734
625734
625735
625735
625735
625735
625736
625736
625736
625736
625737
625737
625737
625737
625737
625737
625738
625738
625738
625738
625739
625739
625739
625739
625740
625740
625740
625740
625741
625741
625741
625741
625742
625742
625742
625742
625743
625743
625743
625743
625744
625744
625744
625744
625745
625745
625745
625745
625746
625746
625746
625746
625746
625746
625747
625747
625747
625747
625747
625747
625748
625748
625748
625748
625748
625748
625749
625749
625749
625749
625749
625749
625750
625750
625750
625750
625750
625750
625751
625751
625751
625751
625751
625751
625752
625752
625752
625752
625752
625752
625753
625753
625753
625753
625753
625753
625754
625754
625754
625754
625754
625754
625754
625754
625754
625755
625755
625755
625755
625755
625755
625756
625756
625756
625756
625756
625756
625757
625757
625757
625757
625757
625757
625758
625758
625758
625758
625758
625758
625759
625759
625759
625759
625759
625759
625760
625760
625760
625760
625760
625760
625761
625761
625761
625761
625761
625761
625762
625762
625762
625762
625762
625762
625763
625763
625763
625763
625764
625764
625764
625764
625765
625765
625765
625765
625766
625766
625766
625766
625767
625767
625767
625767
625768
625768
625768
625768
625769
625769
625769
625769
625770
625770
625770
625770
625771
625771
625771
625771
625771
625771
625772
625772
625772
625772
625773
625773
625773
625773
625774
625774
625774
625774
625775
625775
625775
625775
625776
625776
625776
625776
625777
625777
625777
625777
625778
625778
625778
625778
625779
625779
625779
625779
625780
625780
625780
625780
625781
625781
625781
625781
625782
625782
625782
625782
625783
625783
625783
625783
625784
625784
625784
625784
625785
625785
625785
625785
625786
625786
625786
625786
625787
625787
625787
625787
625788
625788
625788
625788
625788
625788
625789
625789
625789
625789
625790
625790
625790
625790
625791
625791
625791
625791
625792
625792
625792
625792
625793
625793
625793
625793
625794
625794
625794
625794
625795
625795
625795
625795
625796
625796
625796
625796
625797
625797
625797
625797
625798
625798
625798
625798
625799
625799
625799
625799
625800
625800
625800
625800
625801
625801
625801
625801
625802
625802
625802
625802
625803
625803
625803
625803
625804
625804
625804
625804
625805
625805
625805
625805
625805
625805
625806
625806
625806
625806
625807
625807
625807
625807
625808
625808
625808
625808
625809
625809
625809
625809
625810
625810
625810
625810
625811
625811
625811
625811
625812
625812
625812
625812
625813
625813
625813
625813
625814
625814
625814
625814
625814
625814
625815
625815
625815
625815
625815
625815
625816
625816
625816
625816
625816
625816
625817
625817
625817
625817
625817
625817
625818
625818
625818
625818
625818
625818
625819
625819
625819
625819
625819
625819
625820
625820
625820
625820
625820
625820
625821
625821
625821
625821
625821
625821
625822
625822
625822
625822
625822
625822
625822
625822
625822
625823
625823
625823
625823
625823
625823
625824
625824
625824
625824
625824
625824
625825
625825
625825
625825
625825
625825
625826
625826
625826
625826
625826
625826
625827
625827
625827
625827
625827
625827
625828
625828
625828
625828
625828
625828
625829
625829
625829
625829
625829
625829
625830
625830
625830
625830
625830
625830
625831
625831
625831
625831
625832
625832
625832
625832
625833
625833
625833
625833
625834
625834
625834
625834
625835
625835
625835
625835
625836
625836
625836
625836
625837
625837
625837
625837
625838
625838
625838
625838
625839
625839
625839
625839
625839
625839
625840
625840
625840
625840
625841
625841
625841
625841
625842
625842
625842
625842
625843
625843
625843
625843
625844
625844
625844
625844
625845
625845
625845
625845
625846
625846
625846
625846
625847
625847
625847
625847
625848
625848
625848
625848
625849
625849
625849
625849
625850
625850
625850
625850
625851
625851
625851
625851
625852
625852
625852
625852
625853
625853
625853
625853
625854
625854
625854
625854
625855
625855
625855
625855
625856
625856
625856
625856
625856
625856
625857
625857
625857
625857
625858
625858
625858
625858
625859
625859
625859
625859
625860
625860
625860
625860
625861
625861
625861
625861
625862
625862
625862
625862
625863
625863
625863
625863
625864
625864
625864
625864
625865
625865
625865
625865
625866
625866
625866
625866
625867
625867
625867
625867
625868
625868
625868
625868
625869
625869
625869
625869
625870
625870
625870
625870
625871
625871
625871
625871
625872
625872
625872
625872
625873
625873
625873
625873
625873
625873
625874
625874
625874
625874
625875
625875
625875
625875
625876
625876
625876
625876
625877
625877
625877
625877
625878
625878
625878
625878
625879
625879
625879
625879
625880
625880
625880
625880
625881
625881
625881
625881
625882
625882
625882
625882
625883
625883
625883
625883
625884
625884
625884
625884
625885
625885
625885
625885
625886
625886
625886
625886
625887
625887
625887
625887
625888
625888
625888
625888
625889
625889
625889
625889
625890
625890
625890
625890
625890
625890
625891
625891
625891
625891
625892
625892
625892
625892
625893
625893
625893
625893
625894
625894
625894
625894
625895
625895
625895
625895
625896
625896
625896
625896
625897
625897
625897
625897
625898
625898
625898
625898
625899
625899
625899
625899
625899
625899
625900
625900
625900
625900
625900
625900
625901
625901
625901
625901
625901
625901
625902
625902
625902
625902
625902
625902
625903
625903
625903
625903
625903
625903
625904
625904
625904
625904
625904
625904
625905
625905
625905
625905
625905
625905
625906
625906
625906
625906
625906
625906
625907
625907
625907
625907
625907
625907
625907
625907
625907
625908
625908
625908
625908
625908
625908
625909
625909
625909
625909
625909
625909
625910
625910
625910
625910
625910
625910
625911
625911
625911
625911
625911
625911
625912
625912
625912
625912
625912
625912
625913
625913
625913
625913
625913
625913
625914
625914
625914
625914
625914
625914
625915
625915
625915
625915
625915
625915
625916
625916
625916
625916
625917
625917
625917
625917
625918
625918
625918
625918
625919
625919
625919
625919
625920
625920
625920
625920
625921
625921
625921
625921
625922
625922
625922
625922
625923
625923
625923
625923
625924
625924
625924
625924
625924
625924
625925
625925
625925
625925
625926
625926
625926
625926
625927
625927
625927
625927
625928
625928
625928
625928
625929
625929
625929
625929
625930
625930
625930
625930
625931
625931
625931
625931
625932
625932
625932
625932
625933
625933
625933
625933
625934
625934
625934
625934
625935
625935
625935
625935
625936
625936
625936
625936
625937
625937
625937
625937
625938
625938
625938
625938
625939
625939
625939
625939
625940
625940
625940
625940
625941
625941
625941
625941
625941
625941
625942
625942
625942
625942
625943
625943
625943
625943
625944
625944
625944
625944
625945
625945
625945
625945
625946
625946
625946
625946
625947
625947
625947
625947
625948
625948
625948
625948
625949
625949
625949
625949
625950
625950
625950
625950
625951
625951
625951
625951
625952
625952
625952
625952
625953
625953
625953
625953
625954
625954
625954
625954
625955
625955
625955
625955
625956
625956
625956
625956
625957
625957
625957
625957
625958
625958
625958
625958
625958
625958
625959
625959
625959
625959
625960
625960
625960
625960
625961
625961
625961
625961
625962
625962
625962
625962
625963
625963
625963
625963
625964
625964
625964
625964
625965
625965
625965
625965
625966
625966
625966
625966
625967
625967
625967
625967
625967
625967
625968
625968
625968
625968
625968
625968
625969
625969
625969
625969
625969
625969
625970
625970
625970
625970
625970
625970
625971
625971
625971
625971
625971
625971
625972
625972
625972
625972
625972
625972
625973
625973
625973
625973
625973
625973
625974
625974
625974
625974
625974
625974
625975
625975
625975
625975
625975
625975
625975
625975
625975
625976
625976
625976
625976
625976
625976
625977
625977
625977
625977
625977
625977
625978
625978
625978
625978
625978
625978
625979
625979
625979
625979
625979
625979
625980
625980
625980
625980
625980
625980
625981
625981
625981
625981
625981
625981
625982
625982
625982
625982
625982
625982
625983
625983
625983
625983
625983
625983
625984
625984
625984
625984
625985
625985
625985
625985
625986
625986
625986
625986
625987
625987
625987
625987
625988
625988
625988
625988
625989
625989
625989
625989
625990
625990
625990
625990
625991
625991
625991
625991
625992
625992
625992
625992
625992
625992
625993
625993
625993
625993
625994
625994
625994
625994
625995
625995
625995
625995
625996
625996
625996
625996
625997
625997
625997
625997
625998
625998
625998
625998
625999
625999
625999
625999
626000
626000
626000
626000
626001
626001
626001
626001
626002
626002
626002
626002
626003
626003
626003
626003
626004
626004
626004
626004
626005
626005
626005
626005
626006
626006
626006
626006
626007
626007
626007
626007
626008
626008
626008
626008
626009
626009
626009
626009
626009
626009
626010
626010
626010
626010
626011
626011
626011
626011
626012
626012
626012
626012
626013
626013
626013
626013
626014
626014
626014
626014
626015
626015
626015
626015
626016
626016
626016
626016
626017
626017
626017
626017
626018
626018
626018
626018
626019
626019
626019
626019
626020
626020
626020
626020
626021
626021
626021
626021
626022
626022
626022
626022
626023
626023
626023
626023
626024
626024
626024
626024
626025
626025
626025
626025
626026
626026
626026
626026
626026
626026
626027
626027
626027
626027
626028
626028
626028
626028
626029
626029
626029
626029
626030
626030
626030
626030
626031
626031
626031
626031
626032
626032
626032
626032
626033
626033
626033
626033
626034
626034
626034
626034
626035
626035
626035
626035
626035
626035
626036
626036
626036
626036
626036
626036
626037
626037
626037
626037
626037
626037
626038
626038
626038
626038
626038
626038
626039
626039
626039
626039
626039
626039
626040
626040
626040
626040
626040
626040
626041
626041
626041
626041
626041
626041
626042
626042
626042
626042
626042
626042
626043
626043
626043
626043
626043
626043
626043
626043
626043
626044
626044
626044
626044
626044
626044
626045
626045
626045
626045
626045
626045
626046
626046
626046
626046
626046
626046
626047
626047
626047
626047
626047
626047
626048
626048
626048
626048
626048
626048
626049
626049
626049
626049
626049
626049
626050
626050
626050
626050
626050
626050
626051
626051
626051
626051
626051
626051
626052
626052
626052
626052
626053
626053
626053
626053
626054
626054
626054
626054
626055
626055
626055
626055
626056
626056
626056
626056
626057
626057
626057
626057
626058
626058
626058
626058
626059
626059
626059
626059
626060
626060
626060
626060
626060
626060
626061
626061
626061
626061
626062
626062
626062
626062
626063
626063
626063
626063
626064
626064
626064
626064
626065
626065
626065
626065
626066
626066
626066
626066
626067
626067
626067
626067
626068
626068
626068
626068
626069
626069
626069
626069
626070
626070
626070
626070
626071
626071
626071
626071
626072
626072
626072
626072
626073
626073
626073
626073
626074
626074
626074
626074
626075
626075
626075
626075
626076
626076
626076
626076
626077
626077
626077
626077
626077
626077
626078
626078
626078
626078
626079
626079
626079
626079
626080
626080
626080
626080
626081
626081
626081
626081
626082
626082
626082
626082
626083
626083
626083
626083
626084
626084
626084
626084
626085
626085
626085
626085
626086
626086
626086
626086
626087
626087
626087
626087
626088
626088
626088
626088
626089
626089
626089
626089
626090
626090
626090
626090
626091
626091
626091
626091
626092
626092
626092
626092
626093
626093
626093
626093
626094
626094
626094
626094
626094
626094
626095
626095
626095
626095
626096
626096
626096
626096
626097
626097
626097
626097
626098
626098
626098
626098
626099
626099
626099
626099
626100
626100
626100
626100
626101
626101
626101
626101
626102
626102
626102
626102
626103
626103
626103
626103
626103
626103
626104
626104
626104
626104
626104
626104
626105
626105
626105
626105
626105
626105
626106
626106
626106
626106
626106
626106
626107
626107
626107
626107
626107
626107
626108
626108
626108
626108
626108
626108
626109
626109
626109
626109
626109
626109
626110
626110
626110
626110
626110
626110
626111
626111
626111
626111
626111
626111
626111
626111
626111
626112
626112
626112
626112
626112
626112
626113
626113
626113
626113
626113
626113
626114
626114
626114
626114
626114
626114
626115
626115
626115
626115
626115
626115
626116
626116
626116
626116
626116
626116
626117
626117
626117
626117
626117
626117
626118
626118
626118
626118
626118
626118
626119
626119
626119
626119
626119
626119
626120
626120
626120
626120
626121
626121
626121
626121
626122
626122
626122
626122
626123
626123
626123
626123
626124
626124
626124
626124
626125
626125
626125
626125
626126
626126
626126
626126
626127
626127
626127
626127
626128
626128
626128
626128
626128
626128
626129
626129
626129
626129
626130
626130
626130
626130
626131
626131
626131
626131
626132
626132
626132
626132
626133
626133
626133
626133
626134
626134
626134
626134
626135
626135
626135
626135
626136
626136
626136
626136
626137
626137
626137
626137
626138
626138
626138
626138
626139
626139
626139
626139
626140
626140
626140
626140
626141
626141
626141
626141
626142
626142
626142
626142
626143
626143
626143
626143
626144
626144
626144
626144
626145
626145
626145
626145
626145
626145
626146
626146
626146
626146
626147
626147
626147
626147
626148
626148
626148
626148
626149
626149
626149
626149
626150
626150
626150
626150
626151
626151
626151
626151
626152
626152
626152
626152
626153
626153
626153
626153
626154
626154
626154
626154
626155
626155
626155
626155
626156
626156
626156
626156
626157
626157
626157
626157
626158
626158
626158
626158
626159
626159
626159
626159
626160
626160
626160
626160
626161
626161
626161
626161
626162
626162
626162
626162
626162
626162
626163
626163
626163
626163
626164
626164
626164
626164
626165
626165
626165
626165
626166
626166
626166
626166
626167
626167
626167
626167
626168
626168
626168
626168
626169
626169
626169
626169
626170
626170
626170
626170
626171
626171
626171
626171
626172
626172
626172
626172
626173
626173
626173
626173
626174
626174
626174
626174
626175
626175
626175
626175
626176
626176
626176
626176
626177
626177
626177
626177
626178
626178
626178
626178
626179
626179
626179
626179
626179
626179
626180
626180
626180
626180
626181
626181
626181
626181
626182
626182
626182
626182
626183
626183
626183
626183
626184
626184
626184
626184
626185
626185
626185
626185
626186
626186
626186
626186
626187
626187
626187
626187
626188
626188
626188
626188
626188
626188
626189
626189
626189
626189
626189
626189
626190
626190
626190
626190
626190
626190
626191
626191
626191
626191
626191
626191
626192
626192
626192
626192
626192
626192
626193
626193
626193
626193
626193
626193
626194
626194
626194
626194
626194
626194
626195
626195
626195
626195
626195
626195
626196
626196
626196
626196
626196
626196
626196
626196
626196
626197
626197
626197
626197
626197
626197
626198
626198
626198
626198
626198
626198
626199
626199
626199
626199
626199
626199
626200
626200
626200
626200
626200
626200
626201
626201
626201
626201
626201
626201
626202
626202
626202
626202
626202
626202
626203
626203
626203
626203
626203
626203
626204
626204
626204
626204
626204
626204
626205
626205
626205
626205
626206
626206
626206
626206
626207
626207
626207
626207
626208
626208
626208
626208
626209
626209
626209
626209
626210
626210
626210
626210
626211
626211
626211
626211
626212
626212
626212
626212
626213
626213
626213
626213
626213
626213
626214
626214
626214
626214
626215
626215
626215
626215
626216
626216
626216
626216
626217
626217
626217
626217
626218
626218
626218
626218
626219
626219
626219
626219
626220
626220
626220
626220
626221
626221
626221
626221
626222
626222
626222
626222
626223
626223
626223
626223
626224
626224
626224
626224
626225
626225
626225
626225
626226
626226
626226
626226
626227
626227
626227
626227
626228
626228
626228
626228
626229
626229
626229
626229
626230
626230
626230
626230
626230
626230
626231
626231
626231
626231
626232
626232
626232
626232
626233
626233
626233
626233
626234
626234
626234
626234
626235
626235
626235
626235
626236
626236
626236
626236
626237
626237
626237
626237
626238
626238
626238
626238
626239
626239
626239
626239
626240
626240
626240
626240
626241
626241
626241
626241
626242
626242
626242
626242
626243
626243
626243
626243
626244
626244
626244
626244
626245
626245
626245
626245
626246
626246
626246
626246
626247
626247
626247
626247
626247
626247
626248
626248
626248
626248
626249
626249
626249
626249
626250
626250
626250
626250
626251
626251
626251
626251
626252
626252
626252
626252
626253
626253
626253
626253
626254
626254
626254
626254
626255
626255
626255
626255
626256
626256
626256
626256
626256
626256
626257
626257
626257
626257
626257
626257
626258
626258
626258
626258
626258
626258
626259
626259
626259
626259
626259
626259
626260
626260
626260
626260
626260
626260
626261
626261
626261
626261
626261
626261
626262
626262
626262
626262
626262
626262
626263
626263
626263
626263
626263
626263
626264
626264
626264
626264
626264
626264
626264
626264
626264
626265
626265
626265
626265
626265
626265
626266
626266
626266
626266
626266
626266
626267
626267
626267
626267
626267
626267
626268
626268
626268
626268
626268
626268
626269
626269
626269
626269
626269
626269
626270
626270
626270
626270
626270
626270
626271
626271
626271
626271
626271
626271
626272
626272
626272
626272
626272
626272
626273
626273
626273
626273
626274
626274
626274
626274
626275
626275
626275
626275
626276
626276
626276
626276
626277
626277
626277
626277
626278
626278
626278
626278
626279
626279
626279
626279
626280
626280
626280
626280
626281
626281
626281
626281
626281
626281
626282
626282
626282
626282
626283
626283
626283
626283
626284
626284
626284
626284
626285
626285
626285
626285
626286
626286
626286
626286
626287
626287
626287
626287
626288
626288
626288
626288
626289
626289
626289
626289
626290
626290
626290
626290
626291
626291
626291
626291
626292
626292
626292
626292
626293
626293
626293
626293
626294
626294
626294
626294
626295
626295
626295
626295
626296
626296
626296
626296
626297
626297
626297
626297
626298
626298
626298
626298
626298
626298
626299
626299
626299
626299
626300
626300
626300
626300
626301
626301
626301
626301
626302
626302
626302
626302
626303
626303
626303
626303
626304
626304
626304
626304
626305
626305
626305
626305
626306
626306
626306
626306
626307
626307
626307
626307
626308
626308
626308
626308
626309
626309
626309
626309
626310
626310
626310
626310
626311
626311
626311
626311
626312
626312
626312
626312
626313
626313
626313
626313
626314
626314
626314
626314
626315
626315
626315
626315
626315
626315
626316
626316
626316
626316
626317
626317
626317
626317
626318
626318
626318
626318
626319
626319
626319
626319
626320
626320
626320
626320
626321
626321
626321
626321
626322
626322
626322
626322
626323
626323
626323
626323
626324
626324
626324
626324
626324
626324
626325
626325
626325
626325
626325
626325
626326
626326
626326
626326
626326
626326
626327
626327
626327
626327
626327
626327
626328
626328
626328
626328
626328
626328
626329
626329
626329
626329
626329
626329
626330
626330
626330
626330
626330
626330
626331
626331
626331
626331
626331
626331
626332
626332
626332
626332
626332
626332
626332
626332
626332
626333
626333
626333
626333
626333
626333
626334
626334
626334
626334
626334
626334
626335
626335
626335
626335
626335
626335
626336
626336
626336
626336
626336
626336
626337
626337
626337
626337
626337
626337
626338
626338
626338
626338
626338
626338
626339
626339
626339
626339
626339
626339
626340
626340
626340
626340
626340
626340
626341
626341
626341
626341
626342
626342
626342
626342
626343
626343
626343
626343
626344
626344
626344
626344
626345
626345
626345
626345
626346
626346
626346
626346
626347
626347
626347
626347
626348
626348
626348
626348
626349
626349
626349
626349
626349
626349
626350
626350
626350
626350
626351
626351
626351
626351
626352
626352
626352
626352
626353
626353
626353
626353
626354
626354
626354
626354
626355
626355
626355
626355
626356
626356
626356
626356
626357
626357
626357
626357
626358
626358
626358
626358
626359
626359
626359
626359
626360
626360
626360
626360
626361
626361
626361
626361
626362
626362
626362
626362
626363
626363
626363
626363
626364
626364
626364
626364
626365
626365
626365
626365
626366
626366
626366
626366
626366
626366
626367
626367
626367
626367
626368
626368
626368
626368
626369
626369
626369
626369
626370
626370
626370
626370
626371
626371
626371
626371
626372
626372
626372
626372
626373
626373
626373
626373
626374
626374
626374
626374
626375
626375
626375
626375
626376
626376
626376
626376
626377
626377
626377
626377
626378
626378
626378
626378
626379
626379
626379
626379
626380
626380
626380
626380
626381
626381
626381
626381
626382
626382
626382
626382
626383
626383
626383
626383
626383
626383
626384
626384
626384
626384
626385
626385
626385
626385
626386
626386
626386
626386
626387
626387
626387
626387
626388
626388
626388
626388
626389
626389
626389
626389
626390
626390
626390
626390
626391
626391
626391
626391
626392
626392
626392
626392
626393
626393
626393
626393
626394
626394
626394
626394
626395
626395
626395
626395
626396
626396
626396
626396
626397
626397
626397
626397
626398
626398
626398
626398
626399
626399
626399
626399
626399
626400
626400
626400
626400
626400
626400
626400
626400
626400
626401
626401
626401
626401
626401
626401
626402
626402
626402
626402
626402
626402
626403
626403
626403
626403
626403
626403
626404
626404
626404
626404
626404
626404
626405
626405
626405
626405
626405
626405
626406
626406
626406
626406
626406
626406
626407
626407
626407
626407
626407
626407
626408
626408
626408
626408
626408
626408
626409
626409
626409
626409
626410
626410
626410
626410
626411
626411
626411
626411
626412
626412
626412
626412
626413
626413
626413
626413
626414
626414
626414
626414
626415
626415
626415
626415
626416
626416
626416
626416
626416
626417
626417
626417
626417
626417
626417
626417
626417
626417
626418
626418
626418
626418
626418
626418
626419
626419
626419
626419
626419
626419
626420
626420
626420
626420
626420
626420
626421
626421
626421
626421
626421
626421
626422
626422
626422
626422
626422
626422
626423
626423
626423
626423
626423
626423
626424
626424
626424
626424
626424
626424
626425
626425
626425
626425
626425
626425
626426
626426
626426
626426
626427
626427
626427
626427
626428
626428
626428
626428
626429
626429
626429
626429
626430
626430
626430
626430
626431
626431
626431
626431
626432
626432
626432
626432
626433
626433
626433
626433
626434
626434
626434
626434
626434
626434
626435
626435
626435
626435
626436
626436
626436
626436
626437
626437
626437
626437
626438
626438
626438
626438
626439
626439
626439
626439
626440
626440
626440
626440
626441
626441
626441
626441
626442
626442
626442
626442
626443
626443
626443
626443
626444
626444
626444
626444
626445
626445
626445
626445
626446
626446
626446
626446
626447
626447
626447
626447
626448
626448
626448
626448
626449
626449
626449
626449
626450
626450
626450
626450
626451
626451
626451
626451
626451
626451
626452
626452
626452
626452
626453
626453
626453
626453
626454
626454
626454
626454
626455
626455
626455
626455
626456
626456
626456
626456
626457
626457
626457
626457
626458
626458
626458
626458
626459
626459
626459
626459
626460
626460
626460
626460
626461
626461
626461
626461
626462
626462
626462
626462
626463
626463
626463
626463
626464
626464
626464
626464
626465
626465
626465
626465
626466
626466
626466
626466
626467
626467
626467
626467
626468
626468
626468
626468
626468
626468
626469
626469
626469
626469
626470
626470
626470
626470
626471
626471
626471
626471
626472
626472
626472
626472
626473
626473
626473
626473
626474
626474
626474
626474
626475
626475
626475
626475
626476
626476
626476
626476
626477
626477
626477
626477
626477
626477
626478
626478
626478
626478
626478
626478
626479
626479
626479
626479
626479
626479
626480
626480
626480
626480
626480
626480
626481
626481
626481
626481
626481
626481
626482
626482
626482
626482
626482
626482
626483
626483
626483
626483
626483
626483
626484
626484
626484
626484
626484
626484
626485
626485
626485
626485
626485
626485
626485
626485
626485
626486
626486
626486
626486
626486
626486
626487
626487
626487
626487
626487
626487
626488
626488
626488
626488
626488
626488
626489
626489
626489
626489
626489
626489
626490
626490
626490
626490
626490
626490
626491
626491
626491
626491
626491
626491
626492
626492
626492
626492
626492
626492
626493
626493
626493
626493
626493
626493
626494
626494
626494
626494
626495
626495
626495
626495
626496
626496
626496
626496
626497
626497
626497
626497
626498
626498
626498
626498
626499
626499
626499
626499
626500
626500
626500
626500
626501
626501
626501
626501
626502
626502
626502
626502
626502
626502
626503
626503
626503
626503
626504
626504
626504
626504
626505
626505
626505
626505
626506
626506
626506
626506
626507
626507
626507
626507
626508
626508
626508
626508
626509
626509
626509
626509
626510
626510
626510
626510
626511
626511
626511
626511
626512
626512
626512
626512
626513
626513
626513
626513
626514
626514
626514
626514
626515
626515
626515
626515
626516
626516
626516
626516
626517
626517
626517
626517
626518
626518
626518
626518
626519
626519
626519
626519
626519
626519
626520
626520
626520
626520
626521
626521
626521
626521
626522
626522
626522
626522
626523
626523
626523
626523
626524
626524
626524
626524
626525
626525
626525
626525
626526
626526
626526
626526
626527
626527
626527
626527
626528
626528
626528
626528
626529
626529
626529
626529
626530
626530
626530
626530
626531
626531
626531
626531
626532
626532
626532
626532
626533
626533
626533
626533
626534
626534
626534
626534
626535
626535
626535
626535
626536
626536
626536
626536
626536
626536
626537
626537
626537
626537
626538
626538
626538
626538
626539
626539
626539
626539
626540
626540
626540
626540
626541
626541
626541
626541
626542
626542
626542
626542
626543
626543
626543
626543
626544
626544
626544
626544
626545
626545
626545
626545
626545
626545
626546
626546
626546
626546
626546
626546
626547
626547
626547
626547
626547
626547
626548
626548
626548
626548
626548
626548
626549
626549
626549
626549
626549
626549
626550
626550
626550
626550
626550
626550
626551
626551
626551
626551
626551
626551
626552
626552
626552
626552
626552
626552
626553
626553
626553
626553
626553
626553
626553
626553
626553
626554
626554
626554
626554
626554
626554
626555
626555
626555
626555
626555
626555
626556
626556
626556
626556
626556
626556
626557
626557
626557
626557
626557
626557
626558
626558
626558
626558
626558
626558
626559
626559
626559
626559
626559
626559
626560
626560
626560
626560
626560
626560
626561
626561
626561
626561
626561
626561
626562
626562
626562
626562
626563
626563
626563
626563
626564
626564
626564
626564
626565
626565
626565
626565
626566
626566
626566
626566
626567
626567
626567
626567
626568
626568
626568
626568
626569
626569
626569
626569
626570
626570
626570
626570
626570
626570
626571
626571
626571
626571
626572
626572
626572
626572
626573
626573
626573
626573
626574
626574
626574
626574
626575
626575
626575
626575
626576
626576
626576
626576
626577
626577
626577
626577
626578
626578
626578
626578
626579
626579
626579
626579
626580
626580
626580
626580
626581
626581
626581
626581
626582
626582
626582
626582
626583
626583
626583
626583
626584
626584
626584
626584
626585
626585
626585
626585
626586
626586
626586
626586
626587
626587
626587
626587
626587
626587
626588
626588
626588
626588
626589
626589
626589
626589
626590
626590
626590
626590
626591
626591
626591
626591
626592
626592
626592
626592
626593
626593
626593
626593
626594
626594
626594
626594
626595
626595
626595
626595
626596
626596
626596
626596
626597
626597
626597
626597
626598
626598
626598
626598
626599
626599
626599
626599
626600
626600
626600
626600
626601
626601
626601
626601
626602
626602
626602
626602
626603
626603
626603
626603
626604
626604
626604
626604
626604
626604
626605
626605
626605
626605
626606
626606
626606
626606
626607
626607
626607
626607
626608
626608
626608
626608
626609
626609
626609
626609
626610
626610
626610
626610
626611
626611
626611
626611
626612
626612
626612
626612
626613
626613
626613
626613
626613
626613
626614
626614
626614
626614
626614
626614
626615
626615
626615
626615
626615
626615
626616
626616
626616
626616
626616
626616
626617
626617
626617
626617
626617
626617
626618
626618
626618
626618
626618
626618
626619
626619
626619
626619
626619
626619
626620
626620
626620
626620
626620
626620
626621
626621
626621
626621
626621
626621
626621
626621
626621
626622
626622
626622
626622
626622
626622
626623
626623
626623
626623
626623
626623
626624
626624
626624
626624
626624
626624
626625
626625
626625
626625
626625
626625
626626
626626
626626
626626
626626
626626
626627
626627
626627
626627
626627
626627
626628
626628
626628
626628
626628
626628
626629
626629
626629
626629
626629
626629
626630
626630
626630
626630
626631
626631
626631
626631
626632
626632
626632
626632
626633
626633
626633
626633
626634
626634
626634
626634
626635
626635
626635
626635
626636
626636
626636
626636
626637
626637
626637
626637
626638
626638
626638
626638
626638
626638
626639
626639
626639
626639
626640
626640
626640
626640
626641
626641
626641
626641
626642
626642
626642
626642
626643
626643
626643
626643
626644
626644
626644
626644
626645
626645
626645
626645
626646
626646
626646
626646
626647
626647
626647
626647
626648
626648
626648
626648
626649
626649
626649
626649
626650
626650
626650
626650
626651
626651
626651
626651
626652
626652
626652
626652
626653
626653
626653
626653
626654
626654
626654
626654
626655
626655
626655
626655
626655
626655
626656
626656
626656
626656
626657
626657
626657
626657
626658
626658
626658
626658
626659
626659
626659
626659
626660
626660
626660
626660
626661
626661
626661
626661
626662
626662
626662
626662
626663
626663
626663
626663
626664
626664
626664
626664
626665
626665
626665
626665
626666
626666
626666
626666
626667
626667
626667
626667
626668
626668
626668
626668
626669
626669
626669
626669
626670
626670
626670
626670
626671
626671
626671
626671
626672
626672
626672
626672
626672
626672
626673
626673
626673
626673
626674
626674
626674
626674
626675
626675
626675
626675
626676
626676
626676
626676
626677
626677
626677
626677
626678
626678
626678
626678
626679
626679
626679
626679
626680
626680
626680
626680
626681
626681
626681
626681
626682
626682
626682
626682
626683
626683
626683
626683
626684
626684
626684
626684
626685
626685
626685
626685
626686
626686
626686
626686
626687
626687
626687
626687
626688
626688
626688
626688
626689
626689
626689
626689
626689
626689
626690
626690
626690
626690
626691
626691
626691
626691
626692
626692
626692
626692
626693
626693
626693
626693
626694
626694
626694
626694
626695
626695
626695
626695
626696
626696
626696
626696
626697
626697
626697
626697
626698
626698
626698
626698
626698
626698
626699
626699
626699
626699
626699
626699
626700
626700
626700
626700
626700
626700
626701
626701
626701
626701
626701
626701
626702
626702
626702
626702
626702
626702
626703
626703
626703
626703
626703
626703
626704
626704
626704
626704
626704
626704
626705
626705
626705
626705
626705
626705
626706
626706
626706
626706
626706
626706
626706
626706
626706
626707
626707
626707
626707
626707
626707
626708
626708
626708
626708
626708
626708
626709
626709
626709
626709
626709
626709
626710
626710
626710
626710
626710
626710
626711
626711
626711
626711
626711
626711
626712
626712
626712
626712
626712
626712
626713
626713
626713
626713
626713
626713
626714
626714
626714
626714
626714
626714
626715
626715
626715
626715
626716
626716
626716
626716
626717
626717
626717
626717
626718
626718
626718
626718
626719
626719
626719
626719
626720
626720
626720
626720
626721
626721
626721
626721
626722
626722
626722
626722
626723
626723
626723
626723
626723
626723
626724
626724
626724
626724
626725
626725
626725
626725
626726
626726
626726
626726
626727
626727
626727
626727
626728
626728
626728
626728
626729
626729
626729
626729
626730
626730
626730
626730
626731
626731
626731
626731
626732
626732
626732
626732
626733
626733
626733
626733
626734
626734
626734
626734
626735
626735
626735
626735
626736
626736
626736
626736
626737
626737
626737
626737
626738
626738
626738
626738
626739
626739
626739
626739
626740
626740
626740
626740
626740
626740
626741
626741
626741
626741
626742
626742
626742
626742
626743
626743
626743
626743
626744
626744
626744
626744
626745
626745
626745
626745
626746
626746
626746
626746
626747
626747
626747
626747
626748
626748
626748
626748
626749
626749
626749
626749
626750
626750
626750
626750
626751
626751
626751
626751
626752
626752
626752
626752
626753
626753
626753
626753
626754
626754
626754
626754
626755
626755
626755
626755
626756
626756
626756
626756
626757
626757
626757
626757
626757
626757
626758
626758
626758
626758
626759
626759
626759
626759
626760
626760
626760
626760
626761
626761
626761
626761
626762
626762
626762
626762
626763
626763
626763
626763
626764
626764
626764
626764
626765
626765
626765
626765
626766
626766
626766
626766
626766
626766
626767
626767
626767
626767
626767
626767
626768
626768
626768
626768
626768
626768
626769
626769
626769
626769
626769
626769
626770
626770
626770
626770
626770
626770
626771
626771
626771
626771
626771
626771
626772
626772
626772
626772
626772
626772
626773
626773
626773
626773
626773
626773
626774
626774
626774
626774
626774
626774
626774
626774
626774
626775
626775
626775
626775
626775
626775
626776
626776
626776
626776
626776
626776
626777
626777
626777
626777
626777
626777
626778
626778
626778
626778
626778
626778
626779
626779
626779
626779
626779
626779
626780
626780
626780
626780
626780
626780
626781
626781
626781
626781
626781
626781
626782
626782
626782
626782
626782
626782
626783
626783
626783
626783
626784
626784
626784
626784
626785
626785
626785
626785
626786
626786
626786
626786
626787
626787
626787
626787
626788
626788
626788
626788
626789
626789
626789
626789
626790
626790
626790
626790
626791
626791
626791
626791
626791
626791
626792
626792
626792
626792
626793
626793
626793
626793
626794
626794
626794
626794
626795
626795
626795
626795
626796
626796
626796
626796
626797
626797
626797
626797
626798
626798
626798
626798
626799
626799
626799
626799
626800
626800
626800
626800
626801
626801
626801
626801
626802
626802
626802
626802
626803
626803
626803
626803
626804
626804
626804
626804
626805
626805
626805
626805
626806
626806
626806
626806
626807
626807
626807
626807
626808
626808
626808
626808
626808
626808
626809
626809
626809
626809
626810
626810
626810
626810
626811
626811
626811
626811
626812
626812
626812
626812
626813
626813
626813
626813
626814
626814
626814
626814
626815
626815
626815
626815
626816
626816
626816
626816
626817
626817
626817
626817
626818
626818
626818
626818
626819
626819
626819
626819
626820
626820
626820
626820
626821
626821
626821
626821
626822
626822
626822
626822
626823
626823
626823
626823
626824
626824
626824
626824
626825
626825
626825
626825
626825
626825
626826
626826
626826
626826
626827
626827
626827
626827
626828
626828
626828
626828
626829
626829
626829
626829
626830
626830
626830
626830
626831
626831
626831
626831
626832
626832
626832
626832
626833
626833
626833
626833
626834
626834
626834
626834
626834
626834
626835
626835
626835
626835
626835
626835
626836
626836
626836
626836
626836
626836
626837
626837
626837
626837
626837
626837
626838
626838
626838
626838
626838
626838
626839
626839
626839
626839
626839
626839
626840
626840
626840
626840
626840
626840
626841
626841
626841
626841
626841
626841
626842
626842
626842
626842
626842
626842
626842
626842
626842
626843
626843
626843
626843
626843
626843
626844
626844
626844
626844
626844
626844
626845
626845
626845
626845
626845
626845
626846
626846
626846
626846
626846
626846
626847
626847
626847
626847
626847
626847
626848
626848
626848
626848
626848
626848
626849
626849
626849
626849
626849
626849
626850
626850
626850
626850
626850
626850
626851
626851
626851
626851
626852
626852
626852
626852
626853
626853
626853
626853
626854
626854
626854
626854
626855
626855
626855
626855
626856
626856
626856
626856
626857
626857
626857
626857
626858
626858
626858
626858
626859
626859
626859
626859
626859
626859
626860
626860
626860
626860
626861
626861
626861
626861
626862
626862
626862
626862
626863
626863
626863
626863
626864
626864
626864
626864
626865
626865
626865
626865
626866
626866
626866
626866
626867
626867
626867
626867
626868
626868
626868
626868
626869
626869
626869
626869
626870
626870
626870
626870
626871
626871
626871
626871
626872
626872
626872
626872
626873
626873
626873
626873
626874
626874
626874
626874
626875
626875
626875
626875
626876
626876
626876
626876
626876
626876
626877
626877
626877
626877
626878
626878
626878
626878
626879
626879
626879
626879
626880
626880
626880
626880
626881
626881
626881
626881
626882
626882
626882
626882
626883
626883
626883
626883
626884
626884
626884
626884
626885
626885
626885
626885
626886
626886
626886
626886
626887
626887
626887
626887
626888
626888
626888
626888
626889
626889
626889
626889
626890
626890
626890
626890
626891
626891
626891
626891
626892
626892
626892
626892
626893
626893
626893
626893
626893
626893
626894
626894
626894
626894
626895
626895
626895
626895
626896
626896
626896
626896
626897
626897
626897
626897
626898
626898
626898
626898
626899
626899
626899
626899
626900
626900
626900
626900
626901
626901
626901
626901
626902
626902
626902
626902
626902
626902
626903
626903
626903
626903
626903
626903
626904
626904
626904
626904
626904
626904
626905
626905
626905
626905
626905
626905
626906
626906
626906
626906
626906
626906
626907
626907
626907
626907
626907
626907
626908
626908
626908
626908
626908
626908
626909
626909
626909
626909
626909
626909
626910
626910
626910
626910
626910
626910
626910
626910
626910
626911
626911
626911
626911
626911
626911
626912
626912
626912
626912
626912
626912
626913
626913
626913
626913
626913
626913
626914
626914
626914
626914
626914
626914
626915
626915
626915
626915
626915
626915
626916
626916
626916
626916
626916
626916
626917
626917
626917
626917
626917
626917
626918
626918
626918
626918
626918
626918
626919
626919
626919
626919
626920
626920
626920
626920
626921
626921
626921
626921
626922
626922
626922
626922
626923
626923
626923
626923
626924
626924
626924
626924
626925
626925
626925
626925
626926
626926
626926
626926
626927
626927
626927
626927
626927
626927
626928
626928
626928
626928
626929
626929
626929
626929
626930
626930
626930
626930
626931
626931
626931
626931
626932
626932
626932
626932
626933
626933
626933
626933
626934
626934
626934
626934
626935
626935
626935
626935
626936
626936
626936
626936
626937
626937
626937
626937
626938
626938
626938
626938
626939
626939
626939
626939
626940
626940
626940
626940
626941
626941
626941
626941
626942
626942
626942
626942
626943
626943
626943
626943
626944
626944
626944
626944
626944
626944
626945
626945
626945
626945
626946
626946
626946
626946
626947
626947
626947
626947
626948
626948
626948
626948
626949
626949
626949
626949
626950
626950
626950
626950
626951
626951
626951
626951
626952
626952
626952
626952
626953
626953
626953
626953
626954
626954
626954
626954
626955
626955
626955
626955
626956
626956
626956
626956
626957
626957
626957
626957
626958
626958
626958
626958
626959
626959
626959
626959
626960
626960
626960
626960
626961
626961
626961
626961
626961
626961
626962
626962
626962
626962
626963
626963
626963
626963
626964
626964
626964
626964
626965
626965
626965
626965
626966
626966
626966
626966
626967
626967
626967
626967
626968
626968
626968
626968
626969
626969
626969
626969
626970
626970
626970
626970
626971
626971
626971
626971
626972
626972
626972
626972
626973
626973
626973
626973
626974
626974
626974
626974
626975
626975
626975
626975
626976
626976
626976
626976
626977
626977
626977
626977
626978
626978
626978
626978
626978
626978
626979
626979
626979
626979
626980
626980
626980
626980
626981
626981
626981
626981
626982
626982
626982
626982
626983
626983
626983
626983
626984
626984
626984
626984
626985
626985
626985
626985
626986
626986
626986
626986
626987
626987
626987
626987
626987
626987
626988
626988
626988
626988
626988
626988
626989
626989
626989
626989
626989
626989
626990
626990
626990
626990
626990
626990
626991
626991
626991
626991
626991
626991
626992
626992
626992
626992
626992
626992
626993
626993
626993
626993
626993
626993
626994
626994
626994
626994
626994
626994
626995
626995
626995
626995
626995
626995
626995
626995
626995
626996
626996
626996
626996
626996
626996
626997
626997
626997
626997
626997
626997
626998
626998
626998
626998
626998
626998
626999
626999
626999
626999
626999
626999
627000
627000
627000
627000
627000
627000
627001
627001
627001
627001
627001
627001
627002
627002
627002
627002
627002
627002
627003
627003
627003
627003
627003
627003
627004
627004
627004
627004
627005
627005
627005
627005
627006
627006
627006
627006
627007
627007
627007
627007
627008
627008
627008
627008
627009
627009
627009
627009
627010
627010
627010
627010
627011
627011
627011
627011
627012
627012
627012
627012
627012
627012
627013
627013
627013
627013
627014
627014
627014
627014
627015
627015
627015
627015
627016
627016
627016
627016
627017
627017
627017
627017
627018
627018
627018
627018
627019
627019
627019
627019
627020
627020
627020
627020
627021
627021
627021
627021
627022
627022
627022
627022
627023
627023
627023
627023
627024
627024
627024
627024
627025
627025
627025
627025
627026
627026
627026
627026
627027
627027
627027
627027
627028
627028
627028
627028
627029
627029
627029
627029
627029
627029
627030
627030
627030
627030
627031
627031
627031
627031
627032
627032
627032
627032
627033
627033
627033
627033
627034
627034
627034
627034
627035
627035
627035
627035
627036
627036
627036
627036
627037
627037
627037
627037
627038
627038
627038
627038
627039
627039
627039
627039
627040
627040
627040
627040
627041
627041
627041
627041
627042
627042
627042
627042
627043
627043
627043
627043
627044
627044
627044
627044
627045
627045
627045
627045
627046
627046
627046
627046
627046
627046
627047
627047
627047
627047
627048
627048
627048
627048
627049
627049
627049
627049
627050
627050
627050
627050
627051
627051
627051
627051
627052
627052
627052
627052
627053
627053
627053
627053
627054
627054
627054
627054
627055
627055
627055
627055
627055
627055
627056
627056
627056
627056
627056
627056
627057
627057
627057
627057
627057
627057
627058
627058
627058
627058
627058
627058
627059
627059
627059
627059
627059
627059
627060
627060
627060
627060
627060
627060
627061
627061
627061
627061
627061
627061
627062
627062
627062
627062
627062
627062
627063
627063
627063
627063
627063
627063
627063
627063
627063
627064
627064
627064
627064
627064
627064
627065
627065
627065
627065
627065
627065
627066
627066
627066
627066
627066
627066
627067
627067
627067
627067
627067
627067
627068
627068
627068
627068
627068
627068
627069
627069
627069
627069
627069
627069
627070
627070
627070
627070
627070
627070
627071
627071
627071
627071
627071
627071
627072
627072
627072
627072
627073
627073
627073
627073
627074
627074
627074
627074
627075
627075
627075
627075
627076
627076
627076
627076
627077
627077
627077
627077
627078
627078
627078
627078
627079
627079
627079
627079
627080
627080
627080
627080
627080
627080
627081
627081
627081
627081
627082
627082
627082
627082
627083
627083
627083
627083
627084
627084
627084
627084
627085
627085
627085
627085
627086
627086
627086
627086
627087
627087
627087
627087
627088
627088
627088
627088
627089
627089
627089
627089
627090
627090
627090
627090
627091
627091
627091
627091
627092
627092
627092
627092
627093
627093
627093
627093
627094
627094
627094
627094
627095
627095
627095
627095
627096
627096
627096
627096
627097
627097
627097
627097
627097
627097
627098
627098
627098
627098
627099
627099
627099
627099
627100
627100
627100
627100
627101
627101
627101
627101
627102
627102
627102
627102
627103
627103
627103
627103
627104
627104
627104
627104
627105
627105
627105
627105
627106
627106
627106
627106
627107
627107
627107
627107
627108
627108
627108
627108
627109
627109
627109
627109
627110
627110
627110
627110
627111
627111
627111
627111
627112
627112
627112
627112
627113
627113
627113
627113
627114
627114
627114
627114
627114
627114
627115
627115
627115
627115
627116
627116
627116
627116
627117
627117
627117
627117
627118
627118
627118
627118
627119
627119
627119
627119
627120
627120
627120
627120
627121
627121
627121
627121
627122
627122
627122
627122
627123
627123
627123
627123
627123
627123
627124
627124
627124
627124
627124
627124
627125
627125
627125
627125
627125
627125
627126
627126
627126
627126
627126
627126
627127
627127
627127
627127
627127
627127
627128
627128
627128
627128
627128
627128
627129
627129
627129
627129
627129
627129
627130
627130
627130
627130
627130
627130
627131
627131
627131
627131
627131
627131
627131
627131
627131
627132
627132
627132
627132
627132
627132
627133
627133
627133
627133
627133
627133
627134
627134
627134
627134
627134
627134
627135
627135
627135
627135
627135
627135
627136
627136
627136
627136
627136
627136
627137
627137
627137
627137
627137
627137
627138
627138
627138
627138
627138
627138
627139
627139
627139
627139
627139
627139
627140
627140
627140
627140
627141
627141
627141
627141
627142
627142
627142
627142
627143
627143
627143
627143
627144
627144
627144
627144
627145
627145
627145
627145
627146
627146
627146
627146
627147
627147
627147
627147
627148
627148
627148
627148
627148
627148
627149
627149
627149
627149
627150
627150
627150
627150
627151
627151
627151
627151
627152
627152
627152
627152
627153
627153
627153
627153
627154
627154
627154
627154
627155
627155
627155
627155
627156
627156
627156
627156
627157
627157
627157
627157
627158
627158
627158
627158
627159
627159
627159
627159
627160
627160
627160
627160
627161
627161
627161
627161
627162
627162
627162
627162
627163
627163
627163
627163
627164
627164
627164
627164
627165
627165
627165
627165
627165
627165
627166
627166
627166
627166
627167
627167
627167
627167
627168
627168
627168
627168
627169
627169
627169
627169
627170
627170
627170
627170
627171
627171
627171
627171
627172
627172
627172
627172
627173
627173
627173
627173
627174
627174
627174
627174
627175
627175
627175
627175
627176
627176
627176
627176
627177
627177
627177
627177
627178
627178
627178
627178
627179
627179
627179
627179
627180
627180
627180
627180
627181
627181
627181
627181
627182
627182
627182
627182
627182
627182
627183
627183
627183
627183
627184
627184
627184
627184
627185
627185
627185
627185
627186
627186
627186
627186
627187
627187
627187
627187
627188
627188
627188
627188
627189
627189
627189
627189
627190
627190
627190
627190
627191
627191
627191
627191
627191
627191
627192
627192
627192
627192
627192
627192
627193
627193
627193
627193
627193
627193
627194
627194
627194
627194
627194
627194
627195
627195
627195
627195
627195
627195
627196
627196
627196
627196
627196
627196
627197
627197
627197
627197
627197
627197
627198
627198
627198
627198
627198
627198
627199
627199
627199
627199
627199
627199
627199
627199
627199
627200
627200
627200
627200
627200
627200
627201
627201
627201
627201
627201
627201
627202
627202
627202
627202
627202
627202
627203
627203
627203
627203
627203
627203
627204
627204
627204
627204
627204
627204
627205
627205
627205
627205
627205
627205
627206
627206
627206
627206
627206
627206
627207
627207
627207
627207
627207
627207
627208
627208
627208
627208
627209
627209
627209
627209
627210
627210
627210
627210
627211
627211
627211
627211
627212
627212
627212
627212
627213
627213
627213
627213
627214
627214
627214
627214
627215
627215
627215
627215
627216
627216
627216
627216
627216
627216
627217
627217
627217
627217
627218
627218
627218
627218
627219
627219
627219
627219
627220
627220
627220
627220
627221
627221
627221
627221
627222
627222
627222
627222
627223
627223
627223
627223
627224
627224
627224
627224
627225
627225
627225
627225
627226
627226
627226
627226
627227
627227
627227
627227
627228
627228
627228
627228
627229
627229
627229
627229
627230
627230
627230
627230
627231
627231
627231
627231
627232
627232
627232
627232
627233
627233
627233
627233
627233
627233
627234
627234
627234
627234
627235
627235
627235
627235
627236
627236
627236
627236
627237
627237
627237
627237
627238
627238
627238
627238
627239
627239
627239
627239
627240
627240
627240
627240
627241
627241
627241
627241
627242
627242
627242
627242
627243
627243
627243
627243
627244
627244
627244
627244
627245
627245
627245
627245
627246
627246
627246
627246
627247
627247
627247
627247
627248
627248
627248
627248
627249
627249
627249
627249
627250
627250
627250
627250
627250
627250
627251
627251
627251
627251
627252
627252
627252
627252
627253
627253
627253
627253
627254
627254
627254
627254
627255
627255
627255
627255
627256
627256
627256
627256
627257
627257
627257
627257
627258
627258
627258
627258
627259
627259
627259
627259
627260
627260
627260
627260
627261
627261
627261
627261
627262
627262
627262
627262
627263
627263
627263
627263
627264
627264
627264
627264
627265
627265
627265
627265
627266
627266
627266
627266
627267
627267
627267
627267
627267
627267
627268
627268
627268
627268
627269
627269
627269
627269
627270
627270
627270
627270
627271
627271
627271
627271
627272
627272
627272
627272
627273
627273
627273
627273
627274
627274
627274
627274
627275
627275
627275
627275
627276
627276
627276
627276
627276
627276
627277
627277
627277
627277
627277
627277
627278
627278
627278
627278
627278
627278
627279
627279
627279
627279
627279
627279
627280
627280
627280
627280
627280
627280
627281
627281
627281
627281
627281
627281
627282
627282
627282
627282
627282
627282
627283
627283
627283
627283
627283
627283
627284
627284
627284
627284
627284
627284
627284
627284
627284
627285
627285
627285
627285
627285
627285
627286
627286
627286
627286
627286
627286
627287
627287
627287
627287
627287
627287
627288
627288
627288
627288
627288
627288
627289
627289
627289
627289
627289
627289
627290
627290
627290
627290
627290
627290
627291
627291
627291
627291
627291
627291
627292
627292
627292
627292
627292
627292
627293
627293
627293
627293
627294
627294
627294
627294
627295
627295
627295
627295
627296
627296
627296
627296
627297
627297
627297
627297
627298
627298
627298
627298
627299
627299
627299
627299
627300
627300
627300
627300
627301
627301
627301
627301
627301
627301
627302
627302
627302
627302
627303
627303
627303
627303
627304
627304
627304
627304
627305
627305
627305
627305
627306
627306
627306
627306
627307
627307
627307
627307
627308
627308
627308
627308
627309
627309
627309
627309
627310
627310
627310
627310
627311
627311
627311
627311
627312
627312
627312
627312
627313
627313
627313
627313
627314
627314
627314
627314
627315
627315
627315
627315
627316
627316
627316
627316
627317
627317
627317
627317
627318
627318
627318
627318
627318
627318
627319
627319
627319
627319
627320
627320
627320
627320
627321
627321
627321
627321
627322
627322
627322
627322
627323
627323
627323
627323
627324
627324
627324
627324
627325
627325
627325
627325
627326
627326
627326
627326
627327
627327
627327
627327
627328
627328
627328
627328
627329
627329
627329
627329
627330
627330
627330
627330
627331
627331
627331
627331
627332
627332
627332
627332
627333
627333
627333
627333
627334
627334
627334
627334
627335
627335
627335
627335
627335
627335
627336
627336
627336
627336
627337
627337
627337
627337
627338
627338
627338
627338
627339
627339
627339
627339
627340
627340
627340
627340
627341
627341
627341
627341
627342
627342
627342
627342
627343
627343
627343
627343
627344
627344
627344
627344
627344
627344
627345
627345
627345
627345
627345
627345
627346
627346
627346
627346
627346
627346
627347
627347
627347
627347
627347
627347
627348
627348
627348
627348
627348
627348
627349
627349
627349
627349
627349
627349
627350
627350
627350
627350
627350
627350
627351
627351
627351
627351
627351
627351
627352
627352
627352
627352
627352
627352
627352
627352
627352
627353
627353
627353
627353
627353
627353
627354
627354
627354
627354
627354
627354
627355
627355
627355
627355
627355
627355
627356
627356
627356
627356
627356
627356
627357
627357
627357
627357
627357
627357
627358
627358
627358
627358
627358
627358
627359
627359
627359
627359
627359
627359
627360
627360
627360
627360
627360
627360
627361
627361
627361
627361
627362
627362
627362
627362
627363
627363
627363
627363
627364
627364
627364
627364
627365
627365
627365
627365
627366
627366
627366
627366
627367
627367
627367
627367
627368
627368
627368
627368
627369
627369
627369
627369
627369
627369
627370
627370
627370
627370
627371
627371
627371
627371
627372
627372
627372
627372
627373
627373
627373
627373
627374
627374
627374
627374
627375
627375
627375
627375
627376
627376
627376
627376
627377
627377
627377
627377
627378
627378
627378
627378
627379
627379
627379
627379
627380
627380
627380
627380
627381
627381
627381
627381
627382
627382
627382
627382
627383
627383
627383
627383
627384
627384
627384
627384
627385
627385
627385
627385
627386
627386
627386
627386
627386
627386
627387
627387
627387
627387
627388
627388
627388
627388
627389
627389
627389
627389
627390
627390
627390
627390
627391
627391
627391
627391
627392
627392
627392
627392
627393
627393
627393
627393
627394
627394
627394
627394
627395
627395
627395
627395
627396
627396
627396
627396
627397
627397
627397
627397
627398
627398
627398
627398
627399
627399
627399
627399
627400
627400
627400
627400
627401
627401
627401
627401
627402
627402
627402
627402
627403
627403
627403
627403
627403
627403
627404
627404
627404
627404
627405
627405
627405
627405
627406
627406
627406
627406
627407
627407
627407
627407
627408
627408
627408
627408
627409
627409
627409
627409
627410
627410
627410
627410
627411
627411
627411
627411
627412
627412
627412
627412
627412
627412
627413
627413
627413
627413
627413
627413
627414
627414
627414
627414
627414
627414
627415
627415
627415
627415
627415
627415
627416
627416
627416
627416
627416
627416
627417
627417
627417
627417
627417
627417
627418
627418
627418
627418
627418
627418
627419
627419
627419
627419
627419
627419
627420
627420
627420
627420
627420
627420
627420
627420
627420
627421
627421
627421
627421
627421
627421
627422
627422
627422
627422
627422
627422
627423
627423
627423
627423
627423
627423
627424
627424
627424
627424
627424
627424
627425
627425
627425
627425
627425
627425
627426
627426
627426
627426
627426
627426
627427
627427
627427
627427
627427
627427
627428
627428
627428
627428
627428
627428
627429
627429
627429
627429
627430
627430
627430
627430
627431
627431
627431
627431
627432
627432
627432
627432
627433
627433
627433
627433
627434
627434
627434
627434
627435
627435
627435
627435
627436
627436
627436
627436
627437
627437
627437
627437
627437
627437
627438
627438
627438
627438
627439
627439
627439
627439
627440
627440
627440
627440
627441
627441
627441
627441
627442
627442
627442
627442
627443
627443
627443
627443
627444
627444
627444
627444
627445
627445
627445
627445
627446
627446
627446
627446
627447
627447
627447
627447
627448
627448
627448
627448
627449
627449
627449
627449
627450
627450
627450
627450
627451
627451
627451
627451
627452
627452
627452
627452
627453
627453
627453
627453
627454
627454
627454
627454
627454
627454
627455
627455
627455
627455
627456
627456
627456
627456
627457
627457
627457
627457
627458
627458
627458
627458
627459
627459
627459
627459
627460
627460
627460
627460
627461
627461
627461
627461
627462
627462
627462
627462
627463
627463
627463
627463
627464
627464
627464
627464
627465
627465
627465
627465
627466
627466
627466
627466
627467
627467
627467
627467
627468
627468
627468
627468
627469
627469
627469
627469
627470
627470
627470
627470
627471
627471
627471
627471
627471
627471
627472
627472
627472
627472
627473
627473
627473
627473
627474
627474
627474
627474
627475
627475
627475
627475
627476
627476
627476
627476
627477
627477
627477
627477
627478
627478
627478
627478
627479
627479
627479
627479
627480
627480
627480
627480
627480
627480
627481
627481
627481
627481
627481
627481
627482
627482
627482
627482
627482
627482
627483
627483
627483
627483
627483
627483
627484
627484
627484
627484
627484
627484
627485
627485
627485
627485
627485
627485
627486
627486
627486
627486
627486
627486
627487
627487
627487
627487
627487
627487
627488
627488
627488
627488
627488
627488
627488
627488
627488
627489
627489
627489
627489
627489
627489
627490
627490
627490
627490
627490
627490
627491
627491
627491
627491
627491
627491
627492
627492
627492
627492
627492
627492
627493
627493
627493
627493
627493
627493
627494
627494
627494
627494
627494
627494
627495
627495
627495
627495
627496
627496
627496
627496
627497
627497
627497
627497
627498
627498
627498
627498
627499
627499
627499
627499
627500
627500
627500
627500
627501
627501
627501
627501
627502
627502
627502
627502
627503
627503
627503
627503
627504
627504
627504
627504
627505
627505
627505
627505
627505
627505
627506
627506
627506
627506
627507
627507
627507
627507
627508
627508
627508
627508
627509
627509
627509
627509
627510
627510
627510
627510
627511
627511
627511
627511
627511
627512
627512
627512
627512
627512
627512
627513
627513
627513
627513
627513
627513
627514
627514
627514
627514
627515
627515
627515
627515
627516
627516
627516
627516
627517
627517
627517
627517
627518
627518
627518
627518
627519
627519
627519
627519
627520
627520
627520
627520
627521
627521
627521
627521
627522
627522
627522
627522
627522
627522
627523
627523
627523
627523
627524
627524
627524
627524
627525
627525
627525
627525
627526
627526
627526
627526
627527
627527
627527
627527
627528
627528
627528
627528
627529
627529
627529
627529
627530
627530
627530
627530
627531
627531
627531
627531
627532
627532
627532
627532
627533
627533
627533
627533
627534
627534
627534
627534
627535
627535
627535
627535
627536
627536
627536
627536
627537
627537
627537
627537
627538
627538
627538
627538
627539
627539
627539
627539
627539
627539
627540
627540
627540
627540
627541
627541
627541
627541
627542
627542
627542
627542
627543
627543
627543
627543
627544
627544
627544
627544
627545
627545
627545
627545
627546
627546
627546
627546
627547
627547
627547
627547
627548
627548
627548
627548
627549
627549
627549
627549
627550
627550
627550
627550
627551
627551
627551
627551
627552
627552
627552
627552
627553
627553
627553
627553
627554
627554
627554
627554
627555
627555
627555
627555
627556
627556
627556
627556
627556
627556
627557
627557
627557
627557
627558
627558
627558
627558
627559
627559
627559
627559
627560
627560
627560
627560
627561
627561
627561
627561
627562
627562
627562
627562
627563
627563
627563
627563
627564
627564
627564
627564
627565
627565
627565
627565
627565
627565
627566
627566
627566
627566
627566
627566
627567
627567
627567
627567
627567
627567
627568
627568
627568
627568
627568
627568
627569
627569
627569
627569
627569
627569
627570
627570
627570
627570
627570
627570
627571
627571
627571
627571
627571
627571
627572
627572
627572
627572
627572
627572
627573
627573
627573
627573
627573
627573
627573
627573
627573
627574
627574
627574
627574
627574
627574
627575
627575
627575
627575
627575
627575
627576
627576
627576
627576
627576
627576
627577
627577
627577
627577
627577
627577
627578
627578
627578
627578
627578
627578
627579
627579
627579
627579
627579
627579
627580
627580
627580
627580
627580
627580
627581
627581
627581
627581
627581
627581
627582
627582
627582
627582
627583
627583
627583
627583
627584
627584
627584
627584
627585
627585
627585
627585
627586
627586
627586
627586
627587
627587
627587
627587
627588
627588
627588
627588
627589
627589
627589
627589
627590
627590
627590
627590
627590
627590
627591
627591
627591
627591
627592
627592
627592
627592
627593
627593
627593
627593
627594
627594
627594
627594
627595
627595
627595
627595
627596
627596
627596
627596
627597
627597
627597
627597
627598
627598
627598
627598
627599
627599
627599
627599
627600
627600
627600
627600
627601
627601
627601
627601
627602
627602
627602
627602
627603
627603
627603
627603
627604
627604
627604
627604
627605
627605
627605
627605
627606
627606
627606
627606
627607
627607
627607
627607
627607
627607
627608
627608
627608
627608
627609
627609
627609
627609
627610
627610
627610
627610
627611
627611
627611
627611
627612
627612
627612
627612
627613
627613
627613
627613
627614
627614
627614
627614
627615
627615
627615
627615
627616
627616
627616
627616
627617
627617
627617
627617
627618
627618
627618
627618
627619
627619
627619
627619
627620
627620
627620
627620
627621
627621
627621
627621
627622
627622
627622
627622
627623
627623
627623
627623
627624
627624
627624
627624
627624
627624
627625
627625
627625
627625
627626
627626
627626
627626
627627
627627
627627
627627
627628
627628
627628
627628
627629
627629
627629
627629
627630
627630
627630
627630
627631
627631
627631
627631
627632
627632
627632
627632
627633
627633
627633
627633
627633
627633
627634
627634
627634
627634
627634
627634
627635
627635
627635
627635
627635
627635
627636
627636
627636
627636
627636
627636
627637
627637
627637
627637
627637
627637
627638
627638
627638
627638
627638
627638
627639
627639
627639
627639
627639
627639
627640
627640
627640
627640
627640
627640
627641
627641
627641
627641
627641
627641
627641
627641
627641
627642
627642
627642
627642
627642
627642
627643
627643
627643
627643
627643
627643
627644
627644
627644
627644
627644
627644
627645
627645
627645
627645
627645
627645
627646
627646
627646
627646
627646
627646
627647
627647
627647
627647
627647
627647
627648
627648
627648
627648
627648
627648
627649
627649
627649
627649
627649
627649
627650
627650
627650
627650
627651
627651
627651
627651
627652
627652
627652
627652
627653
627653
627653
627653
627654
627654
627654
627654
627655
627655
627655
627655
627656
627656
627656
627656
627657
627657
627657
627657
627658
627658
627658
627658
627658
627658
627659
627659
627659
627659
627660
627660
627660
627660
627661
627661
627661
627661
627662
627662
627662
627662
627663
627663
627663
627663
627664
627664
627664
627664
627665
627665
627665
627665
627666
627666
627666
627666
627667
627667
627667
627667
627668
627668
627668
627668
627669
627669
627669
627669
627670
627670
627670
627670
627671
627671
627671
627671
627672
627672
627672
627672
627673
627673
627673
627673
627674
627674
627674
627674
627675
627675
627675
627675
627675
627675
627676
627676
627676
627676
627677
627677
627677
627677
627678
627678
627678
627678
627679
627679
627679
627679
627680
627680
627680
627680
627681
627681
627681
627681
627682
627682
627682
627682
627683
627683
627683
627683
627684
627684
627684
627684
627685
627685
627685
627685
627686
627686
627686
627686
627687
627687
627687
627687
627688
627688
627688
627688
627689
627689
627689
627689
627690
627690
627690
627690
627691
627691
627691
627691
627692
627692
627692
627692
627692
627692
627693
627693
627693
627693
627694
627694
627694
627694
627695
627695
627695
627695
627696
627696
627696
627696
627697
627697
627697
627697
627698
627698
627698
627698
627699
627699
627699
627699
627700
627700
627700
627700
627701
627701
627701
627701
627701
627701
627702
627702
627702
627702
627702
627702
627703
627703
627703
627703
627703
627703
627704
627704
627704
627704
627704
627704
627705
627705
627705
627705
627705
627705
627706
627706
627706
627706
627706
627706
627707
627707
627707
627707
627707
627707
627708
627708
627708
627708
627708
627708
627709
627709
627709
627709
627709
627709
627709
627709
627709
627710
627710
627710
627710
627710
627710
627711
627711
627711
627711
627711
627711
627712
627712
627712
627712
627712
627712
627713
627713
627713
627713
627713
627713
627714
627714
627714
627714
627714
627714
627715
627715
627715
627715
627715
627715
627716
627716
627716
627716
627716
627716
627717
627717
627717
627717
627717
627717
627718
627718
627718
627718
627719
627719
627719
627719
627720
627720
627720
627720
627721
627721
627721
627721
627722
627722
627722
627722
627723
627723
627723
627723
627724
627724
627724
627724
627725
627725
627725
627725
627726
627726
627726
627726
627726
627726
627727
627727
627727
627727
627728
627728
627728
627728
627729
627729
627729
627729
627730
627730
627730
627730
627731
627731
627731
627731
627732
627732
627732
627732
627733
627733
627733
627733
627734
627734
627734
627734
627735
627735
627735
627735
627736
627736
627736
627736
627737
627737
627737
627737
627738
627738
627738
627738
627739
627739
627739
627739
627740
627740
627740
627740
627741
627741
627741
627741
627742
627742
627742
627742
627743
627743
627743
627743
627743
627743
627744
627744
627744
627744
627745
627745
627745
627745
627746
627746
627746
627746
627747
627747
627747
627747
627748
627748
627748
627748
627749
627749
627749
627749
627750
627750
627750
627750
627751
627751
627751
627751
627752
627752
627752
627752
627753
627753
627753
627753
627754
627754
627754
627754
627755
627755
627755
627755
627756
627756
627756
627756
627757
627757
627757
627757
627758
627758
627758
627758
627759
627759
627759
627759
627760
627760
627760
627760
627760
627760
627761
627761
627761
627761
627762
627762
627762
627762
627763
627763
627763
627763
627764
627764
627764
627764
627765
627765
627765
627765
627766
627766
627766
627766
627767
627767
627767
627767
627768
627768
627768
627768
627769
627769
627769
627769
627769
627769
627770
627770
627770
627770
627770
627770
627771
627771
627771
627771
627771
627771
627772
627772
627772
627772
627772
627772
627773
627773
627773
627773
627773
627773
627774
627774
627774
627774
627774
627774
627775
627775
627775
627775
627775
627775
627776
627776
627776
627776
627776
627776
627777
627777
627777
627777
627777
627777
627778
627778
627778
627778
627779
627779
627779
627779
627780
627780
627780
627780
627781
627781
627781
627781
627782
627782
627782
627782
627783
627783
627783
627783
627784
627784
627784
627784
627785
627785
627785
627785
627786
627786
627786
627786
627786
627786
627787
627787
627787
627787
627787
627787
627788
627788
627788
627788
627788
627788
627789
627789
627789
627789
627789
627789
627790
627790
627790
627790
627790
627790
627791
627791
627791
627791
627791
627791
627792
627792
627792
627792
627792
627792
627793
627793
627793
627793
627793
627793
627794
627794
627794
627794
627794
627794
627795
627795
627795
627795
627796
627796
627796
627796
627797
627797
627797
627797
627798
627798
627798
627798
627799
627799
627799
627799
627800
627800
627800
627800
627801
627801
627801
627801
627802
627802
627802
627802
627803
627803
627803
627803
627804
627804
627804
627804
627805
627805
627805
627805
627806
627806
627806
627806
627807
627807
627807
627807
627808
627808
627808
627808
627809
627809
627809
627809
627810
627810
627810
627810
627811
627811
627811
627811
627811
627811
627812
627812
627812
627812
627813
627813
627813
627813
627814
627814
627814
627814
627815
627815
627815
627815
627816
627816
627816
627816
627817
627817
627817
627817
627818
627818
627818
627818
627819
627819
627819
627819
627820
627820
627820
627820
627821
627821
627821
627821
627822
627822
627822
627822
627823
627823
627823
627823
627824
627824
627824
627824
627825
627825
627825
627825
627826
627826
627826
627826
627827
627827
627827
627827
627828
627828
627828
627828
627828
627828
627829
627829
627829
627829
627830
627830
627830
627830
627831
627831
627831
627831
627832
627832
627832
627832
627833
627833
627833
627833
627834
627834
627834
627834
627835
627835
627835
627835
627836
627836
627836
627836
627837
627837
627837
627837
627838
627838
627838
627838
627839
627839
627839
627839
627840
627840
627840
627840
627841
627841
627841
627841
627842
627842
627842
627842
627843
627843
627843
627843
627844
627844
627844
627844
627845
627845
627845
627845
627845
627845
627846
627846
627846
627846
627847
627847
627847
627847
627848
627848
627848
627848
627849
627849
627849
627849
627850
627850
627850
627850
627851
627851
627851
627851
627852
627852
627852
627852
627853
627853
627853
627853
627854
627854
627854
627854
627854
627854
627855
627855
627855
627855
627855
627855
627856
627856
627856
627856
627856
627856
627857
627857
627857
627857
627857
627857
627858
627858
627858
627858
627858
627858
627859
627859
627859
627859
627859
627859
627860
627860
627860
627860
627860
627860
627861
627861
627861
627861
627861
627861
627862
627862
627862
627862
627862
627862
627862
627862
627862
627863
627863
627863
627863
627863
627863
627864
627864
627864
627864
627864
627864
627865
627865
627865
627865
627865
627865
627866
627866
627866
627866
627866
627866
627867
627867
627867
627867
627867
627867
627868
627868
627868
627868
627868
627868
627869
627869
627869
627869
627869
627869
627870
627870
627870
627870
627870
627870
627871
627871
627871
627871
627872
627872
627872
627872
627873
627873
627873
627873
627874
627874
627874
627874
627875
627875
627875
627875
627876
627876
627876
627876
627877
627877
627877
627877
627878
627878
627878
627878
627879
627879
627879
627879
627879
627879
627880
627880
627880
627880
627881
627881
627881
627881
627882
627882
627882
627882
627883
627883
627883
627883
627884
627884
627884
627884
627885
627885
627885
627885
627886
627886
627886
627886
627887
627887
627887
627887
627888
627888
627888
627888
627889
627889
627889
627889
627890
627890
627890
627890
627891
627891
627891
627891
627892
627892
627892
627892
627893
627893
627893
627893
627894
627894
627894
627894
627895
627895
627895
627895
627896
627896
627896
627896
627896
627896
627897
627897
627897
627897
627898
627898
627898
627898
627899
627899
627899
627899
627900
627900
627900
627900
627901
627901
627901
627901
627902
627902
627902
627902
627903
627903
627903
627903
627904
627904
627904
627904
627905
627905
627905
627905
627906
627906
627906
627906
627907
627907
627907
627907
627908
627908
627908
627908
627909
627909
627909
627909
627910
627910
627910
627910
627911
627911
627911
627911
627912
627912
627912
627912
627913
627913
627913
627913
627913
627913
627914
627914
627914
627914
627915
627915
627915
627915
627916
627916
627916
627916
627917
627917
627917
627917
627918
627918
627918
627918
627919
627919
627919
627919
627920
627920
627920
627920
627921
627921
627921
627921
627922
627922
627922
627922
627922
627922
627923
627923
627923
627923
627923
627923
627924
627924
627924
627924
627924
627924
627925
627925
627925
627925
627925
627925
627926
627926
627926
627926
627926
627926
627927
627927
627927
627927
627927
627927
627928
627928
627928
627928
627928
627928
627929
627929
627929
627929
627929
627929
627930
627930
627930
627930
627930
627930
627930
627930
627930
627931
627931
627931
627931
627931
627931
627932
627932
627932
627932
627932
627932
627933
627933
627933
627933
627933
627933
627934
627934
627934
627934
627934
627934
627935
627935
627935
627935
627935
627935
627936
627936
627936
627936
627936
627936
627937
627937
627937
627937
627937
627937
627938
627938
627938
627938
627938
627938
627939
627939
627939
627939
627940
627940
627940
627940
627941
627941
627941
627941
627942
627942
627942
627942
627943
627943
627943
627943
627944
627944
627944
627944
627945
627945
627945
627945
627946
627946
627946
627946
627947
627947
627947
627947
627947
627947
627948
627948
627948
627948
627949
627949
627949
627949
627950
627950
627950
627950
627951
627951
627951
627951
627952
627952
627952
627952
627953
627953
627953
627953
627954
627954
627954
627954
627955
627955
627955
627955
627956
627956
627956
627956
627957
627957
627957
627957
627958
627958
627958
627958
627959
627959
627959
627959
627960
627960
627960
627960
627961
627961
627961
627961
627962
627962
627962
627962
627963
627963
627963
627963
627964
627964
627964
627964
627964
627964
627965
627965
627965
627965
627966
627966
627966
627966
627967
627967
627967
627967
627968
627968
627968
627968
627969
627969
627969
627969
627970
627970
627970
627970
627971
627971
627971
627971
627972
627972
627972
627972
627973
627973
627973
627973
627974
627974
627974
627974
627975
627975
627975
627975
627976
627976
627976
627976
627977
627977
627977
627977
627978
627978
627978
627978
627979
627979
627979
627979
627980
627980
627980
627980
627981
627981
627981
627981
627981
627981
627982
627982
627982
627982
627983
627983
627983
627983
627984
627984
627984
627984
627985
627985
627985
627985
627986
627986
627986
627986
627987
627987
627987
627987
627988
627988
627988
627988
627989
627989
627989
627989
627990
627990
627990
627990
627990
627990
627991
627991
627991
627991
627991
627991
627992
627992
627992
627992
627992
627992
627993
627993
627993
627993
627993
627993
627994
627994
627994
627994
627994
627994
627995
627995
627995
627995
627995
627995
627996
627996
627996
627996
627996
627996
627997
627997
627997
627997
627997
627997
627998
627998
627998
627998
627998
627998
627998
627998
627998
627999
627999
627999
627999
627999
627999
628000
628000
628000
628000
628000
628000
628001
628001
628001
628001
628001
628001
628002
628002
628002
628002
628002
628002
628003
628003
628003
628003
628003
628003
628004
628004
628004
628004
628004
628004
628005
628005
628005
628005
628005
628005
628006
628006
628006
628006
628006
628006
628007
628007
628007
628007
628008
628008
628008
628008
628009
628009
628009
628009
628010
628010
628010
628010
628011
628011
628011
628011
628012
628012
628012
628012
628013
628013
628013
628013
628014
628014
628014
628014
628015
628015
628015
628015
628015
628015
628016
628016
628016
628016
628017
628017
628017
628017
628018
628018
628018
628018
628019
628019
628019
628019
628020
628020
628020
628020
628021
628021
628021
628021
628022
628022
628022
628022
628023
628023
628023
628023
628024
628024
628024
628024
628025
628025
628025
628025
628026
628026
628026
628026
628027
628027
628027
628027
628028
628028
628028
628028
628029
628029
628029
628029
628030
628030
628030
628030
628031
628031
628031
628031
628032
628032
628032
628032
628032
628032
628033
628033
628033
628033
628034
628034
628034
628034
628035
628035
628035
628035
628036
628036
628036
628036
628037
628037
628037
628037
628038
628038
628038
628038
628039
628039
628039
628039
628040
628040
628040
628040
628041
628041
628041
628041
628042
628042
628042
628042
628043
628043
628043
628043
628044
628044
628044
628044
628045
628045
628045
628045
628046
628046
628046
628046
628047
628047
628047
628047
628048
628048
628048
628048
628049
628049
628049
628049
628049
628049
628050
628050
628050
628050
628051
628051
628051
628051
628052
628052
628052
628052
628053
628053
628053
628053
628054
628054
628054
628054
628055
628055
628055
628055
628056
628056
628056
628056
628057
628057
628057
628057
628058
628058
628058
628058
628059
628059
628059
628059
628060
628060
628060
628060
628061
628061
628061
628061
628062
628062
628062
628062
628063
628063
628063
628063
628064
628064
628064
628064
628065
628065
628065
628065
628066
628066
628066
628066
628066
628066
628067
628067
628067
628067
628068
628068
628068
628068
628069
628069
628069
628069
628070
628070
628070
628070
628071
628071
628071
628071
628072
628072
628072
628072
628072
628073
628073
628073
628073
628073
628073
628074
628074
628074
628074
628074
628074
628075
628075
628075
628075
628075
628075
628076
628076
628076
628076
628076
628076
628077
628077
628077
628077
628077
628077
628078
628078
628078
628078
628078
628078
628079
628079
628079
628079
628079
628079
628080
628080
628080
628080
628080
628080
628081
628081
628081
628081
628081
628081
628082
628082
628082
628082
628082
628082
628083
628083
628083
628083
628083
628083
628083
628083
628083
628084
628084
628084
628084
628084
628084
628085
628085
628085
628085
628085
628085
628086
628086
628086
628086
628086
628086
628087
628087
628087
628087
628087
628087
628088
628088
628088
628088
628088
628088
628089
628089
628089
628089
628089
628089
628090
628090
628090
628090
628091
628091
628091
628091
628092
628092
628092
628092
628093
628093
628093
628093
628094
628094
628094
628094
628095
628095
628095
628095
628096
628096
628096
628096
628097
628097
628097
628097
628098
628098
628098
628098
628099
628099
628099
628099
628100
628100
628100
628100
628100
628100
628101
628101
628101
628101
628102
628102
628102
628102
628103
628103
628103
628103
628104
628104
628104
628104
628105
628105
628105
628105
628106
628106
628106
628106
628107
628107
628107
628107
628108
628108
628108
628108
628109
628109
628109
628109
628110
628110
628110
628110
628111
628111
628111
628111
628112
628112
628112
628112
628113
628113
628113
628113
628114
628114
628114
628114
628115
628115
628115
628115
628116
628116
628116
628116
628117
628117
628117
628117
628117
628117
628118
628118
628118
628118
628119
628119
628119
628119
628120
628120
628120
628120
628121
628121
628121
628121
628122
628122
628122
628122
628123
628123
628123
628123
628124
628124
628124
628124
628125
628125
628125
628125
628126
628126
628126
628126
628127
628127
628127
628127
628128
628128
628128
628128
628129
628129
628129
628129
628130
628130
628130
628130
628131
628131
628131
628131
628132
628132
628132
628132
628133
628133
628133
628133
628134
628134
628134
628134
628134
628134
628135
628135
628135
628135
628136
628136
628136
628136
628137
628137
628137
628137
628138
628138
628138
628138
628139
628139
628139
628139
628140
628140
628140
628140
628141
628141
628141
628141
628142
628142
628142
628142
628143
628143
628143
628143
628143
628143
628144
628144
628144
628144
628144
628144
628145
628145
628145
628145
628145
628145
628146
628146
628146
628146
628146
628146
628147
628147
628147
628147
628147
628147
628148
628148
628148
628148
628148
628148
628149
628149
628149
628149
628149
628149
628150
628150
628150
628150
628150
628150
628151
628151
628151
628151
628151
628151
628151
628151
628151
628152
628152
628152
628152
628152
628152
628153
628153
628153
628153
628153
628153
628154
628154
628154
628154
628154
628154
628155
628155
628155
628155
628155
628155
628156
628156
628156
628156
628156
628156
628157
628157
628157
628157
628157
628157
628158
628158
628158
628158
628158
628158
628159
628159
628159
628159
628159
628159
628160
628160
628160
628160
628161
628161
628161
628161
628162
628162
628162
628162
628163
628163
628163
628163
628164
628164
628164
628164
628165
628165
628165
628165
628166
628166
628166
628166
628167
628167
628167
628167
628168
628168
628168
628168
628168
628168
628169
628169
628169
628169
628170
628170
628170
628170
628171
628171
628171
628171
628172
628172
628172
628172
628173
628173
628173
628173
628174
628174
628174
628174
628175
628175
628175
628175
628176
628176
628176
628176
628177
628177
628177
628177
628178
628178
628178
628178
628179
628179
628179
628179
628180
628180
628180
628180
628181
628181
628181
628181
628182
628182
628182
628182
628183
628183
628183
628183
628184
628184
628184
628184
628185
628185
628185
628185
628185
628185
628186
628186
628186
628186
628187
628187
628187
628187
628188
628188
628188
628188
628189
628189
628189
628189
628190
628190
628190
628190
628191
628191
628191
628191
628192
628192
628192
628192
628193
628193
628193
628193
628194
628194
628194
628194
628195
628195
628195
628195
628196
628196
628196
628196
628197
628197
628197
628197
628198
628198
628198
628198
628199
628199
628199
628199
628200
628200
628200
628200
628201
628201
628201
628201
628202
628202
628202
628202
628202
628202
628203
628203
628203
628203
628204
628204
628204
628204
628205
628205
628205
628205
628206
628206
628206
628206
628207
628207
628207
628207
628208
628208
628208
628208
628209
628209
628209
628209
628210
628210
628210
628210
628211
628211
628211
628211
628211
628211
628212
628212
628212
628212
628212
628212
628213
628213
628213
628213
628213
628213
628214
628214
628214
628214
628214
628214
628215
628215
628215
628215
628215
628215
628216
628216
628216
628216
628216
628216
628217
628217
628217
628217
628217
628217
628218
628218
628218
628218
628218
628218
628219
628219
628219
628219
628219
628219
628219
628219
628219
628220
628220
628220
628220
628220
628220
628221
628221
628221
628221
628221
628221
628222
628222
628222
628222
628222
628222
628223
628223
628223
628223
628223
628223
628224
628224
628224
628224
628224
628224
628225
628225
628225
628225
628225
628225
628226
628226
628226
628226
628226
628226
628227
628227
628227
628227
628227
628227
628228
628228
628228
628228
628229
628229
628229
628229
628230
628230
628230
628230
628231
628231
628231
628231
628232
628232
628232
628232
628233
628233
628233
628233
628234
628234
628234
628234
628235
628235
628235
628235
628236
628236
628236
628236
628236
628236
628237
628237
628237
628237
628238
628238
628238
628238
628239
628239
628239
628239
628240
628240
628240
628240
628241
628241
628241
628241
628242
628242
628242
628242
628243
628243
628243
628243
628244
628244
628244
628244
628245
628245
628245
628245
628246
628246
628246
628246
628247
628247
628247
628247
628248
628248
628248
628248
628249
628249
628249
628249
628250
628250
628250
628250
628251
628251
628251
628251
628252
628252
628252
628252
628253
628253
628253
628253
628253
628253
628254
628254
628254
628254
628255
628255
628255
628255
628256
628256
628256
628256
628257
628257
628257
628257
628258
628258
628258
628258
628259
628259
628259
628259
628260
628260
628260
628260
628261
628261
628261
628261
628262
628262
628262
628262
628263
628263
628263
628263
628264
628264
628264
628264
628265
628265
628265
628265
628266
628266
628266
628266
628267
628267
628267
628267
628268
628268
628268
628268
628269
628269
628269
628269
628270
628270
628270
628270
628270
628270
628271
628271
628271
628271
628272
628272
628272
628272
628273
628273
628273
628273
628274
628274
628274
628274
628275
628275
628275
628275
628276
628276
628276
628276
628277
628277
628277
628277
628278
628278
628278
628278
628279
628279
628279
628279
628279
628279
628280
628280
628280
628280
628280
628280
628281
628281
628281
628281
628281
628281
628282
628282
628282
628282
628282
628282
628283
628283
628283
628283
628283
628283
628284
628284
628284
628284
628284
628284
628285
628285
628285
628285
628285
628285
628286
628286
628286
628286
628286
628286
628287
628287
628287
628287
628287
628287
628287
628287
628287
628288
628288
628288
628288
628288
628288
628289
628289
628289
628289
628289
628289
628290
628290
628290
628290
628290
628290
628291
628291
628291
628291
628291
628291
628292
628292
628292
628292
628292
628292
628293
628293
628293
628293
628293
628293
628294
628294
628294
628294
628294
628294
628295
628295
628295
628295
628295
628295
628296
628296
628296
628296
628297
628297
628297
628297
628298
628298
628298
628298
628299
628299
628299
628299
628300
628300
628300
628300
628301
628301
628301
628301
628302
628302
628302
628302
628303
628303
628303
628303
628304
628304
628304
628304
628304
628304
628305
628305
628305
628305
628306
628306
628306
628306
628307
628307
628307
628307
628308
628308
628308
628308
628309
628309
628309
628309
628310
628310
628310
628310
628311
628311
628311
628311
628312
628312
628312
628312
628313
628313
628313
628313
628314
628314
628314
628314
628315
628315
628315
628315
628316
628316
628316
628316
628317
628317
628317
628317
628318
628318
628318
628318
628319
628319
628319
628319
628320
628320
628320
628320
628321
628321
628321
628321
628321
628321
628322
628322
628322
628322
628323
628323
628323
628323
628324
628324
628324
628324
628325
628325
628325
628325
628326
628326
628326
628326
628327
628327
628327
628327
628328
628328
628328
628328
628329
628329
628329
628329
628330
628330
628330
628330
628331
628331
628331
628331
628332
628332
628332
628332
628333
628333
628333
628333
628334
628334
628334
628334
628335
628335
628335
628335
628336
628336
628336
628336
628337
628337
628337
628337
628338
628338
628338
628338
628338
628338
628339
628339
628339
628339
628340
628340
628340
628340
628341
628341
628341
628341
628342
628342
628342
628342
628343
628343
628343
628343
628344
628344
628344
628344
628345
628345
628345
628345
628346
628346
628346
628346
628347
628347
628347
628347
628348
628348
628348
628348
628349
628349
628349
628349
628350
628350
628350
628350
628351
628351
628351
628351
628352
628352
628352
628352
628353
628353
628353
628353
628354
628354
628354
628354
628355
628355
628355
628355
628355
628355
628356
628356
628356
628356
628357
628357
628357
628357
628358
628358
628358
628358
628359
628359
628359
628359
628360
628360
628360
628360
628361
628361
628361
628361
628362
628362
628362
628362
628363
628363
628363
628363
628364
628364
628364
628364
628364
628364
628365
628365
628365
628365
628365
628365
628366
628366
628366
628366
628366
628366
628367
628367
628367
628367
628367
628367
628368
628368
628368
628368
628368
628368
628369
628369
628369
628369
628369
628369
628370
628370
628370
628370
628370
628370
628371
628371
628371
628371
628371
628371
628372
628372
628372
628372
628372
628372
628372
628372
628372
628373
628373
628373
628373
628373
628373
628374
628374
628374
628374
628374
628374
628375
628375
628375
628375
628375
628375
628376
628376
628376
628376
628376
628376
628377
628377
628377
628377
628377
628377
628378
628378
628378
628378
628378
628378
628379
628379
628379
628379
628379
628379
628380
628380
628380
628380
628380
628380
628381
628381
628381
628381
628382
628382
628382
628382
628383
628383
628383
628383
628384
628384
628384
628384
628385
628385
628385
628385
628386
628386
628386
628386
628387
628387
628387
628387
628388
628388
628388
628388
628389
628389
628389
628389
628389
628389
628390
628390
628390
628390
628391
628391
628391
628391
628392
628392
628392
628392
628393
628393
628393
628393
628394
628394
628394
628394
628395
628395
628395
628395
628396
628396
628396
628396
628397
628397
628397
628397
628398
628398
628398
628398
628399
628399
628399
628399
628400
628400
628400
628400
628401
628401
628401
628401
628402
628402
628402
628402
628403
628403
628403
628403
628404
628404
628404
628404
628405
628405
628405
628405
628406
628406
628406
628406
628406
628406
628407
628407
628407
628407
628408
628408
628408
628408
628409
628409
628409
628409
628410
628410
628410
628410
628411
628411
628411
628411
628412
628412
628412
628412
628413
628413
628413
628413
628414
628414
628414
628414
628415
628415
628415
628415
628416
628416
628416
628416
628417
628417
628417
628417
628418
628418
628418
628418
628419
628419
628419
628419
628420
628420
628420
628420
628421
628421
628421
628421
628422
628422
628422
628422
628423
628423
628423
628423
628423
628423
628424
628424
628424
628424
628425
628425
628425
628425
628426
628426
628426
628426
628427
628427
628427
628427
628428
628428
628428
628428
628429
628429
628429
628429
628430
628430
628430
628430
628431
628431
628431
628431
628432
628432
628432
628432
628432
628432
628433
628433
628433
628433
628433
628433
628434
628434
628434
628434
628434
628434
628435
628435
628435
628435
628435
628435
628436
628436
628436
628436
628436
628436
628437
628437
628437
628437
628437
628437
628438
628438
628438
628438
628438
628438
628439
628439
628439
628439
628439
628439
628440
628440
628440
628440
628440
628440
628440
628440
628440
628441
628441
628441
628441
628441
628441
628442
628442
628442
628442
628442
628442
628443
628443
628443
628443
628443
628443
628444
628444
628444
628444
628444
628444
628445
628445
628445
628445
628445
628445
628446
628446
628446
628446
628446
628446
628447
628447
628447
628447
628447
628447
628448
628448
628448
628448
628448
628448
628449
628449
628449
628449
628450
628450
628450
628450
628451
628451
628451
628451
628452
628452
628452
628452
628453
628453
628453
628453
628454
628454
628454
628454
628455
628455
628455
628455
628456
628456
628456
628456
628457
628457
628457
628457
628457
628457
628458
628458
628458
628458
628459
628459
628459
628459
628460
628460
628460
628460
628461
628461
628461
628461
628462
628462
628462
628462
628463
628463
628463
628463
628464
628464
628464
628464
628465
628465
628465
628465
628466
628466
628466
628466
628467
628467
628467
628467
628468
628468
628468
628468
628469
628469
628469
628469
628470
628470
628470
628470
628471
628471
628471
628471
628472
628472
628472
628472
628473
628473
628473
628473
628474
628474
628474
628474
628474
628474
628475
628475
628475
628475
628476
628476
628476
628476
628477
628477
628477
628477
628478
628478
628478
628478
628479
628479
628479
628479
628480
628480
628480
628480
628481
628481
628481
628481
628482
628482
628482
628482
628483
628483
628483
628483
628484
628484
628484
628484
628485
628485
628485
628485
628486
628486
628486
628486
628487
628487
628487
628487
628488
628488
628488
628488
628489
628489
628489
628489
628490
628490
628490
628490
628491
628491
628491
628491
628491
628491
628492
628492
628492
628492
628493
628493
628493
628493
628494
628494
628494
628494
628495
628495
628495
628495
628496
628496
628496
628496
628497
628497
628497
628497
628498
628498
628498
628498
628499
628499
628499
628499
628500
628500
628500
628500
628500
628500
628501
628501
628501
628501
628501
628501
628502
628502
628502
628502
628502
628502
628503
628503
628503
628503
628503
628503
628504
628504
628504
628504
628504
628504
628505
628505
628505
628505
628505
628505
628506
628506
628506
628506
628506
628506
628507
628507
628507
628507
628507
628507
628508
628508
628508
628508
628508
628508
628508
628508
628508
628509
628509
628509
628509
628509
628509
628510
628510
628510
628510
628510
628510
628511
628511
628511
628511
628511
628511
628512
628512
628512
628512
628512
628512
628513
628513
628513
628513
628513
628513
628514
628514
628514
628514
628514
628514
628515
628515
628515
628515
628515
628515
628516
628516
628516
628516
628516
628516
628517
628517
628517
628517
628518
628518
628518
628518
628519
628519
628519
628519
628520
628520
628520
628520
628521
628521
628521
628521
628522
628522
628522
628522
628523
628523
628523
628523
628524
628524
628524
628524
628525
628525
628525
628525
628525
628525
628526
628526
628526
628526
628527
628527
628527
628527
628528
628528
628528
628528
628529
628529
628529
628529
628530
628530
628530
628530
628531
628531
628531
628531
628532
628532
628532
628532
628533
628533
628533
628533
628534
628534
628534
628534
628535
628535
628535
628535
628536
628536
628536
628536
628537
628537
628537
628537
628538
628538
628538
628538
628539
628539
628539
628539
628540
628540
628540
628540
628541
628541
628541
628541
628542
628542
628542
628542
628542
628542
628543
628543
628543
628543
628544
628544
628544
628544
628545
628545
628545
628545
628546
628546
628546
628546
628547
628547
628547
628547
628548
628548
628548
628548
628549
628549
628549
628549
628550
628550
628550
628550
628551
628551
628551
628551
628552
628552
628552
628552
628553
628553
628553
628553
628554
628554
628554
628554
628555
628555
628555
628555
628556
628556
628556
628556
628557
628557
628557
628557
628558
628558
628558
628558
628559
628559
628559
628559
628559
628559
628560
628560
628560
628560
628561
628561
628561
628561
628562
628562
628562
628562
628563
628563
628563
628563
628564
628564
628564
628564
628565
628565
628565
628565
628566
628566
628566
628566
628567
628567
628567
628567
628568
628568
628568
628568
628568
628568
628569
628569
628569
628569
628569
628569
628570
628570
628570
628570
628570
628570
628571
628571
628571
628571
628571
628571
628572
628572
628572
628572
628572
628572
628573
628573
628573
628573
628573
628573
628574
628574
628574
628574
628574
628574
628575
628575
628575
628575
628575
628575
628576
628576
628576
628576
628576
628576
628576
628576
628576
628577
628577
628577
628577
628577
628577
628578
628578
628578
628578
628578
628578
628579
628579
628579
628579
628579
628579
628580
628580
628580
628580
628580
628580
628581
628581
628581
628581
628581
628581
628582
628582
628582
628582
628582
628582
628583
628583
628583
628583
628583
628583
628584
628584
628584
628584
628584
628584
628585
628585
628585
628585
628586
628586
628586
628586
628587
628587
628587
628587
628588
628588
628588
628588
628589
628589
628589
628589
628590
628590
628590
628590
628591
628591
628591
628591
628592
628592
628592
628592
628593
628593
628593
628593
628593
628593
628594
628594
628594
628594
628595
628595
628595
628595
628596
628596
628596
628596
628597
628597
628597
628597
628598
628598
628598
628598
628599
628599
628599
628599
628600
628600
628600
628600
628601
628601
628601
628601
628602
628602
628602
628602
628603
628603
628603
628603
628604
628604
628604
628604
628605
628605
628605
628605
628606
628606
628606
628606
628607
628607
628607
628607
628608
628608
628608
628608
628609
628609
628609
628609
628610
628610
628610
628610
628610
628610
628611
628611
628611
628611
628612
628612
628612
628612
628613
628613
628613
628613
628614
628614
628614
628614
628615
628615
628615
628615
628616
628616
628616
628616
628617
628617
628617
628617
628618
628618
628618
628618
628619
628619
628619
628619
628620
628620
628620
628620
628621
628621
628621
628621
628622
628622
628622
628622
628623
628623
628623
628623
628624
628624
628624
628624
628625
628625
628625
628625
628626
628626
628626
628626
628627
628627
628627
628627
628627
628627
628628
628628
628628
628628
628629
628629
628629
628629
628630
628630
628630
628630
628631
628631
628631
628631
628632
628632
628632
628632
628633
628633
628633
628633
628634
628634
628634
628634
628635
628635
628635
628635
628636
628636
628636
628636
628637
628637
628637
628637
628638
628638
628638
628638
628639
628639
628639
628639
628640
628640
628640
628640
628641
628641
628641
628641
628642
628642
628642
628642
628643
628643
628643
628643
628644
628644
628644
628644
628644
628644
628645
628645
628645
628645
628646
628646
628646
628646
628647
628647
628647
628647
628648
628648
628648
628648
628649
628649
628649
628649
628650
628650
628650
628650
628651
628651
628651
628651
628652
628652
628652
628652
628653
628653
628653
628653
628653
628653
628654
628654
628654
628654
628654
628654
628655
628655
628655
628655
628655
628655
628656
628656
628656
628656
628656
628656
628657
628657
628657
628657
628657
628657
628658
628658
628658
628658
628658
628658
628659
628659
628659
628659
628659
628659
628660
628660
628660
628660
628660
628660
628661
628661
628661
628661
628661
628661
628661
628661
628661
628662
628662
628662
628662
628662
628662
628663
628663
628663
628663
628663
628663
628664
628664
628664
628664
628664
628664
628665
628665
628665
628665
628665
628665
628666
628666
628666
628666
628666
628666
628667
628667
628667
628667
628667
628667
628668
628668
628668
628668
628668
628668
628669
628669
628669
628669
628669
628669
628670
628670
628670
628670
628671
628671
628671
628671
628672
628672
628672
628672
628673
628673
628673
628673
628674
628674
628674
628674
628675
628675
628675
628675
628676
628676
628676
628676
628677
628677
628677
628677
628678
628678
628678
628678
628678
628678
628679
628679
628679
628679
628680
628680
628680
628680
628681
628681
628681
628681
628682
628682
628682
628682
628683
628683
628683
628683
628684
628684
628684
628684
628685
628685
628685
628685
628686
628686
628686
628686
628687
628687
628687
628687
628688
628688
628688
628688
628689
628689
628689
628689
628690
628690
628690
628690
628691
628691
628691
628691
628692
628692
628692
628692
628693
628693
628693
628693
628694
628694
628694
628694
628695
628695
628695
628695
628695
628695
628696
628696
628696
628696
628697
628697
628697
628697
628698
628698
628698
628698
628699
628699
628699
628699
628700
628700
628700
628700
628701
628701
628701
628701
628702
628702
628702
628702
628703
628703
628703
628703
628704
628704
628704
628704
628705
628705
628705
628705
628706
628706
628706
628706
628707
628707
628707
628707
628708
628708
628708
628708
628709
628709
628709
628709
628710
628710
628710
628710
628711
628711
628711
628711
628712
628712
628712
628712
628712
628712
628713
628713
628713
628713
628714
628714
628714
628714
628715
628715
628715
628715
628716
628716
628716
628716
628717
628717
628717
628717
628718
628718
628718
628718
628719
628719
628719
628719
628720
628720
628720
628720
628721
628721
628721
628721
628721
628721
628722
628722
628722
628722
628722
628722
628723
628723
628723
628723
628723
628723
628724
628724
628724
628724
628724
628724
628725
628725
628725
628725
628725
628725
628726
628726
628726
628726
628726
628726
628727
628727
628727
628727
628727
628727
628728
628728
628728
628728
628728
628728
628729
628729
628729
628729
628729
628729
628729
628729
628729
628730
628730
628730
628730
628730
628730
628731
628731
628731
628731
628731
628731
628732
628732
628732
628732
628732
628732
628733
628733
628733
628733
628733
628733
628734
628734
628734
628734
628734
628734
628735
628735
628735
628735
628735
628735
628736
628736
628736
628736
628736
628736
628737
628737
628737
628737
628737
628737
628738
628738
628738
628738
628739
628739
628739
628739
628740
628740
628740
628740
628741
628741
628741
628741
628742
628742
628742
628742
628743
628743
628743
628743
628744
628744
628744
628744
628745
628745
628745
628745
628746
628746
628746
628746
628746
628746
628747
628747
628747
628747
628748
628748
628748
628748
628749
628749
628749
628749
628750
628750
628750
628750
628751
628751
628751
628751
628752
628752
628752
628752
628753
628753
628753
628753
628754
628754
628754
628754
628755
628755
628755
628755
628756
628756
628756
628756
628757
628757
628757
628757
628758
628758
628758
628758
628759
628759
628759
628759
628760
628760
628760
628760
628761
628761
628761
628761
628762
628762
628762
628762
628763
628763
628763
628763
628763
628763
628764
628764
628764
628764
628765
628765
628765
628765
628766
628766
628766
628766
628767
628767
628767
628767
628768
628768
628768
628768
628769
628769
628769
628769
628770
628770
628770
628770
628771
628771
628771
628771
628772
628772
628772
628772
628773
628773
628773
628773
628774
628774
628774
628774
628775
628775
628775
628775
628776
628776
628776
628776
628777
628777
628777
628777
628778
628778
628778
628778
628779
628779
628779
628779
628780
628780
628780
628780
628780
628780
628781
628781
628781
628781
628782
628782
628782
628782
628783
628783
628783
628783
628784
628784
628784
628784
628785
628785
628785
628785
628786
628786
628786
628786
628787
628787
628787
628787
628788
628788
628788
628788
628789
628789
628789
628789
628789
628789
628790
628790
628790
628790
628790
628790
628791
628791
628791
628791
628791
628791
628792
628792
628792
628792
628792
628792
628793
628793
628793
628793
628793
628793
628794
628794
628794
628794
628794
628794
628795
628795
628795
628795
628795
628795
628796
628796
628796
628796
628796
628796
628797
628797
628797
628797
628797
628797
628797
628797
628797
628798
628798
628798
628798
628798
628798
628799
628799
628799
628799
628799
628799
628800
628800
628800
628800
628800
628800
628801
628801
628801
628801
628801
628801
628802
628802
628802
628802
628802
628802
628803
628803
628803
628803
628803
628803
628804
628804
628804
628804
628804
628804
628805
628805
628805
628805
628805
628805
628806
628806
628806
628806
628807
628807
628807
628807
628808
628808
628808
628808
628809
628809
628809
628809
628810
628810
628810
628810
628811
628811
628811
628811
628812
628812
628812
628812
628813
628813
628813
628813
628814
628814
628814
628814
628814
628814
628815
628815
628815
628815
628816
628816
628816
628816
628817
628817
628817
628817
628818
628818
628818
628818
628819
628819
628819
628819
628820
628820
628820
628820
628821
628821
628821
628821
628822
628822
628822
628822
628823
628823
628823
628823
628824
628824
628824
628824
628825
628825
628825
628825
628826
628826
628826
628826
628827
628827
628827
628827
628828
628828
628828
628828
628829
628829
628829
628829
628830
628830
628830
628830
628831
628831
628831
628831
628831
628831
628832
628832
628832
628832
628833
628833
628833
628833
628834
628834
628834
628834
628835
628835
628835
628835
628836
628836
628836
628836
628837
628837
628837
628837
628838
628838
628838
628838
628839
628839
628839
628839
628840
628840
628840
628840
628841
628841
628841
628841
628842
628842
628842
628842
628843
628843
628843
628843
628844
628844
628844
628844
628845
628845
628845
628845
628846
628846
628846
628846
628847
628847
628847
628847
628848
628848
628848
628848
628848
628848
628849
628849
628849
628849
628850
628850
628850
628850
628851
628851
628851
628851
628852
628852
628852
628852
628853
628853
628853
628853
628854
628854
628854
628854
628855
628855
628855
628855
628856
628856
628856
628856
628857
628857
628857
628857
628857
628857
628858
628858
628858
628858
628858
628858
628859
628859
628859
628859
628859
628859
628860
628860
628860
628860
628860
628860
628861
628861
628861
628861
628861
628861
628862
628862
628862
628862
628862
628862
628863
628863
628863
628863
628863
628863
628864
628864
628864
628864
628864
628864
628865
628865
628865
628865
628865
628865
628865
628865
628865
628866
628866
628866
628866
628866
628866
628867
628867
628867
628867
628867
628867
628868
628868
628868
628868
628868
628868
628869
628869
628869
628869
628869
628869
628870
628870
628870
628870
628870
628870
628871
628871
628871
628871
628871
628871
628872
628872
628872
628872
628872
628872
628873
628873
628873
628873
628873
628873
628874
628874
628874
628874
628875
628875
628875
628875
628876
628876
628876
628876
628877
628877
628877
628877
628878
628878
628878
628878
628879
628879
628879
628879
628880
628880
628880
628880
628881
628881
628881
628881
628882
628882
628882
628882
628882
628882
628883
628883
628883
628883
628884
628884
628884
628884
628885
628885
628885
628885
628886
628886
628886
628886
628887
628887
628887
628887
628888
628888
628888
628888
628889
628889
628889
628889
628890
628890
628890
628890
628891
628891
628891
628891
628892
628892
628892
628892
628893
628893
628893
628893
628894
628894
628894
628894
628895
628895
628895
628895
628896
628896
628896
628896
628897
628897
628897
628897
628898
628898
628898
628898
628899
628899
628899
628899
628899
628899
628900
628900
628900
628900
628901
628901
628901
628901
628902
628902
628902
628902
628903
628903
628903
628903
628904
628904
628904
628904
628905
628905
628905
628905
628906
628906
628906
628906
628907
628907
628907
628907
628908
628908
628908
628908
628909
628909
628909
628909
628910
628910
628910
628910
628911
628911
628911
628911
628912
628912
628912
628912
628913
628913
628913
628913
628914
628914
628914
628914
628915
628915
628915
628915
628916
628916
628916
628916
628916
628916
628917
628917
628917
628917
628918
628918
628918
628918
628919
628919
628919
628919
628920
628920
628920
628920
628921
628921
628921
628921
628922
628922
628922
628922
628923
628923
628923
628923
628924
628924
628924
628924
628925
628925
628925
628925
628926
628926
628926
628926
628927
628927
628927
628927
628928
628928
628928
628928
628929
628929
628929
628929
628930
628930
628930
628930
628931
628931
628931
628931
628932
628932
628932
628932
628933
628933
628933
628933
628933
628933
628934
628934
628934
628934
628935
628935
628935
628935
628936
628936
628936
628936
628937
628937
628937
628937
628938
628938
628938
628938
628939
628939
628939
628939
628940
628940
628940
628940
628941
628941
628941
628941
628942
628942
628942
628942
628942
628942
628943
628943
628943
628943
628943
628943
628944
628944
628944
628944
628944
628944
628945
628945
628945
628945
628945
628945
628946
628946
628946
628946
628946
628946
628947
628947
628947
628947
628947
628947
628948
628948
628948
628948
628948
628948
628949
628949
628949
628949
628949
628949
628950
628950
628950
628950
628950
628950
628950
628950
628950
628951
628951
628951
628951
628951
628951
628952
628952
628952
628952
628952
628952
628953
628953
628953
628953
628953
628953
628954
628954
628954
628954
628954
628954
628955
628955
628955
628955
628955
628955
628956
628956
628956
628956
628956
628956
628957
628957
628957
628957
628957
628957
628958
628958
628958
628958
628958
628958
628959
628959
628959
628959
628960
628960
628960
628960
628961
628961
628961
628961
628962
628962
628962
628962
628963
628963
628963
628963
628964
628964
628964
628964
628965
628965
628965
628965
628966
628966
628966
628966
628967
628967
628967
628967
628967
628967
628968
628968
628968
628968
628969
628969
628969
628969
628970
628970
628970
628970
628971
628971
628971
628971
628972
628972
628972
628972
628973
628973
628973
628973
628974
628974
628974
628974
628975
628975
628975
628975
628976
628976
628976
628976
628977
628977
628977
628977
628978
628978
628978
628978
628979
628979
628979
628979
628980
628980
628980
628980
628981
628981
628981
628981
628982
628982
628982
628982
628983
628983
628983
628983
628984
628984
628984
628984
628984
628984
628985
628985
628985
628985
628986
628986
628986
628986
628987
628987
628987
628987
628988
628988
628988
628988
628989
628989
628989
628989
628990
628990
628990
628990
628991
628991
628991
628991
628992
628992
628992
628992
628993
628993
628993
628993
628994
628994
628994
628994
628995
628995
628995
628995
628996
628996
628996
628996
628997
628997
628997
628997
628998
628998
628998
628998
628999
628999
628999
628999
629000
629000
629000
629000
629001
629001
629001
629001
629001
629001
629002
629002
629002
629002
629003
629003
629003
629003
629004
629004
629004
629004
629005
629005
629005
629005
629006
629006
629006
629006
629007
629007
629007
629007
629008
629008
629008
629008
629009
629009
629009
629009
629010
629010
629010
629010
629010
629010
629011
629011
629011
629011
629011
629011
629012
629012
629012
629012
629012
629012
629013
629013
629013
629013
629013
629013
629014
629014
629014
629014
629014
629014
629015
629015
629015
629015
629015
629015
629016
629016
629016
629016
629016
629016
629017
629017
629017
629017
629017
629017
629018
629018
629018
629018
629018
629018
629018
629018
629018
629019
629019
629019
629019
629019
629019
629020
629020
629020
629020
629020
629020
629021
629021
629021
629021
629021
629021
629022
629022
629022
629022
629022
629022
629023
629023
629023
629023
629023
629023
629024
629024
629024
629024
629024
629024
629025
629025
629025
629025
629025
629025
629026
629026
629026
629026
629026
629026
629027
629027
629027
629027
629028
629028
629028
629028
629029
629029
629029
629029
629030
629030
629030
629030
629031
629031
629031
629031
629032
629032
629032
629032
629033
629033
629033
629033
629034
629034
629034
629034
629035
629035
629035
629035
629035
629035
629036
629036
629036
629036
629037
629037
629037
629037
629038
629038
629038
629038
629039
629039
629039
629039
629040
629040
629040
629040
629041
629041
629041
629041
629042
629042
629042
629042
629043
629043
629043
629043
629044
629044
629044
629044
629045
629045
629045
629045
629046
629046
629046
629046
629047
629047
629047
629047
629048
629048
629048
629048
629049
629049
629049
629049
629050
629050
629050
629050
629051
629051
629051
629051
629052
629052
629052
629052
629052
629052
629053
629053
629053
629053
629054
629054
629054
629054
629055
629055
629055
629055
629056
629056
629056
629056
629057
629057
629057
629057
629058
629058
629058
629058
629059
629059
629059
629059
629060
629060
629060
629060
629061
629061
629061
629061
629062
629062
629062
629062
629063
629063
629063
629063
629064
629064
629064
629064
629065
629065
629065
629065
629066
629066
629066
629066
629067
629067
629067
629067
629068
629068
629068
629068
629069
629069
629069
629069
629069
629069
629070
629070
629070
629070
629071
629071
629071
629071
629072
629072
629072
629072
629073
629073
629073
629073
629074
629074
629074
629074
629075
629075
629075
629075
629076
629076
629076
629076
629077
629077
629077
629077
629078
629078
629078
629078
629078
629078
629079
629079
629079
629079
629079
629079
629080
629080
629080
629080
629080
629080
629081
629081
629081
629081
629081
629081
629082
629082
629082
629082
629082
629082
629083
629083
629083
629083
629083
629083
629084
629084
629084
629084
629084
629084
629085
629085
629085
629085
629085
629085
629086
629086
629086
629086
629086
629086
629086
629086
629086
629087
629087
629087
629087
629087
629087
629088
629088
629088
629088
629088
629088
629089
629089
629089
629089
629089
629089
629090
629090
629090
629090
629090
629090
629091
629091
629091
629091
629091
629091
629092
629092
629092
629092
629092
629092
629093
629093
629093
629093
629093
629093
629094
629094
629094
629094
629094
629094
629095
629095
629095
629095
629096
629096
629096
629096
629097
629097
629097
629097
629098
629098
629098
629098
629099
629099
629099
629099
629100
629100
629100
629100
629101
629101
629101
629101
629102
629102
629102
629102
629103
629103
629103
629103
629103
629103
629104
629104
629104
629104
629105
629105
629105
629105
629106
629106
629106
629106
629107
629107
629107
629107
629108
629108
629108
629108
629109
629109
629109
629109
629110
629110
629110
629110
629111
629111
629111
629111
629112
629112
629112
629112
629113
629113
629113
629113
629114
629114
629114
629114
629115
629115
629115
629115
629116
629116
629116
629116
629117
629117
629117
629117
629118
629118
629118
629118
629119
629119
629119
629119
629120
629120
629120
629120
629120
629120
629121
629121
629121
629121
629122
629122
629122
629122
629123
629123
629123
629123
629124
629124
629124
629124
629125
629125
629125
629125
629126
629126
629126
629126
629127
629127
629127
629127
629128
629128
629128
629128
629129
629129
629129
629129
629130
629130
629130
629130
629131
629131
629131
629131
629132
629132
629132
629132
629133
629133
629133
629133
629134
629134
629134
629134
629135
629135
629135
629135
629136
629136
629136
629136
629137
629137
629137
629137
629137
629137
629138
629138
629138
629138
629139
629139
629139
629139
629140
629140
629140
629140
629141
629141
629141
629141
629142
629142
629142
629142
629143
629143
629143
629143
629144
629144
629144
629144
629145
629145
629145
629145
629146
629146
629146
629146
629147
629147
629147
629147
629148
629148
629148
629148
629149
629149
629149
629149
629150
629150
629150
629150
629151
629151
629151
629151
629152
629152
629152
629152
629153
629153
629153
629153
629153
629154
629154
629154
629154
629154
629154
629154
629154
629154
629155
629155
629155
629155
629155
629155
629156
629156
629156
629156
629156
629156
629157
629157
629157
629157
629157
629157
629158
629158
629158
629158
629158
629158
629159
629159
629159
629159
629159
629159
629160
629160
629160
629160
629160
629160
629161
629161
629161
629161
629161
629161
629162
629162
629162
629162
629162
629162
629163
629163
629163
629163
629164
629164
629164
629164
629165
629165
629165
629165
629166
629166
629166
629166
629167
629167
629167
629167
629168
629168
629168
629168
629169
629169
629169
629169
629170
629170
629170
629170
629170
629171
629171
629171
629171
629171
629171
629171
629171
629171
629172
629172
629172
629172
629172
629172
629173
629173
629173
629173
629173
629173
629174
629174
629174
629174
629174
629174
629175
629175
629175
629175
629175
629175
629176
629176
629176
629176
629176
629176
629177
629177
629177
629177
629177
629177
629178
629178
629178
629178
629178
629178
629179
629179
629179
629179
629179
629179
629180
629180
629180
629180
629181
629181
629181
629181
629182
629182
629182
629182
629183
629183
629183
629183
629184
629184
629184
629184
629185
629185
629185
629185
629186
629186
629186
629186
629187
629187
629187
629187
629188
629188
629188
629188
629188
629188
629189
629189
629189
629189
629190
629190
629190
629190
629191
629191
629191
629191
629192
629192
629192
629192
629193
629193
629193
629193
629194
629194
629194
629194
629195
629195
629195
629195
629196
629196
629196
629196
629197
629197
629197
629197
629198
629198
629198
629198
629199
629199
629199
629199
629200
629200
629200
629200
629201
629201
629201
629201
629202
629202
629202
629202
629203
629203
629203
629203
629204
629204
629204
629204
629205
629205
629205
629205
629205
629205
629206
629206
629206
629206
629207
629207
629207
629207
629208
629208
629208
629208
629209
629209
629209
629209
629210
629210
629210
629210
629211
629211
629211
629211
629212
629212
629212
629212
629213
629213
629213
629213
629214
629214
629214
629214
629215
629215
629215
629215
629216
629216
629216
629216
629217
629217
629217
629217
629218
629218
629218
629218
629219
629219
629219
629219
629220
629220
629220
629220
629221
629221
629221
629221
629222
629222
629222
629222
629222
629222
629223
629223
629223
629223
629224
629224
629224
629224
629225
629225
629225
629225
629226
629226
629226
629226
629227
629227
629227
629227
629228
629228
629228
629228
629229
629229
629229
629229
629230
629230
629230
629230
629231
629231
629231
629231
629231
629231
629232
629232
629232
629232
629232
629232
629233
629233
629233
629233
629233
629233
629234
629234
629234
629234
629234
629234
629235
629235
629235
629235
629235
629235
629236
629236
629236
629236
629236
629236
629237
629237
629237
629237
629237
629237
629238
629238
629238
629238
629238
629238
629239
629239
629239
629239
629239
629239
629239
629239
629239
629240
629240
629240
629240
629240
629240
629241
629241
629241
629241
629241
629241
629242
629242
629242
629242
629242
629242
629243
629243
629243
629243
629243
629243
629244
629244
629244
629244
629244
629244
629245
629245
629245
629245
629245
629245
629246
629246
629246
629246
629246
629246
629247
629247
629247
629247
629247
629247
629248
629248
629248
629248
629249
629249
629249
629249
629250
629250
629250
629250
629251
629251
629251
629251
629252
629252
629252
629252
629253
629253
629253
629253
629254
629254
629254
629254
629255
629255
629255
629255
629256
629256
629256
629256
629256
629256
629257
629257
629257
629257
629258
629258
629258
629258
629259
629259
629259
629259
629260
629260
629260
629260
629261
629261
629261
629261
629262
629262
629262
629262
629263
629263
629263
629263
629264
629264
629264
629264
629265
629265
629265
629265
629266
629266
629266
629266
629267
629267
629267
629267
629268
629268
629268
629268
629269
629269
629269
629269
629270
629270
629270
629270
629271
629271
629271
629271
629272
629272
629272
629272
629273
629273
629273
629273
629273
629273
629274
629274
629274
629274
629275
629275
629275
629275
629276
629276
629276
629276
629277
629277
629277
629277
629278
629278
629278
629278
629279
629279
629279
629279
629280
629280
629280
629280
629281
629281
629281
629281
629282
629282
629282
629282
629283
629283
629283
629283
629284
629284
629284
629284
629285
629285
629285
629285
629286
629286
629286
629286
629287
629287
629287
629287
629288
629288
629288
629288
629289
629289
629289
629289
629290
629290
629290
629290
629290
629290
629291
629291
629291
629291
629292
629292
629292
629292
629293
629293
629293
629293
629294
629294
629294
629294
629295
629295
629295
629295
629296
629296
629296
629296
629297
629297
629297
629297
629298
629298
629298
629298
629299
629299
629299
629299
629299
629299
629300
629300
629300
629300
629300
629300
629301
629301
629301
629301
629301
629301
629302
629302
629302
629302
629302
629302
629303
629303
629303
629303
629303
629303
629304
629304
629304
629304
629304
629304
629305
629305
629305
629305
629305
629305
629306
629306
629306
629306
629306
629306
629307
629307
629307
629307
629307
629307
629307
629307
629307
629308
629308
629308
629308
629308
629308
629309
629309
629309
629309
629309
629309
629310
629310
629310
629310
629310
629310
629311
629311
629311
629311
629311
629311
629312
629312
629312
629312
629312
629312
629313
629313
629313
629313
629313
629313
629314
629314
629314
629314
629314
629314
629315
629315
629315
629315
629315
629315
629316
629316
629316
629316
629317
629317
629317
629317
629318
629318
629318
629318
629319
629319
629319
629319
629320
629320
629320
629320
629321
629321
629321
629321
629322
629322
629322
629322
629323
629323
629323
629323
629324
629324
629324
629324
629324
629324
629325
629325
629325
629325
629326
629326
629326
629326
629327
629327
629327
629327
629328
629328
629328
629328
629329
629329
629329
629329
629330
629330
629330
629330
629331
629331
629331
629331
629332
629332
629332
629332
629333
629333
629333
629333
629334
629334
629334
629334
629335
629335
629335
629335
629336
629336
629336
629336
629337
629337
629337
629337
629338
629338
629338
629338
629339
629339
629339
629339
629340
629340
629340
629340
629341
629341
629341
629341
629341
629341
629342
629342
629342
629342
629343
629343
629343
629343
629344
629344
629344
629344
629345
629345
629345
629345
629346
629346
629346
629346
629347
629347
629347
629347
629348
629348
629348
629348
629349
629349
629349
629349
629350
629350
629350
629350
629351
629351
629351
629351
629352
629352
629352
629352
629353
629353
629353
629353
629354
629354
629354
629354
629355
629355
629355
629355
629356
629356
629356
629356
629357
629357
629357
629357
629358
629358
629358
629358
629358
629358
629359
629359
629359
629359
629360
629360
629360
629360
629361
629361
629361
629361
629362
629362
629362
629362
629363
629363
629363
629363
629364
629364
629364
629364
629365
629365
629365
629365
629366
629366
629366
629366
629367
629367
629367
629367
629367
629367
629368
629368
629368
629368
629368
629368
629369
629369
629369
629369
629369
629369
629370
629370
629370
629370
629370
629370
629371
629371
629371
629371
629371
629371
629372
629372
629372
629372
629372
629372
629373
629373
629373
629373
629373
629373
629374
629374
629374
629374
629374
629374
629375
629375
629375
629375
629375
629375
629375
629375
629375
629376
629376
629376
629376
629376
629376
629377
629377
629377
629377
629377
629377
629378
629378
629378
629378
629378
629378
629379
629379
629379
629379
629379
629379
629380
629380
629380
629380
629380
629380
629381
629381
629381
629381
629381
629381
629382
629382
629382
629382
629382
629382
629383
629383
629383
629383
629383
629383
629384
629384
629384
629384
629385
629385
629385
629385
629386
629386
629386
629386
629387
629387
629387
629387
629388
629388
629388
629388
629389
629389
629389
629389
629390
629390
629390
629390
629391
629391
629391
629391
629392
629392
629392
629392
629392
629392
629393
629393
629393
629393
629394
629394
629394
629394
629395
629395
629395
629395
629396
629396
629396
629396
629397
629397
629397
629397
629398
629398
629398
629398
629399
629399
629399
629399
629400
629400
629400
629400
629401
629401
629401
629401
629402
629402
629402
629402
629403
629403
629403
629403
629404
629404
629404
629404
629405
629405
629405
629405
629406
629406
629406
629406
629407
629407
629407
629407
629408
629408
629408
629408
629409
629409
629409
629409
629409
629409
629410
629410
629410
629410
629411
629411
629411
629411
629412
629412
629412
629412
629413
629413
629413
629413
629414
629414
629414
629414
629415
629415
629415
629415
629416
629416
629416
629416
629417
629417
629417
629417
629418
629418
629418
629418
629419
629419
629419
629419
629420
629420
629420
629420
629421
629421
629421
629421
629422
629422
629422
629422
629423
629423
629423
629423
629424
629424
629424
629424
629425
629425
629425
629425
629426
629426
629426
629426
629426
629426
629427
629427
629427
629427
629428
629428
629428
629428
629429
629429
629429
629429
629430
629430
629430
629430
629431
629431
629431
629431
629432
629432
629432
629432
629433
629433
629433
629433
629434
629434
629434
629434
629435
629435
629435
629435
629436
629436
629436
629436
629437
629437
629437
629437
629438
629438
629438
629438
629439
629439
629439
629439
629440
629440
629440
629440
629441
629441
629441
629441
629442
629442
629442
629442
629443
629443
629443
629443
629443
629443
629444
629444
629444
629444
629445
629445
629445
629445
629446
629446
629446
629446
629447
629447
629447
629447
629448
629448
629448
629448
629449
629449
629449
629449
629450
629450
629450
629450
629451
629451
629451
629451
629452
629452
629452
629452
629452
629452
629453
629453
629453
629453
629453
629453
629454
629454
629454
629454
629454
629454
629455
629455
629455
629455
629455
629455
629456
629456
629456
629456
629456
629456
629457
629457
629457
629457
629457
629457
629458
629458
629458
629458
629458
629458
629459
629459
629459
629459
629459
629459
629460
629460
629460
629460
629460
629460
629460
629460
629460
629461
629461
629461
629461
629461
629461
629462
629462
629462
629462
629462
629462
629463
629463
629463
629463
629463
629463
629464
629464
629464
629464
629464
629464
629465
629465
629465
629465
629465
629465
629466
629466
629466
629466
629466
629466
629467
629467
629467
629467
629467
629467
629468
629468
629468
629468
629468
629468
629469
629469
629469
629469
629470
629470
629470
629470
629471
629471
629471
629471
629472
629472
629472
629472
629473
629473
629473
629473
629474
629474
629474
629474
629475
629475
629475
629475
629476
629476
629476
629476
629477
629477
629477
629477
629477
629477
629478
629478
629478
629478
629479
629479
629479
629479
629480
629480
629480
629480
629481
629481
629481
629481
629482
629482
629482
629482
629483
629483
629483
629483
629484
629484
629484
629484
629485
629485
629485
629485
629486
629486
629486
629486
629487
629487
629487
629487
629488
629488
629488
629488
629489
629489
629489
629489
629490
629490
629490
629490
629491
629491
629491
629491
629492
629492
629492
629492
629493
629493
629493
629493
629494
629494
629494
629494
629494
629494
629495
629495
629495
629495
629496
629496
629496
629496
629497
629497
629497
629497
629498
629498
629498
629498
629499
629499
629499
629499
629500
629500
629500
629500
629501
629501
629501
629501
629502
629502
629502
629502
629503
629503
629503
629503
629504
629504
629504
629504
629505
629505
629505
629505
629506
629506
629506
629506
629507
629507
629507
629507
629508
629508
629508
629508
629509
629509
629509
629509
629510
629510
629510
629510
629511
629511
629511
629511
629511
629511
629512
629512
629512
629512
629513
629513
629513
629513
629514
629514
629514
629514
629515
629515
629515
629515
629516
629516
629516
629516
629517
629517
629517
629517
629518
629518
629518
629518
629519
629519
629519
629519
629520
629520
629520
629520
629520
629520
629521
629521
629521
629521
629521
629521
629522
629522
629522
629522
629522
629522
629523
629523
629523
629523
629523
629523
629524
629524
629524
629524
629524
629524
629525
629525
629525
629525
629525
629525
629526
629526
629526
629526
629526
629526
629527
629527
629527
629527
629527
629527
629528
629528
629528
629528
629528
629528
629528
629528
629528
629529
629529
629529
629529
629529
629529
629530
629530
629530
629530
629530
629530
629531
629531
629531
629531
629531
629531
629532
629532
629532
629532
629532
629532
629533
629533
629533
629533
629533
629533
629534
629534
629534
629534
629534
629534
629535
629535
629535
629535
629535
629535
629536
629536
629536
629536
629536
629536
629537
629537
629537
629537
629538
629538
629538
629538
629539
629539
629539
629539
629540
629540
629540
629540
629541
629541
629541
629541
629542
629542
629542
629542
629543
629543
629543
629543
629544
629544
629544
629544
629545
629545
629545
629545
629545
629545
629546
629546
629546
629546
629547
629547
629547
629547
629548
629548
629548
629548
629549
629549
629549
629549
629550
629550
629550
629550
629551
629551
629551
629551
629552
629552
629552
629552
629553
629553
629553
629553
629554
629554
629554
629554
629555
629555
629555
629555
629556
629556
629556
629556
629557
629557
629557
629557
629558
629558
629558
629558
629559
629559
629559
629559
629560
629560
629560
629560
629561
629561
629561
629561
629562
629562
629562
629562
629562
629562
629563
629563
629563
629563
629564
629564
629564
629564
629565
629565
629565
629565
629566
629566
629566
629566
629567
629567
629567
629567
629568
629568
629568
629568
629569
629569
629569
629569
629570
629570
629570
629570
629571
629571
629571
629571
629572
629572
629572
629572
629573
629573
629573
629573
629574
629574
629574
629574
629575
629575
629575
629575
629576
629576
629576
629576
629577
629577
629577
629577
629578
629578
629578
629578
629579
629579
629579
629579
629579
629579
629580
629580
629580
629580
629581
629581
629581
629581
629582
629582
629582
629582
629583
629583
629583
629583
629584
629584
629584
629584
629585
629585
629585
629585
629586
629586
629586
629586
629587
629587
629587
629587
629588
629588
629588
629588
629588
629588
629589
629589
629589
629589
629589
629589
629590
629590
629590
629590
629590
629590
629591
629591
629591
629591
629591
629591
629592
629592
629592
629592
629592
629592
629593
629593
629593
629593
629593
629593
629594
629594
629594
629594
629594
629594
629595
629595
629595
629595
629595
629595
629596
629596
629596
629596
629596
629596
629596
629596
629596
629597
629597
629597
629597
629597
629597
629598
629598
629598
629598
629598
629598
629599
629599
629599
629599
629599
629599
629600
629600
629600
629600
629600
629600
629601
629601
629601
629601
629601
629601
629602
629602
629602
629602
629602
629602
629603
629603
629603
629603
629603
629603
629604
629604
629604
629604
629604
629604
629605
629605
629605
629605
629606
629606
629606
629606
629607
629607
629607
629607
629608
629608
629608
629608
629609
629609
629609
629609
629610
629610
629610
629610
629611
629611
629611
629611
629612
629612
629612
629612
629613
629613
629613
629613
629613
629613
629614
629614
629614
629614
629615
629615
629615
629615
629616
629616
629616
629616
629617
629617
629617
629617
629618
629618
629618
629618
629619
629619
629619
629619
629620
629620
629620
629620
629621
629621
629621
629621
629622
629622
629622
629622
629623
629623
629623
629623
629624
629624
629624
629624
629625
629625
629625
629625
629626
629626
629626
629626
629627
629627
629627
629627
629628
629628
629628
629628
629629
629629
629629
629629
629630
629630
629630
629630
629630
629630
629631
629631
629631
629631
629632
629632
629632
629632
629633
629633
629633
629633
629634
629634
629634
629634
629635
629635
629635
629635
629636
629636
629636
629636
629637
629637
629637
629637
629638
629638
629638
629638
629639
629639
629639
629639
629640
629640
629640
629640
629641
629641
629641
629641
629642
629642
629642
629642
629643
629643
629643
629643
629644
629644
629644
629644
629645
629645
629645
629645
629646
629646
629646
629646
629647
629647
629647
629647
629647
629647
629648
629648
629648
629648
629649
629649
629649
629649
629650
629650
629650
629650
629651
629651
629651
629651
629652
629652
629652
629652
629653
629653
629653
629653
629654
629654
629654
629654
629655
629655
629655
629655
629656
629656
629656
629656
629656
629656
629657
629657
629657
629657
629657
629657
629658
629658
629658
629658
629658
629658
629659
629659
629659
629659
629659
629659
629660
629660
629660
629660
629660
629660
629661
629661
629661
629661
629661
629661
629662
629662
629662
629662
629662
629662
629663
629663
629663
629663
629663
629663
629664
629664
629664
629664
629664
629664
629664
629664
629664
629665
629665
629665
629665
629665
629665
629666
629666
629666
629666
629666
629666
629667
629667
629667
629667
629667
629667
629668
629668
629668
629668
629668
629668
629669
629669
629669
629669
629669
629669
629670
629670
629670
629670
629670
629670
629671
629671
629671
629671
629671
629671
629672
629672
629672
629672
629672
629672
629673
629673
629673
629673
629674
629674
629674
629674
629675
629675
629675
629675
629676
629676
629676
629676
629677
629677
629677
629677
629678
629678
629678
629678
629679
629679
629679
629679
629680
629680
629680
629680
629681
629681
629681
629681
629681
629681
629682
629682
629682
629682
629683
629683
629683
629683
629684
629684
629684
629684
629685
629685
629685
629685
629686
629686
629686
629686
629687
629687
629687
629687
629688
629688
629688
629688
629689
629689
629689
629689
629690
629690
629690
629690
629691
629691
629691
629691
629692
629692
629692
629692
629693
629693
629693
629693
629694
629694
629694
629694
629695
629695
629695
629695
629696
629696
629696
629696
629697
629697
629697
629697
629698
629698
629698
629698
629698
629698
629699
629699
629699
629699
629700
629700
629700
629700
629701
629701
629701
629701
629702
629702
629702
629702
629703
629703
629703
629703
629704
629704
629704
629704
629705
629705
629705
629705
629706
629706
629706
629706
629707
629707
629707
629707
629708
629708
629708
629708
629709
629709
629709
629709
629710
629710
629710
629710
629711
629711
629711
629711
629712
629712
629712
629712
629713
629713
629713
629713
629714
629714
629714
629714
629715
629715
629715
629715
629715
629715
629716
629716
629716
629716
629717
629717
629717
629717
629718
629718
629718
629718
629719
629719
629719
629719
629720
629720
629720
629720
629721
629721
629721
629721
629722
629722
629722
629722
629723
629723
629723
629723
629724
629724
629724
629724
629725
629725
629725
629725
629726
629726
629726
629726
629727
629727
629727
629727
629728
629728
629728
629728
629729
629729
629729
629729
629730
629730
629730
629730
629731
629731
629731
629731
629732
629732
629732
629732
629732
629732
629733
629733
629733
629733
629734
629734
629734
629734
629735
629735
629735
629735
629736
629736
629736
629736
629737
629737
629737
629737
629738
629738
629738
629738
629739
629739
629739
629739
629740
629740
629740
629740
629741
629741
629741
629741
629741
629741
629742
629742
629742
629742
629742
629742
629743
629743
629743
629743
629743
629743
629744
629744
629744
629744
629744
629744
629745
629745
629745
629745
629745
629745
629746
629746
629746
629746
629746
629746
629747
629747
629747
629747
629747
629747
629748
629748
629748
629748
629748
629748
629749
629749
629749
629749
629749
629749
629749
629749
629749
629750
629750
629750
629750
629750
629750
629751
629751
629751
629751
629751
629751
629752
629752
629752
629752
629752
629752
629753
629753
629753
629753
629753
629753
629754
629754
629754
629754
629754
629754
629755
629755
629755
629755
629755
629755
629756
629756
629756
629756
629756
629756
629757
629757
629757
629757
629757
629757
629758
629758
629758
629758
629759
629759
629759
629759
629760
629760
629760
629760
629761
629761
629761
629761
629762
629762
629762
629762
629763
629763
629763
629763
629764
629764
629764
629764
629765
629765
629765
629765
629766
629766
629766
629766
629766
629766
629767
629767
629767
629767
629768
629768
629768
629768
629769
629769
629769
629769
629770
629770
629770
629770
629771
629771
629771
629771
629772
629772
629772
629772
629773
629773
629773
629773
629774
629774
629774
629774
629775
629775
629775
629775
629776
629776
629776
629776
629777
629777
629777
629777
629778
629778
629778
629778
629779
629779
629779
629779
629780
629780
629780
629780
629781
629781
629781
629781
629782
629782
629782
629782
629783
629783
629783
629783
629783
629783
629784
629784
629784
629784
629785
629785
629785
629785
629786
629786
629786
629786
629787
629787
629787
629787
629788
629788
629788
629788
629789
629789
629789
629789
629790
629790
629790
629790
629791
629791
629791
629791
629792
629792
629792
629792
629793
629793
629793
629793
629794
629794
629794
629794
629795
629795
629795
629795
629796
629796
629796
629796
629797
629797
629797
629797
629798
629798
629798
629798
629799
629799
629799
629799
629800
629800
629800
629800
629800
629800
629801
629801
629801
629801
629802
629802
629802
629802
629803
629803
629803
629803
629804
629804
629804
629804
629805
629805
629805
629805
629806
629806
629806
629806
629807
629807
629807
629807
629808
629808
629808
629808
629809
629809
629809
629809
629809
629809
629810
629810
629810
629810
629810
629810
629811
629811
629811
629811
629811
629811
629812
629812
629812
629812
629812
629812
629813
629813
629813
629813
629813
629813
629814
629814
629814
629814
629814
629814
629815
629815
629815
629815
629815
629815
629816
629816
629816
629816
629816
629816
629817
629817
629817
629817
629817
629817
629817
629817
629817
629818
629818
629818
629818
629818
629818
629819
629819
629819
629819
629819
629819
629820
629820
629820
629820
629820
629820
629821
629821
629821
629821
629821
629821
629822
629822
629822
629822
629822
629822
629823
629823
629823
629823
629823
629823
629824
629824
629824
629824
629824
629824
629825
629825
629825
629825
629825
629825
629826
629826
629826
629826
629827
629827
629827
629827
629828
629828
629828
629828
629829
629829
629829
629829
629830
629830
629830
629830
629831
629831
629831
629831
629832
629832
629832
629832
629833
629833
629833
629833
629834
629834
629834
629834
629834
629834
629835
629835
629835
629835
629836
629836
629836
629836
629837
629837
629837
629837
629838
629838
629838
629838
629839
629839
629839
629839
629840
629840
629840
629840
629841
629841
629841
629841
629842
629842
629842
629842
629843
629843
629843
629843
629844
629844
629844
629844
629845
629845
629845
629845
629846
629846
629846
629846
629847
629847
629847
629847
629848
629848
629848
629848
629849
629849
629849
629849
629850
629850
629850
629850
629851
629851
629851
629851
629851
629851
629852
629852
629852
629852
629853
629853
629853
629853
629854
629854
629854
629854
629855
629855
629855
629855
629856
629856
629856
629856
629857
629857
629857
629857
629858
629858
629858
629858
629859
629859
629859
629859
629860
629860
629860
629860
629861
629861
629861
629861
629862
629862
629862
629862
629863
629863
629863
629863
629864
629864
629864
629864
629865
629865
629865
629865
629866
629866
629866
629866
629867
629867
629867
629867
629868
629868
629868
629868
629868
629868
629869
629869
629869
629869
629870
629870
629870
629870
629871
629871
629871
629871
629872
629872
629872
629872
629873
629873
629873
629873
629874
629874
629874
629874
629875
629875
629875
629875
629876
629876
629876
629876
629877
629877
629877
629877
629877
629877
629878
629878
629878
629878
629878
629878
629879
629879
629879
629879
629879
629879
629880
629880
629880
629880
629880
629880
629881
629881
629881
629881
629881
629881
629882
629882
629882
629882
629882
629882
629883
629883
629883
629883
629883
629883
629884
629884
629884
629884
629884
629884
629885
629885
629885
629885
629885
629885
629885
629885
629885
629886
629886
629886
629886
629886
629886
629887
629887
629887
629887
629887
629887
629888
629888
629888
629888
629888
629888
629889
629889
629889
629889
629889
629889
629890
629890
629890
629890
629890
629890
629891
629891
629891
629891
629891
629891
629892
629892
629892
629892
629892
629892
629893
629893
629893
629893
629893
629893
629894
629894
629894
629894
629895
629895
629895
629895
629896
629896
629896
629896
629897
629897
629897
629897
629898
629898
629898
629898
629899
629899
629899
629899
629900
629900
629900
629900
629901
629901
629901
629901
629902
629902
629902
629902
629902
629902
629903
629903
629903
629903
629904
629904
629904
629904
629905
629905
629905
629905
629906
629906
629906
629906
629907
629907
629907
629907
629908
629908
629908
629908
629909
629909
629909
629909
629910
629910
629910
629910
629911
629911
629911
629911
629912
629912
629912
629912
629913
629913
629913
629913
629914
629914
629914
629914
629915
629915
629915
629915
629916
629916
629916
629916
629917
629917
629917
629917
629918
629918
629918
629918
629919
629919
629919
629919
629919
629919
629920
629920
629920
629920
629921
629921
629921
629921
629922
629922
629922
629922
629923
629923
629923
629923
629924
629924
629924
629924
629925
629925
629925
629925
629926
629926
629926
629926
629927
629927
629927
629927
629928
629928
629928
629928
629929
629929
629929
629929
629930
629930
629930
629930
629931
629931
629931
629931
629932
629932
629932
629932
629933
629933
629933
629933
629934
629934
629934
629934
629935
629935
629935
629935
629936
629936
629936
629936
629936
629936
629937
629937
629937
629937
629938
629938
629938
629938
629939
629939
629939
629939
629940
629940
629940
629940
629941
629941
629941
629941
629942
629942
629942
629942
629943
629943
629943
629943
629944
629944
629944
629944
629945
629945
629945
629945
629945
629945
629946
629946
629946
629946
629946
629946
629947
629947
629947
629947
629947
629947
629948
629948
629948
629948
629948
629948
629949
629949
629949
629949
629949
629949
629950
629950
629950
629950
629950
629950
629951
629951
629951
629951
629951
629951
629952
629952
629952
629952
629952
629952
629953
629953
629953
629953
629953
629953
629953
629953
629953
629954
629954
629954
629954
629954
629954
629955
629955
629955
629955
629955
629955
629956
629956
629956
629956
629956
629956
629957
629957
629957
629957
629957
629957
629958
629958
629958
629958
629958
629958
629959
629959
629959
629959
629959
629959
629960
629960
629960
629960
629960
629960
629961
629961
629961
629961
629961
629961
629962
629962
629962
629962
629963
629963
629963
629963
629964
629964
629964
629964
629965
629965
629965
629965
629966
629966
629966
629966
629967
629967
629967
629967
629968
629968
629968
629968
629969
629969
629969
629969
629970
629970
629970
629970
629970
629970
629971
629971
629971
629971
629972
629972
629972
629972
629973
629973
629973
629973
629974
629974
629974
629974
629975
629975
629975
629975
629976
629976
629976
629976
629977
629977
629977
629977
629978
629978
629978
629978
629979
629979
629979
629979
629980
629980
629980
629980
629981
629981
629981
629981
629982
629982
629982
629982
629983
629983
629983
629983
629984
629984
629984
629984
629985
629985
629985
629985
629986
629986
629986
629986
629987
629987
629987
629987
629987
629987
629988
629988
629988
629988
629989
629989
629989
629989
629990
629990
629990
629990
629991
629991
629991
629991
629992
629992
629992
629992
629993
629993
629993
629993
629994
629994
629994
629994
629995
629995
629995
629995
629996
629996
629996
629996
629997
629997
629997
629997
629998
629998
629998
629998
629999
629999
629999
629999
630000
630000
630000
630000
630001
630001
630001
630001
630002
630002
630002
630002
630003
630003
630003
630003
630004
630004
630004
630004
630004
630004
630005
630005
630005
630005
630006
630006
630006
630006
630007
630007
630007
630007
630008
630008
630008
630008
630009
630009
630009
630009
630010
630010
630010
630010
630011
630011
630011
630011
630012
630012
630012
630012
630013
630013
630013
630013
630014
630014
630014
630014
630015
630015
630015
630015
630016
630016
630016
630016
630017
630017
630017
630017
630018
630018
630018
630018
630019
630019
630019
630019
630020
630020
630020
630020
630021
630021
630021
630021
630021
630021
630022
630022
630022
630022
630023
630023
630023
630023
630024
630024
630024
630024
630025
630025
630025
630025
630026
630026
630026
630026
630027
630027
630027
630027
630028
630028
630028
630028
630029
630029
630029
630029
630030
630030
630030
630030
630030
630030
630031
630031
630031
630031
630031
630031
630032
630032
630032
630032
630032
630032
630033
630033
630033
630033
630033
630033
630034
630034
630034
630034
630034
630034
630035
630035
630035
630035
630035
630035
630036
630036
630036
630036
630036
630036
630037
630037
630037
630037
630037
630037
630038
630038
630038
630038
630038
630038
630038
630038
630038
630039
630039
630039
630039
630039
630039
630040
630040
630040
630040
630040
630040
630041
630041
630041
630041
630041
630041
630042
630042
630042
630042
630042
630042
630043
630043
630043
630043
630043
630043
630044
630044
630044
630044
630044
630044
630045
630045
630045
630045
630045
630045
630046
630046
630046
630046
630046
630046
630047
630047
630047
630047
630048
630048
630048
630048
630049
630049
630049
630049
630050
630050
630050
630050
630051
630051
630051
630051
630052
630052
630052
630052
630053
630053
630053
630053
630054
630054
630054
630054
630055
630055
630055
630055
630055
630055
630056
630056
630056
630056
630057
630057
630057
630057
630058
630058
630058
630058
630059
630059
630059
630059
630060
630060
630060
630060
630061
630061
630061
630061
630062
630062
630062
630062
630063
630063
630063
630063
630064
630064
630064
630064
630065
630065
630065
630065
630066
630066
630066
630066
630067
630067
630067
630067
630068
630068
630068
630068
630069
630069
630069
630069
630070
630070
630070
630070
630071
630071
630071
630071
630072
630072
630072
630072
630072
630072
630073
630073
630073
630073
630074
630074
630074
630074
630075
630075
630075
630075
630076
630076
630076
630076
630077
630077
630077
630077
630078
630078
630078
630078
630079
630079
630079
630079
630080
630080
630080
630080
630081
630081
630081
630081
630082
630082
630082
630082
630083
630083
630083
630083
630084
630084
630084
630084
630085
630085
630085
630085
630086
630086
630086
630086
630087
630087
630087
630087
630088
630088
630088
630088
630089
630089
630089
630089
630089
630089
630090
630090
630090
630090
630091
630091
630091
630091
630092
630092
630092
630092
630093
630093
630093
630093
630094
630094
630094
630094
630095
630095
630095
630095
630096
630096
630096
630096
630097
630097
630097
630097
630098
630098
630098
630098
630098
630098
630099
630099
630099
630099
630099
630099
630100
630100
630100
630100
630100
630100
630101
630101
630101
630101
630101
630101
630102
630102
630102
630102
630102
630102
630103
630103
630103
630103
630103
630103
630104
630104
630104
630104
630104
630104
630105
630105
630105
630105
630105
630105
630106
630106
630106
630106
630106
630106
630106
630106
630106
630107
630107
630107
630107
630107
630107
630108
630108
630108
630108
630108
630108
630109
630109
630109
630109
630109
630109
630110
630110
630110
630110
630110
630110
630111
630111
630111
630111
630111
630111
630112
630112
630112
630112
630112
630112
630113
630113
630113
630113
630113
630113
630114
630114
630114
630114
630114
630114
630115
630115
630115
630115
630116
630116
630116
630116
630117
630117
630117
630117
630118
630118
630118
630118
630119
630119
630119
630119
630120
630120
630120
630120
630121
630121
630121
630121
630122
630122
630122
630122
630123
630123
630123
630123
630123
630123
630124
630124
630124
630124
630125
630125
630125
630125
630126
630126
630126
630126
630127
630127
630127
630127
630128
630128
630128
630128
630129
630129
630129
630129
630130
630130
630130
630130
630131
630131
630131
630131
630132
630132
630132
630132
630133
630133
630133
630133
630134
630134
630134
630134
630135
630135
630135
630135
630136
630136
630136
630136
630137
630137
630137
630137
630138
630138
630138
630138
630139
630139
630139
630139
630140
630140
630140
630140
630140
630140
630141
630141
630141
630141
630142
630142
630142
630142
630143
630143
630143
630143
630144
630144
630144
630144
630145
630145
630145
630145
630146
630146
630146
630146
630147
630147
630147
630147
630148
630148
630148
630148
630149
630149
630149
630149
630150
630150
630150
630150
630151
630151
630151
630151
630152
630152
630152
630152
630153
630153
630153
630153
630154
630154
630154
630154
630155
630155
630155
630155
630156
630156
630156
630156
630157
630157
630157
630157
630157
630157
630158
630158
630158
630158
630159
630159
630159
630159
630160
630160
630160
630160
630161
630161
630161
630161
630162
630162
630162
630162
630163
630163
630163
630163
630164
630164
630164
630164
630165
630165
630165
630165
630166
630166
630166
630166
630166
630166
630167
630167
630167
630167
630167
630167
630168
630168
630168
630168
630168
630168
630169
630169
630169
630169
630169
630169
630170
630170
630170
630170
630170
630170
630171
630171
630171
630171
630171
630171
630172
630172
630172
630172
630172
630172
630173
630173
630173
630173
630173
630173
630174
630174
630174
630174
630174
630174
630174
630174
630174
630175
630175
630175
630175
630175
630175
630176
630176
630176
630176
630176
630176
630177
630177
630177
630177
630177
630177
630178
630178
630178
630178
630178
630178
630179
630179
630179
630179
630179
630179
630180
630180
630180
630180
630180
630180
630181
630181
630181
630181
630181
630181
630182
630182
630182
630182
630182
630182
630183
630183
630183
630183
630184
630184
630184
630184
630185
630185
630185
630185
630186
630186
630186
630186
630187
630187
630187
630187
630188
630188
630188
630188
630189
630189
630189
630189
630190
630190
630190
630190
630191
630191
630191
630191
630191
630191
630192
630192
630192
630192
630193
630193
630193
630193
630194
630194
630194
630194
630195
630195
630195
630195
630196
630196
630196
630196
630197
630197
630197
630197
630198
630198
630198
630198
630199
630199
630199
630199
630200
630200
630200
630200
630201
630201
630201
630201
630202
630202
630202
630202
630203
630203
630203
630203
630204
630204
630204
630204
630205
630205
630205
630205
630206
630206
630206
630206
630207
630207
630207
630207
630208
630208
630208
630208
630208
630208
630209
630209
630209
630209
630210
630210
630210
630210
630211
630211
630211
630211
630212
630212
630212
630212
630213
630213
630213
630213
630214
630214
630214
630214
630215
630215
630215
630215
630216
630216
630216
630216
630217
630217
630217
630217
630218
630218
630218
630218
630219
630219
630219
630219
630220
630220
630220
630220
630221
630221
630221
630221
630222
630222
630222
630222
630223
630223
630223
630223
630224
630224
630224
630224
630225
630225
630225
630225
630225
630225
630226
630226
630226
630226
630227
630227
630227
630227
630228
630228
630228
630228
630229
630229
630229
630229
630230
630230
630230
630230
630231
630231
630231
630231
630232
630232
630232
630232
630233
630233
630233
630233
630234
630234
630234
630234
630234
630234
630235
630235
630235
630235
630235
630235
630236
630236
630236
630236
630236
630236
630237
630237
630237
630237
630237
630237
630238
630238
630238
630238
630238
630238
630239
630239
630239
630239
630239
630239
630240
630240
630240
630240
630240
630240
630241
630241
630241
630241
630241
630241
630242
630242
630242
630242
630242
630242
630242
630242
630242
630243
630243
630243
630243
630243
630243
630244
630244
630244
630244
630244
630244
630245
630245
630245
630245
630245
630245
630246
630246
630246
630246
630246
630246
630247
630247
630247
630247
630247
630247
630248
630248
630248
630248
630248
630248
630249
630249
630249
630249
630250
630250
630250
630250
630251
630251
630251
630251
630252
630252
630252
630252
630253
630253
630253
630253
630254
630254
630254
630254
630255
630255
630255
630255
630256
630256
630256
630256
630257
630257
630257
630257
630258
630258
630258
630258
630259
630259
630259
630259
630259
630259
630260
630260
630260
630260
630261
630261
630261
630261
630262
630262
630262
630262
630263
630263
630263
630263
630264
630264
630264
630264
630265
630265
630265
630265
630265
630266
630266
630266
630266
630266
630266
630267
630267
630267
630267
630267
630267
630268
630268
630268
630268
630269
630269
630269
630269
630270
630270
630270
630270
630271
630271
630271
630271
630272
630272
630272
630272
630273
630273
630273
630273
630274
630274
630274
630274
630275
630275
630275
630275
630276
630276
630276
630276
630276
630276
630277
630277
630277
630277
630278
630278
630278
630278
630279
630279
630279
630279
630280
630280
630280
630280
630281
630281
630281
630281
630282
630282
630282
630282
630283
630283
630283
630283
630284
630284
630284
630284
630285
630285
630285
630285
630286
630286
630286
630286
630287
630287
630287
630287
630288
630288
630288
630288
630289
630289
630289
630289
630290
630290
630290
630290
630291
630291
630291
630291
630292
630292
630292
630292
630293
630293
630293
630293
630293
630293
630294
630294
630294
630294
630295
630295
630295
630295
630296
630296
630296
630296
630297
630297
630297
630297
630298
630298
630298
630298
630299
630299
630299
630299
630300
630300
630300
630300
630301
630301
630301
630301
630302
630302
630302
630302
630303
630303
630303
630303
630304
630304
630304
630304
630305
630305
630305
630305
630306
630306
630306
630306
630307
630307
630307
630307
630308
630308
630308
630308
630309
630309
630309
630309
630310
630310
630310
630310
630310
630310
630311
630311
630311
630311
630312
630312
630312
630312
630313
630313
630313
630313
630314
630314
630314
630314
630315
630315
630315
630315
630316
630316
630316
630316
630317
630317
630317
630317
630318
630318
630318
630318
630319
630319
630319
630319
630319
630319
630320
630320
630320
630320
630320
630320
630321
630321
630321
630321
630321
630321
630322
630322
630322
630322
630322
630322
630323
630323
630323
630323
630323
630323
630324
630324
630324
630324
630324
630324
630325
630325
630325
630325
630325
630325
630326
630326
630326
630326
630326
630326
630327
630327
630327
630327
630327
630327
630327
630327
630327
630328
630328
630328
630328
630328
630328
630329
630329
630329
630329
630329
630329
630330
630330
630330
630330
630330
630330
630331
630331
630331
630331
630331
630331
630332
630332
630332
630332
630332
630332
630333
630333
630333
630333
630333
630333
630334
630334
630334
630334
630334
630334
630335
630335
630335
630335
630335
630335
630336
630336
630336
630336
630337
630337
630337
630337
630338
630338
630338
630338
630339
630339
630339
630339
630340
630340
630340
630340
630341
630341
630341
630341
630342
630342
630342
630342
630343
630343
630343
630343
630344
630344
630344
630344
630344
630344
630345
630345
630345
630345
630346
630346
630346
630346
630347
630347
630347
630347
630348
630348
630348
630348
630349
630349
630349
630349
630350
630350
630350
630350
630351
630351
630351
630351
630352
630352
630352
630352
630353
630353
630353
630353
630354
630354
630354
630354
630355
630355
630355
630355
630356
630356
630356
630356
630357
630357
630357
630357
630358
630358
630358
630358
630359
630359
630359
630359
630360
630360
630360
630360
630361
630361
630361
630361
630361
630361
630362
630362
630362
630362
630363
630363
630363
630363
630364
630364
630364
630364
630365
630365
630365
630365
630366
630366
630366
630366
630367
630367
630367
630367
630368
630368
630368
630368
630369
630369
630369
630369
630370
630370
630370
630370
630371
630371
630371
630371
630372
630372
630372
630372
630373
630373
630373
630373
630374
630374
630374
630374
630375
630375
630375
630375
630376
630376
630376
630376
630377
630377
630377
630377
630378
630378
630378
630378
630378
630378
630379
630379
630379
630379
630380
630380
630380
630380
630381
630381
630381
630381
630382
630382
630382
630382
630383
630383
630383
630383
630384
630384
630384
630384
630385
630385
630385
630385
630386
630386
630386
630386
630387
630387
630387
630387
630387
630387
630388
630388
630388
630388
630388
630388
630389
630389
630389
630389
630389
630389
630390
630390
630390
630390
630390
630390
630391
630391
630391
630391
630391
630391
630392
630392
630392
630392
630392
630392
630393
630393
630393
630393
630393
630393
630394
630394
630394
630394
630394
630394
630395
630395
630395
630395
630395
630395
630395
630395
630395
630396
630396
630396
630396
630396
630396
630397
630397
630397
630397
630397
630397
630398
630398
630398
630398
630398
630398
630399
630399
630399
630399
630399
630399
630400
630400
630400
630400
630400
630400
630401
630401
630401
630401
630401
630401
630402
630402
630402
630402
630402
630402
630403
630403
630403
630403
630403
630403
630404
630404
630404
630404
630405
630405
630405
630405
630406
630406
630406
630406
630407
630407
630407
630407
630408
630408
630408
630408
630409
630409
630409
630409
630410
630410
630410
630410
630411
630411
630411
630411
630412
630412
630412
630412
630412
630412
630413
630413
630413
630413
630414
630414
630414
630414
630415
630415
630415
630415
630416
630416
630416
630416
630417
630417
630417
630417
630418
630418
630418
630418
630419
630419
630419
630419
630420
630420
630420
630420
630421
630421
630421
630421
630422
630422
630422
630422
630423
630423
630423
630423
630424
630424
630424
630424
630425
630425
630425
630425
630426
630426
630426
630426
630427
630427
630427
630427
630428
630428
630428
630428
630429
630429
630429
630429
630429
630429
630430
630430
630430
630430
630431
630431
630431
630431
630432
630432
630432
630432
630433
630433
630433
630433
630434
630434
630434
630434
630435
630435
630435
630435
630436
630436
630436
630436
630437
630437
630437
630437
630438
630438
630438
630438
630439
630439
630439
630439
630440
630440
630440
630440
630441
630441
630441
630441
630442
630442
630442
630442
630443
630443
630443
630443
630444
630444
630444
630444
630445
630445
630445
630445
630446
630446
630446
630446
630446
630446
630447
630447
630447
630447
630448
630448
630448
630448
630449
630449
630449
630449
630450
630450
630450
630450
630451
630451
630451
630451
630452
630452
630452
630452
630453
630453
630453
630453
630454
630454
630454
630454
630455
630455
630455
630455
630455
630455
630456
630456
630456
630456
630456
630456
630457
630457
630457
630457
630457
630457
630458
630458
630458
630458
630458
630458
630459
630459
630459
630459
630459
630459
630460
630460
630460
630460
630460
630460
630461
630461
630461
630461
630461
630461
630462
630462
630462
630462
630462
630462
630463
630463
630463
630463
630463
630463
630463
630463
630463
630464
630464
630464
630464
630464
630464
630465
630465
630465
630465
630465
630465
630466
630466
630466
630466
630466
630466
630467
630467
630467
630467
630467
630467
630468
630468
630468
630468
630468
630468
630469
630469
630469
630469
630469
630469
630470
630470
630470
630470
630470
630470
630471
630471
630471
630471
630471
630471
630472
630472
630472
630472
630473
630473
630473
630473
630474
630474
630474
630474
630475
630475
630475
630475
630476
630476
630476
630476
630477
630477
630477
630477
630478
630478
630478
630478
630479
630479
630479
630479
630480
630480
630480
630480
630480
630480
630481
630481
630481
630481
630482
630482
630482
630482
630483
630483
630483
630483
630484
630484
630484
630484
630485
630485
630485
630485
630486
630486
630486
630486
630487
630487
630487
630487
630488
630488
630488
630488
630489
630489
630489
630489
630490
630490
630490
630490
630491
630491
630491
630491
630492
630492
630492
630492
630493
630493
630493
630493
630494
630494
630494
630494
630495
630495
630495
630495
630496
630496
630496
630496
630497
630497
630497
630497
630497
630497
630498
630498
630498
630498
630499
630499
630499
630499
630500
630500
630500
630500
630501
630501
630501
630501
630502
630502
630502
630502
630503
630503
630503
630503
630504
630504
630504
630504
630505
630505
630505
630505
630506
630506
630506
630506
630507
630507
630507
630507
630508
630508
630508
630508
630509
630509
630509
630509
630510
630510
630510
630510
630511
630511
630511
630511
630512
630512
630512
630512
630513
630513
630513
630513
630514
630514
630514
630514
630514
630514
630515
630515
630515
630515
630516
630516
630516
630516
630517
630517
630517
630517
630518
630518
630518
630518
630519
630519
630519
630519
630520
630520
630520
630520
630521
630521
630521
630521
630522
630522
630522
630522
630523
630523
630523
630523
630523
630523
630524
630524
630524
630524
630524
630524
630525
630525
630525
630525
630525
630525
630526
630526
630526
630526
630526
630526
630527
630527
630527
630527
630527
630527
630528
630528
630528
630528
630528
630528
630529
630529
630529
630529
630529
630529
630530
630530
630530
630530
630530
630530
630531
630531
630531
630531
630531
630531
630532
630532
630532
630532
630533
630533
630533
630533
630534
630534
630534
630534
630535
630535
630535
630535
630536
630536
630536
630536
630537
630537
630537
630537
630538
630538
630538
630538
630539
630539
630539
630539
)
;
    }
    nonConformalCyclic_on_ROTOR_TO_IN
    {
        type            nonConformalPolyFaces;
        patchType       nonConformalCyclic;
        size            25348;
        value           nonuniform List<label> 
25348
(
655580
655581
655599
655600
657480
657481
655581
655582
655600
655601
657481
657482
655582
655583
655601
655602
657482
657483
655583
655584
655602
655603
657483
657484
655584
655585
655603
655604
657484
657485
655585
655586
655604
655605
657485
657486
655586
655587
655605
655606
657486
657487
655587
655588
655606
655607
657487
657488
655588
655589
655590
655607
655608
655609
655590
655591
655609
655610
655591
655592
655610
655611
655592
655593
655611
655612
655593
655594
655612
655613
655594
655595
655613
655614
655595
655596
655614
655615
655596
655597
655615
655616
655597
655598
655616
655617
655599
655600
655618
655619
655600
655601
655619
655620
655601
655602
655620
655621
655602
655603
655621
655622
655603
655604
655622
655623
655604
655605
655623
655624
655605
655606
655624
655625
655606
655607
655625
655626
655607
655608
655609
655626
655627
655628
655609
655610
655628
655629
655610
655611
655629
655630
655611
655612
655630
655631
655612
655613
655631
655632
655613
655614
655632
655633
655614
655615
655633
655634
655615
655616
655634
655635
655616
655617
655635
655636
655618
655619
655637
655638
655619
655620
655638
655639
655620
655621
655639
655640
655621
655622
655640
655641
655622
655623
655641
655642
655623
655624
655642
655643
655624
655625
655643
655644
655625
655626
655644
655645
655626
655627
655628
655645
655646
655647
655628
655629
655647
655648
655629
655630
655648
655649
655630
655631
655649
655650
655631
655632
655650
655651
655632
655633
655651
655652
655633
655634
655652
655653
655634
655635
655653
655654
655635
655636
655654
655655
655637
655638
655656
655657
655638
655639
655657
655658
655639
655640
655658
655659
655640
655641
655659
655660
655641
655642
655660
655661
655642
655643
655661
655662
655643
655644
655662
655663
655644
655645
655663
655664
655645
655646
655647
655664
655665
655666
655647
655648
655666
655667
655648
655649
655667
655668
655649
655650
655668
655669
655650
655651
655669
655670
655651
655652
655670
655671
655652
655653
655671
655672
655653
655654
655672
655673
655654
655655
655673
655674
655656
655657
655675
655676
655694
655695
655657
655658
655676
655677
655695
655696
655658
655659
655677
655678
655696
655697
655659
655660
655678
655679
655697
655698
655660
655661
655679
655680
655698
655699
655661
655662
655680
655681
655699
655700
655662
655663
655681
655682
655700
655701
655663
655664
655682
655683
655701
655702
655664
655665
655666
655683
655684
655685
655702
655703
655704
655666
655667
655685
655686
655704
655705
655667
655668
655686
655687
655705
655706
655668
655669
655687
655688
655706
655707
655669
655670
655688
655689
655707
655708
655670
655671
655689
655690
655708
655709
655671
655672
655690
655691
655709
655710
655672
655673
655691
655692
655710
655711
655673
655674
655692
655693
655711
655712
655694
655695
655713
655714
655695
655696
655714
655715
655696
655697
655715
655716
655697
655698
655716
655717
655698
655699
655717
655718
655699
655700
655718
655719
655700
655701
655719
655720
655701
655702
655720
655721
655702
655703
655704
655721
655722
655723
655704
655705
655723
655724
655705
655706
655724
655725
655706
655707
655725
655726
655707
655708
655726
655727
655708
655709
655727
655728
655709
655710
655728
655729
655710
655711
655729
655730
655711
655712
655730
655731
655713
655714
655732
655733
655714
655715
655733
655734
655715
655716
655734
655735
655716
655717
655735
655736
655717
655718
655736
655737
655718
655719
655737
655738
655719
655720
655738
655739
655720
655721
655739
655740
655721
655722
655723
655740
655741
655742
655723
655724
655742
655743
655724
655725
655743
655744
655725
655726
655744
655745
655726
655727
655745
655746
655727
655728
655746
655747
655728
655729
655747
655748
655729
655730
655748
655749
655730
655731
655749
655750
655732
655733
655751
655752
655733
655734
655752
655753
655734
655735
655753
655754
655735
655736
655754
655755
655736
655737
655755
655756
655737
655738
655756
655757
655738
655739
655757
655758
655739
655740
655758
655759
655740
655741
655742
655759
655760
655761
655742
655743
655761
655762
655743
655744
655762
655763
655744
655745
655763
655764
655745
655746
655764
655765
655746
655747
655765
655766
655747
655748
655766
655767
655748
655749
655767
655768
655749
655750
655768
655769
655751
655752
655770
655771
655789
655790
655752
655753
655771
655772
655790
655791
655753
655754
655772
655773
655791
655792
655754
655755
655773
655774
655792
655793
655755
655756
655774
655775
655793
655794
655756
655757
655775
655776
655794
655795
655757
655758
655776
655777
655795
655796
655758
655759
655777
655778
655796
655797
655759
655760
655761
655778
655779
655780
655797
655798
655799
655761
655762
655780
655781
655799
655800
655762
655763
655781
655782
655800
655801
655763
655764
655782
655783
655801
655802
655764
655765
655783
655784
655802
655803
655765
655766
655784
655785
655803
655804
655766
655767
655785
655786
655804
655805
655767
655768
655786
655787
655805
655806
655768
655769
655787
655788
655806
655807
655789
655790
655808
655809
655790
655791
655809
655810
655791
655792
655810
655811
655792
655793
655811
655812
655793
655794
655812
655813
655794
655795
655813
655814
655795
655796
655814
655815
655796
655797
655815
655816
655797
655798
655799
655816
655817
655818
655799
655800
655818
655819
655800
655801
655819
655820
655801
655802
655820
655821
655802
655803
655821
655822
655803
655804
655822
655823
655804
655805
655823
655824
655805
655806
655824
655825
655806
655807
655825
655826
655808
655809
655827
655828
655809
655810
655828
655829
655810
655811
655829
655830
655811
655812
655830
655831
655812
655813
655831
655832
655813
655814
655832
655833
655814
655815
655833
655834
655815
655816
655834
655835
655816
655817
655818
655835
655836
655837
655818
655819
655837
655838
655819
655820
655838
655839
655820
655821
655839
655840
655821
655822
655840
655841
655822
655823
655841
655842
655823
655824
655842
655843
655824
655825
655843
655844
655825
655826
655844
655845
655827
655828
655846
655847
655828
655829
655847
655848
655829
655830
655848
655849
655830
655831
655849
655850
655831
655832
655850
655851
655832
655833
655851
655852
655833
655834
655852
655853
655834
655835
655853
655854
655835
655836
655837
655854
655855
655856
655837
655838
655856
655857
655838
655839
655857
655858
655839
655840
655858
655859
655840
655841
655859
655860
655841
655842
655860
655861
655842
655843
655861
655862
655843
655844
655862
655863
655844
655845
655863
655864
655846
655847
655865
655866
655884
655885
655847
655848
655866
655867
655885
655886
655848
655849
655867
655868
655886
655887
655849
655850
655868
655869
655887
655888
655850
655851
655869
655870
655888
655889
655851
655852
655870
655871
655889
655890
655852
655853
655871
655872
655890
655891
655853
655854
655872
655873
655891
655892
655854
655855
655856
655873
655874
655875
655892
655893
655894
655856
655857
655875
655876
655894
655895
655857
655858
655876
655877
655895
655896
655858
655859
655877
655878
655896
655897
655859
655860
655878
655879
655897
655898
655860
655861
655879
655880
655898
655899
655861
655862
655880
655881
655899
655900
655862
655863
655881
655882
655900
655901
655863
655864
655882
655883
655901
655902
655884
655885
655903
655904
655885
655886
655904
655905
655886
655887
655905
655906
655887
655888
655906
655907
655888
655889
655907
655908
655889
655890
655908
655909
655890
655891
655909
655910
655891
655892
655910
655911
655892
655893
655894
655911
655912
655913
655894
655895
655913
655914
655895
655896
655914
655915
655896
655897
655915
655916
655897
655898
655916
655917
655898
655899
655917
655918
655899
655900
655918
655919
655900
655901
655919
655920
655901
655902
655920
655921
655903
655904
655922
655923
655904
655905
655923
655924
655905
655906
655924
655925
655906
655907
655925
655926
655907
655908
655926
655927
655908
655909
655927
655928
655909
655910
655928
655929
655910
655911
655929
655930
655911
655912
655913
655930
655931
655932
655913
655914
655932
655933
655914
655915
655933
655934
655915
655916
655934
655935
655916
655917
655935
655936
655917
655918
655936
655937
655918
655919
655937
655938
655919
655920
655938
655939
655920
655921
655939
655940
655922
655923
655941
655942
655923
655924
655942
655943
655924
655925
655943
655944
655925
655926
655944
655945
655926
655927
655945
655946
655927
655928
655946
655947
655928
655929
655947
655948
655929
655930
655948
655949
655930
655931
655932
655949
655950
655951
655932
655933
655951
655952
655933
655934
655952
655953
655934
655935
655953
655954
655935
655936
655954
655955
655936
655937
655955
655956
655937
655938
655956
655957
655938
655939
655957
655958
655939
655940
655958
655959
655941
655942
655960
655961
655942
655943
655961
655962
655943
655944
655962
655963
655944
655945
655963
655964
655945
655946
655964
655965
655946
655947
655965
655966
655947
655948
655966
655967
655948
655949
655967
655968
655949
655950
655951
655968
655969
655970
655951
655952
655970
655971
655952
655953
655971
655972
655953
655954
655972
655973
655954
655955
655973
655974
655955
655956
655974
655975
655956
655957
655975
655976
655995
655957
655958
655976
655977
655995
655996
655958
655959
655977
655978
655996
655997
655960
655961
655979
655980
655998
655999
655961
655962
655980
655981
655999
656000
655962
655963
655981
655982
656000
656001
655963
655964
655982
655983
656001
656002
655964
655965
655983
655984
656002
656003
655965
655966
655984
655985
656003
656004
655966
655967
655985
655986
656004
656005
655967
655968
655986
655987
656005
656006
655968
655969
655970
655987
655988
655989
656006
656007
656008
655970
655971
655989
655990
656008
656009
655971
655972
655990
655991
656009
656010
655972
655973
655991
655992
656010
656011
655973
655974
655992
655993
656011
656012
655974
655975
655993
655994
656012
656013
655975
655976
655994
655995
656013
656014
655995
655996
656014
656015
655996
655997
656015
656016
655998
655999
656017
656018
655999
656000
656018
656019
656000
656001
656019
656020
656001
656002
656020
656021
656002
656003
656021
656022
656003
656004
656022
656023
656004
656005
656023
656024
656005
656006
656024
656025
656006
656007
656008
656025
656026
656027
656008
656009
656027
656028
656009
656010
656028
656029
656010
656011
656029
656030
656011
656012
656030
656031
656012
656013
656031
656032
656013
656014
656032
656033
656014
656015
656033
656034
656015
656016
656034
656035
656017
656018
656036
656037
656018
656019
656037
656038
656019
656020
656038
656039
656020
656021
656039
656040
656021
656022
656040
656041
656022
656023
656041
656042
656023
656024
656042
656043
656024
656025
656043
656044
656025
656026
656027
656044
656045
656046
656027
656028
656046
656047
656028
656029
656047
656048
656029
656030
656048
656049
656030
656031
656049
656050
656031
656032
656050
656051
656032
656033
656051
656052
656033
656034
656052
656053
656034
656035
656053
656054
656036
656037
656055
656056
656037
656038
656056
656057
656038
656039
656057
656058
656039
656040
656058
656059
656040
656041
656059
656060
656041
656042
656060
656061
656042
656043
656061
656062
656043
656044
656062
656063
656044
656045
656046
656063
656064
656065
656046
656047
656065
656066
656047
656048
656066
656067
656048
656049
656067
656068
656049
656050
656068
656069
656050
656051
656069
656070
656051
656052
656070
656071
656052
656053
656071
656072
656053
656054
656072
656073
656055
656056
656074
656075
656093
656094
656056
656057
656075
656076
656094
656095
656057
656058
656076
656077
656095
656096
656058
656059
656077
656078
656096
656097
656059
656060
656078
656079
656097
656098
656060
656061
656079
656080
656098
656099
656061
656062
656080
656081
656099
656100
656062
656063
656081
656082
656100
656101
656063
656064
656065
656082
656083
656084
656101
656102
656103
656065
656066
656084
656085
656103
656104
656066
656067
656085
656086
656104
656105
656067
656068
656086
656087
656105
656106
656068
656069
656087
656088
656106
656107
656069
656070
656088
656089
656107
656108
656070
656071
656089
656090
656108
656109
656071
656072
656090
656091
656109
656110
656072
656073
656091
656092
656110
656111
656093
656094
656112
656113
656094
656095
656113
656114
656095
656096
656114
656115
656096
656097
656115
656116
656097
656098
656116
656117
656098
656099
656117
656118
656099
656100
656118
656119
656100
656101
656119
656120
656101
656102
656103
656120
656121
656122
656103
656104
656122
656123
656104
656105
656123
656124
656105
656106
656124
656125
656106
656107
656125
656126
656107
656108
656126
656127
656108
656109
656127
656128
656109
656110
656128
656129
656110
656111
656129
656130
656112
656113
656131
656132
656113
656114
656132
656133
656114
656115
656133
656134
656115
656116
656134
656135
656116
656117
656135
656136
656117
656118
656136
656137
656118
656119
656137
656138
656119
656120
656138
656139
656120
656121
656122
656139
656140
656141
656122
656123
656141
656142
656123
656124
656142
656143
656124
656125
656143
656144
656125
656126
656144
656145
656126
656127
656145
656146
656127
656128
656146
656147
656128
656129
656147
656148
656129
656130
656148
656149
656131
656132
656150
656151
656132
656133
656151
656152
656133
656134
656152
656153
656134
656135
656153
656154
656135
656136
656154
656155
656136
656137
656155
656156
656137
656138
656156
656157
656138
656139
656157
656158
656139
656140
656141
656158
656159
656160
656141
656142
656160
656161
656142
656143
656161
656162
656143
656144
656162
656163
656144
656145
656163
656164
656145
656146
656164
656165
656146
656147
656165
656166
656147
656148
656166
656167
656148
656149
656167
656168
656150
656151
656169
656170
656188
656189
656151
656152
656170
656171
656189
656190
656152
656153
656171
656172
656190
656191
656153
656154
656172
656173
656191
656192
656154
656155
656173
656174
656192
656193
656155
656156
656174
656175
656193
656194
656156
656157
656175
656176
656194
656195
656157
656158
656176
656177
656195
656196
656158
656159
656160
656177
656178
656179
656196
656197
656198
656160
656161
656179
656180
656198
656199
656161
656162
656180
656181
656199
656200
656162
656163
656181
656182
656200
656201
656163
656164
656182
656183
656201
656202
656164
656165
656183
656184
656202
656203
656165
656166
656184
656185
656203
656204
656166
656167
656185
656186
656204
656205
656167
656168
656186
656187
656205
656206
656188
656189
656207
656208
656189
656190
656208
656209
656190
656191
656209
656210
656191
656192
656210
656211
656192
656193
656211
656212
656193
656194
656212
656213
656194
656195
656213
656214
656195
656196
656214
656215
656196
656197
656198
656215
656216
656217
656198
656199
656217
656218
656199
656200
656218
656219
656200
656201
656219
656220
656201
656202
656220
656221
656202
656203
656221
656222
656203
656204
656222
656223
656204
656205
656223
656224
656205
656206
656224
656225
656207
656208
656226
656227
656208
656209
656227
656228
656209
656210
656228
656229
656210
656211
656229
656230
656211
656212
656230
656231
656212
656213
656231
656232
656213
656214
656232
656233
656214
656215
656233
656234
656215
656216
656217
656234
656235
656236
656217
656218
656236
656237
656218
656219
656237
656238
656219
656220
656238
656239
656220
656221
656239
656240
656221
656222
656240
656241
656222
656223
656241
656242
656223
656224
656242
656243
656224
656225
656243
656244
656226
656227
656245
656246
656227
656228
656246
656247
656228
656229
656247
656248
656229
656230
656248
656249
656230
656231
656249
656250
656231
656232
656250
656251
656232
656233
656251
656252
656233
656234
656252
656253
656234
656235
656236
656253
656254
656255
656236
656237
656255
656256
656237
656238
656256
656257
656238
656239
656257
656258
656239
656240
656258
656259
656240
656241
656259
656260
656241
656242
656260
656261
656242
656243
656261
656262
656243
656244
656262
656263
656245
656246
656264
656265
656283
656284
656246
656247
656265
656266
656284
656285
656247
656248
656266
656267
656285
656286
656248
656249
656267
656268
656286
656287
656249
656250
656268
656269
656287
656288
656250
656251
656269
656270
656288
656289
656251
656252
656270
656271
656289
656290
656252
656253
656271
656272
656290
656291
656253
656254
656255
656272
656273
656274
656291
656292
656293
656255
656256
656274
656275
656293
656294
656256
656257
656275
656276
656294
656295
656257
656258
656276
656277
656295
656296
656258
656259
656277
656278
656296
656297
656259
656260
656278
656279
656297
656298
656260
656261
656279
656280
656298
656299
656261
656262
656280
656281
656299
656300
656262
656263
656281
656282
656300
656301
656283
656284
656302
656303
656284
656285
656303
656304
656285
656286
656304
656305
656286
656287
656305
656306
656287
656288
656306
656307
656288
656289
656307
656308
656289
656290
656308
656309
656290
656291
656309
656310
656291
656292
656293
656310
656311
656312
656293
656294
656312
656313
656294
656295
656313
656314
656295
656296
656314
656315
656296
656297
656315
656316
656297
656298
656316
656317
656298
656299
656317
656318
656299
656300
656318
656319
656300
656301
656319
656320
656302
656303
656321
656322
656303
656304
656322
656323
656304
656305
656323
656324
656305
656306
656324
656325
656306
656307
656325
656326
656307
656308
656326
656327
656308
656309
656327
656328
656309
656310
656328
656329
656310
656311
656312
656329
656330
656331
656312
656313
656331
656332
656313
656314
656332
656333
656314
656315
656333
656334
656315
656316
656334
656335
656316
656317
656335
656336
656317
656318
656336
656337
656318
656319
656337
656338
656319
656320
656338
656339
656321
656322
656340
656341
656322
656323
656341
656342
656323
656324
656342
656343
656324
656325
656343
656344
656325
656326
656344
656345
656326
656327
656345
656346
656327
656328
656346
656347
656328
656329
656347
656348
656329
656330
656331
656348
656349
656350
656331
656332
656350
656351
656332
656333
656351
656352
656333
656334
656352
656353
656334
656335
656353
656354
656335
656336
656354
656355
656336
656337
656355
656356
656337
656338
656356
656357
656338
656339
656357
656358
656340
656341
656359
656360
656341
656342
656360
656361
656342
656343
656361
656362
656343
656344
656362
656363
656344
656345
656363
656364
656345
656346
656364
656365
656346
656347
656365
656366
656347
656348
656366
656367
656348
656349
656350
656367
656368
656369
656350
656351
656369
656370
656351
656352
656370
656371
656352
656353
656371
656372
656353
656354
656372
656373
656354
656355
656373
656374
656355
656356
656374
656375
656356
656357
656375
656376
656357
656358
656376
656377
656359
656360
656378
656379
656397
656398
656360
656361
656379
656380
656398
656399
656361
656362
656380
656381
656399
656400
656362
656363
656381
656382
656400
656401
656363
656364
656382
656383
656401
656402
656364
656365
656383
656384
656402
656403
656365
656366
656384
656385
656403
656404
656366
656367
656385
656386
656404
656405
656367
656368
656369
656386
656387
656388
656405
656406
656407
656369
656370
656388
656389
656407
656408
656370
656371
656389
656390
656408
656409
656371
656372
656390
656391
656409
656410
656372
656373
656391
656392
656410
656411
656373
656374
656392
656393
656411
656412
656374
656375
656393
656394
656412
656413
656375
656376
656394
656395
656413
656414
656376
656377
656395
656396
656414
656415
656397
656398
656416
656417
656398
656399
656417
656418
656399
656400
656418
656419
656400
656401
656419
656420
656401
656402
656420
656421
656402
656403
656421
656422
656403
656404
656422
656423
656404
656405
656423
656424
656405
656406
656407
656424
656425
656426
656407
656408
656426
656427
656408
656409
656427
656428
656409
656410
656428
656429
656410
656411
656429
656430
656411
656412
656430
656431
656412
656413
656431
656432
656413
656414
656432
656433
656414
656415
656433
656434
656416
656417
656435
656436
656417
656418
656436
656437
656418
656419
656437
656438
656419
656420
656438
656439
656420
656421
656439
656440
656421
656422
656440
656441
656422
656423
656441
656442
656423
656424
656442
656443
656424
656425
656426
656443
656444
656445
656426
656427
656445
656446
656427
656428
656446
656447
656428
656429
656447
656448
656429
656430
656448
656449
656430
656431
656449
656450
656431
656432
656450
656451
656432
656433
656451
656452
656433
656434
656452
656453
656435
656436
656454
656455
656436
656437
656455
656456
656437
656438
656456
656457
656438
656439
656457
656458
656439
656440
656458
656459
656440
656441
656459
656460
656441
656442
656460
656461
656442
656443
656461
656462
656443
656444
656445
656462
656463
656464
656445
656446
656464
656465
656446
656447
656465
656466
656447
656448
656466
656467
656448
656449
656467
656468
656449
656450
656468
656469
656450
656451
656469
656470
656451
656452
656470
656471
656452
656453
656471
656472
656454
656455
656473
656474
656492
656493
656455
656456
656474
656475
656493
656494
656456
656457
656475
656476
656494
656495
656457
656458
656476
656477
656495
656496
656458
656459
656477
656478
656496
656497
656459
656460
656478
656479
656497
656498
656460
656461
656479
656480
656498
656499
656461
656462
656480
656481
656499
656500
656462
656463
656464
656481
656482
656483
656500
656501
656502
656464
656465
656483
656484
656502
656503
656465
656466
656484
656485
656503
656504
656466
656467
656485
656486
656504
656505
656467
656468
656486
656487
656505
656506
656468
656469
656487
656488
656506
656507
656469
656470
656488
656489
656507
656508
656470
656471
656489
656490
656508
656509
656471
656472
656490
656491
656509
656510
656492
656493
656511
656512
656493
656494
656512
656513
656494
656495
656513
656514
656495
656496
656514
656515
656496
656497
656515
656516
656497
656498
656516
656517
656498
656499
656517
656518
656499
656500
656518
656519
656500
656501
656502
656519
656520
656521
656502
656503
656521
656522
656503
656504
656522
656523
656504
656505
656523
656524
656505
656506
656524
656525
656506
656507
656525
656526
656507
656508
656526
656527
656508
656509
656527
656528
656509
656510
656528
656529
656511
656512
656530
656531
656512
656513
656531
656532
656513
656514
656532
656533
656514
656515
656533
656534
656515
656516
656534
656535
656516
656517
656535
656536
656517
656518
656536
656537
656518
656519
656537
656538
656519
656520
656521
656538
656539
656540
656521
656522
656540
656541
656522
656523
656541
656542
656523
656524
656542
656543
656524
656525
656543
656544
656525
656526
656544
656545
656526
656527
656545
656546
656527
656528
656546
656547
656528
656529
656547
656548
656530
656531
656549
656550
656531
656532
656550
656551
656532
656533
656551
656552
656533
656534
656552
656553
656534
656535
656553
656554
656535
656536
656554
656555
656536
656537
656555
656556
656537
656538
656556
656557
656538
656539
656540
656557
656558
656559
656540
656541
656559
656560
656541
656542
656560
656561
656542
656543
656561
656562
656543
656544
656562
656563
656544
656545
656563
656564
656545
656546
656564
656565
656546
656547
656565
656566
656547
656548
656566
656567
656549
656550
656568
656569
656587
656588
656550
656551
656569
656570
656588
656589
656551
656552
656570
656571
656589
656590
656552
656553
656571
656572
656590
656591
656553
656554
656572
656573
656591
656592
656554
656555
656573
656574
656592
656593
656555
656556
656574
656575
656593
656594
656556
656557
656575
656576
656594
656595
656557
656558
656559
656576
656577
656578
656595
656596
656597
656559
656560
656578
656579
656597
656598
656560
656561
656579
656580
656598
656599
656561
656562
656580
656581
656599
656600
656562
656563
656581
656582
656600
656601
656563
656564
656582
656583
656601
656602
656564
656565
656583
656584
656602
656603
656565
656566
656584
656585
656603
656604
656566
656567
656585
656586
656604
656605
656587
656588
656606
656607
656588
656589
656607
656608
656589
656590
656608
656609
656590
656591
656609
656610
656591
656592
656610
656611
656592
656593
656611
656612
656593
656594
656612
656613
656594
656595
656613
656614
656595
656596
656597
656614
656615
656616
656597
656598
656616
656617
656598
656599
656617
656618
656599
656600
656618
656619
656600
656601
656619
656620
656601
656602
656620
656621
656602
656603
656621
656622
656603
656604
656622
656623
656604
656605
656623
656624
656606
656607
656625
656626
656607
656608
656626
656627
656608
656609
656627
656628
656609
656610
656628
656629
656610
656611
656629
656630
656611
656612
656630
656631
656612
656613
656631
656632
656613
656614
656632
656633
656614
656615
656616
656633
656634
656635
656616
656617
656635
656636
656617
656618
656636
656637
656618
656619
656637
656638
656619
656620
656638
656639
656620
656621
656639
656640
656621
656622
656640
656641
656622
656623
656641
656642
656623
656624
656642
656643
656625
656626
656644
656645
656626
656627
656645
656646
656627
656628
656646
656647
656628
656629
656647
656648
656629
656630
656648
656649
656630
656631
656649
656650
656631
656632
656650
656651
656632
656633
656651
656652
656633
656634
656635
656652
656653
656654
656635
656636
656654
656655
656636
656637
656655
656656
656637
656638
656656
656657
656638
656639
656657
656658
656639
656640
656658
656659
656640
656641
656659
656660
656641
656642
656660
656661
656642
656643
656661
656662
656644
656645
656663
656664
656682
656683
656645
656646
656664
656665
656683
656684
656646
656647
656665
656666
656684
656685
656647
656648
656666
656667
656685
656686
656648
656649
656667
656668
656686
656687
656649
656650
656668
656669
656687
656688
656650
656651
656669
656670
656688
656689
656651
656652
656670
656671
656689
656690
656652
656653
656654
656671
656672
656673
656690
656691
656692
656654
656655
656673
656674
656692
656693
656655
656656
656674
656675
656693
656694
656656
656657
656675
656676
656694
656695
656657
656658
656676
656677
656695
656696
656658
656659
656677
656678
656696
656697
656659
656660
656678
656679
656697
656698
656660
656661
656679
656680
656698
656699
656661
656662
656680
656681
656699
656700
656682
656683
656701
656702
656683
656684
656702
656703
656684
656685
656703
656704
656685
656686
656704
656705
656686
656687
656705
656706
656687
656688
656706
656707
656688
656689
656707
656708
656689
656690
656708
656709
656690
656691
656692
656709
656710
656711
656692
656693
656711
656712
656693
656694
656712
656713
656694
656695
656713
656714
656695
656696
656714
656715
656696
656697
656715
656716
656697
656698
656716
656717
656698
656699
656717
656718
656699
656700
656718
656719
656701
656702
656720
656721
656702
656703
656721
656722
656703
656704
656722
656723
656704
656705
656723
656724
656705
656706
656724
656725
656706
656707
656725
656726
656707
656708
656726
656727
656708
656709
656727
656728
656709
656710
656711
656728
656729
656730
656711
656712
656730
656731
656712
656713
656731
656732
656713
656714
656732
656733
656714
656715
656733
656734
656715
656716
656734
656735
656716
656717
656735
656736
656717
656718
656736
656737
656718
656719
656737
656738
656720
656721
656739
656740
656721
656722
656740
656741
656722
656723
656741
656742
656723
656724
656742
656743
656724
656725
656743
656744
656725
656726
656744
656745
656726
656727
656745
656746
656727
656728
656746
656747
656728
656729
656730
656747
656748
656749
656730
656731
656749
656750
656731
656732
656750
656751
656732
656733
656751
656752
656733
656734
656752
656753
656734
656735
656753
656754
656735
656736
656754
656755
656736
656737
656755
656756
656737
656738
656756
656757
656739
656740
656758
656759
656740
656741
656759
656760
656741
656742
656760
656761
656742
656743
656761
656762
656743
656744
656762
656763
656744
656745
656763
656764
656745
656746
656764
656765
656746
656747
656765
656766
656747
656748
656749
656766
656767
656768
656749
656750
656768
656769
656750
656751
656769
656770
656751
656752
656770
656771
656752
656753
656771
656772
656753
656754
656772
656773
656754
656755
656773
656774
656755
656756
656774
656775
656756
656757
656775
656776
656758
656759
656777
656778
656796
656797
656759
656760
656778
656779
656797
656798
656760
656761
656779
656780
656798
656799
656761
656762
656780
656781
656799
656800
656762
656763
656781
656782
656800
656801
656763
656764
656782
656783
656801
656802
656764
656765
656783
656784
656802
656803
656765
656766
656784
656785
656803
656804
656766
656767
656768
656785
656786
656787
656804
656805
656806
656768
656769
656787
656788
656806
656807
656769
656770
656788
656789
656807
656808
656770
656771
656789
656790
656808
656809
656771
656772
656790
656791
656809
656810
656772
656773
656791
656792
656810
656811
656773
656774
656792
656793
656811
656812
656774
656775
656793
656794
656812
656813
656775
656776
656794
656795
656813
656814
656796
656797
656815
656816
656797
656798
656816
656817
656798
656799
656817
656818
656799
656800
656818
656819
656800
656801
656819
656820
656801
656802
656820
656821
656802
656803
656821
656822
656803
656804
656822
656823
656804
656805
656806
656823
656824
656825
656806
656807
656825
656826
656807
656808
656826
656827
656808
656809
656827
656828
656809
656810
656828
656829
656810
656811
656829
656830
656811
656812
656830
656831
656812
656813
656831
656832
656813
656814
656832
656833
656815
656816
656834
656835
656816
656817
656835
656836
656817
656818
656836
656837
656818
656819
656837
656838
656819
656820
656838
656839
656820
656821
656839
656840
656821
656822
656840
656841
656822
656823
656841
656842
656823
656824
656825
656842
656843
656844
656825
656826
656844
656845
656826
656827
656845
656846
656827
656828
656846
656847
656828
656829
656847
656848
656829
656830
656848
656849
656830
656831
656849
656850
656831
656832
656850
656851
656832
656833
656851
656852
656834
656835
656853
656854
656835
656836
656854
656855
656836
656837
656855
656856
656837
656838
656856
656857
656838
656839
656857
656858
656839
656840
656858
656859
656840
656841
656859
656860
656841
656842
656860
656861
656842
656843
656844
656861
656862
656863
656844
656845
656863
656864
656845
656846
656864
656865
656846
656847
656865
656866
656847
656848
656866
656867
656848
656849
656867
656868
656849
656850
656868
656869
656850
656851
656869
656870
656851
656852
656870
656871
656853
656854
656872
656873
656891
656892
656854
656855
656873
656874
656892
656893
656855
656856
656874
656875
656893
656894
656856
656857
656875
656876
656894
656895
656857
656858
656876
656877
656895
656896
656858
656859
656877
656878
656896
656897
656859
656860
656878
656879
656897
656898
656860
656861
656879
656880
656898
656899
656861
656862
656863
656880
656881
656882
656899
656900
656901
656863
656864
656882
656883
656901
656902
656864
656865
656883
656884
656902
656903
656865
656866
656884
656885
656903
656904
656866
656867
656885
656886
656904
656905
656867
656868
656886
656887
656905
656906
656868
656869
656887
656888
656906
656907
656869
656870
656888
656889
656907
656908
656870
656871
656889
656890
656908
656909
656891
656892
656910
656911
656892
656893
656911
656912
656893
656894
656912
656913
656894
656895
656913
656914
656895
656896
656914
656915
656896
656897
656915
656916
656897
656898
656916
656917
656898
656899
656917
656918
656899
656900
656901
656918
656919
656920
656901
656902
656920
656921
656902
656903
656921
656922
656903
656904
656922
656923
656904
656905
656923
656924
656905
656906
656924
656925
656906
656907
656925
656926
656907
656908
656926
656927
656908
656909
656927
656928
656910
656911
656929
656930
656911
656912
656930
656931
656912
656913
656931
656932
656913
656914
656932
656933
656914
656915
656933
656934
656915
656916
656934
656935
656916
656917
656935
656936
656917
656918
656936
656937
656918
656919
656920
656937
656938
656939
656920
656921
656939
656940
656921
656922
656940
656941
656922
656923
656941
656942
656923
656924
656942
656943
656924
656925
656943
656944
656925
656926
656944
656945
656926
656927
656945
656946
656927
656928
656946
656947
656929
656930
656948
656949
656930
656931
656949
656950
656931
656932
656950
656951
656932
656933
656951
656952
656933
656934
656952
656953
656934
656935
656953
656954
656935
656936
656954
656955
656936
656937
656955
656956
656937
656938
656939
656956
656957
656958
656939
656940
656958
656959
656940
656941
656959
656960
656941
656942
656960
656961
656942
656943
656961
656962
656943
656944
656962
656963
656944
656945
656963
656964
656945
656946
656964
656965
656946
656947
656965
656966
656948
656949
656967
656968
656986
656987
656949
656950
656968
656969
656987
656988
656950
656951
656969
656970
656988
656989
656951
656952
656970
656971
656989
656990
656952
656953
656971
656972
656990
656991
656953
656954
656972
656973
656991
656992
656954
656955
656973
656974
656992
656993
656955
656956
656974
656975
656993
656994
656956
656957
656958
656975
656976
656977
656994
656995
656996
656958
656959
656977
656978
656996
656997
656959
656960
656978
656979
656997
656998
656960
656961
656979
656980
656998
656999
656961
656962
656980
656981
656999
657000
656962
656963
656981
656982
657000
657001
656963
656964
656982
656983
657001
657002
656964
656965
656983
656984
657002
657003
656965
656966
656984
656985
657003
657004
656986
656987
657005
657006
656987
656988
657006
657007
656988
656989
657007
657008
656989
656990
657008
657009
656990
656991
657009
657010
656991
656992
657010
657011
656992
656993
657011
657012
656993
656994
657012
657013
656994
656995
656996
657013
657014
657015
656996
656997
657015
657016
656997
656998
657016
657017
656998
656999
657017
657018
656999
657000
657018
657019
657000
657001
657019
657020
657001
657002
657020
657021
657002
657003
657021
657022
657003
657004
657022
657023
657005
657006
657024
657025
657006
657007
657025
657026
657007
657008
657026
657027
657008
657009
657027
657028
657009
657010
657028
657029
657010
657011
657029
657030
657011
657012
657030
657031
657012
657013
657031
657032
657013
657014
657015
657032
657033
657034
657015
657016
657034
657035
657016
657017
657035
657036
657017
657018
657036
657037
657018
657019
657037
657038
657019
657020
657038
657039
657020
657021
657039
657040
657021
657022
657040
657041
657022
657023
657041
657042
657024
657025
657043
657044
657025
657026
657044
657045
657026
657027
657045
657046
657027
657028
657046
657047
657028
657029
657047
657048
657029
657030
657048
657049
657030
657031
657049
657050
657031
657032
657050
657051
657032
657033
657034
657051
657052
657053
657034
657035
657053
657054
657035
657036
657054
657055
657036
657037
657055
657056
657037
657038
657056
657057
657038
657039
657057
657058
657039
657040
657058
657059
657040
657041
657059
657060
657041
657042
657060
657061
657043
657044
657062
657063
657081
657082
657044
657045
657063
657064
657082
657083
657045
657046
657064
657065
657083
657084
657046
657047
657065
657066
657084
657085
657047
657048
657066
657067
657085
657086
657048
657049
657067
657068
657086
657087
657049
657050
657068
657069
657087
657088
657050
657051
657069
657070
657088
657089
657051
657052
657053
657070
657071
657072
657089
657090
657091
657053
657054
657072
657073
657091
657092
657054
657055
657073
657074
657092
657093
657055
657056
657074
657075
657093
657094
657056
657057
657075
657076
657094
657095
657057
657058
657076
657077
657095
657096
657058
657059
657077
657078
657096
657097
657059
657060
657078
657079
657097
657098
657060
657061
657079
657080
657098
657099
657081
657082
657100
657101
657082
657083
657101
657102
657083
657084
657102
657103
657084
657085
657103
657104
657085
657086
657104
657105
657086
657087
657105
657106
657087
657088
657106
657107
657088
657089
657107
657108
657089
657090
657091
657108
657109
657110
657091
657092
657110
657111
657092
657093
657111
657112
657093
657094
657112
657113
657094
657095
657113
657114
657095
657096
657114
657115
657096
657097
657115
657116
657097
657098
657116
657117
657098
657099
657117
657118
657100
657101
657119
657120
657101
657102
657120
657121
657102
657103
657121
657122
657103
657104
657122
657123
657104
657105
657123
657124
657105
657106
657124
657125
657106
657107
657125
657126
657107
657108
657126
657127
657108
657109
657110
657127
657128
657129
657110
657111
657129
657130
657111
657112
657130
657131
657112
657113
657131
657132
657113
657114
657132
657133
657114
657115
657133
657134
657115
657116
657134
657135
657116
657117
657135
657136
657117
657118
657136
657137
657119
657120
657138
657139
657120
657121
657139
657140
657121
657122
657140
657141
657122
657123
657141
657142
657123
657124
657142
657143
657124
657125
657143
657144
657125
657126
657144
657145
657126
657127
657145
657146
657127
657128
657129
657146
657147
657148
657129
657130
657148
657149
657130
657131
657149
657150
657131
657132
657150
657151
657132
657133
657151
657152
657133
657134
657152
657153
657134
657135
657153
657154
657135
657136
657154
657155
657136
657137
657155
657156
657138
657139
657157
657158
657139
657140
657158
657159
657140
657141
657159
657160
657141
657142
657160
657161
657142
657143
657161
657162
657143
657144
657162
657163
657144
657145
657163
657164
657145
657146
657164
657165
657146
657147
657148
657165
657166
657167
657148
657149
657167
657168
657149
657150
657168
657169
657150
657151
657169
657170
657151
657152
657170
657171
657152
657153
657171
657172
657153
657154
657172
657173
657154
657155
657173
657174
657155
657156
657174
657175
657157
657158
657176
657177
657195
657196
657158
657159
657177
657178
657196
657197
657159
657160
657178
657179
657197
657198
657160
657161
657179
657180
657198
657199
657161
657162
657180
657181
657199
657200
657162
657163
657181
657182
657200
657201
657163
657164
657182
657183
657201
657202
657164
657165
657183
657184
657202
657203
657165
657166
657167
657184
657185
657186
657203
657204
657205
657167
657168
657186
657187
657205
657206
657168
657169
657187
657188
657206
657207
657169
657170
657188
657189
657207
657208
657170
657171
657189
657190
657208
657209
657171
657172
657190
657191
657209
657210
657172
657173
657191
657192
657210
657211
657173
657174
657192
657193
657211
657212
657174
657175
657193
657194
657212
657213
657195
657196
657214
657215
657196
657197
657215
657216
657197
657198
657216
657217
657198
657199
657217
657218
657199
657200
657218
657219
657200
657201
657219
657220
657201
657202
657220
657221
657202
657203
657221
657222
657203
657204
657205
657222
657223
657224
657205
657206
657224
657225
657206
657207
657225
657226
657207
657208
657226
657227
657208
657209
657227
657228
657209
657210
657228
657229
657210
657211
657229
657230
657211
657212
657230
657231
657212
657213
657231
657232
657214
657215
657233
657234
657215
657216
657234
657235
657216
657217
657235
657236
657217
657218
657236
657237
657218
657219
657237
657238
657219
657220
657238
657239
657220
657221
657239
657240
657221
657222
657240
657241
657222
657223
657224
657241
657242
657243
657224
657225
657243
657244
657225
657226
657244
657245
657226
657227
657245
657246
657227
657228
657246
657247
657228
657229
657247
657248
657229
657230
657248
657249
657230
657231
657249
657250
657231
657232
657250
657251
657233
657234
657252
657253
657234
657235
657253
657254
657235
657236
657254
657255
657236
657237
657255
657256
657237
657238
657256
657257
657238
657239
657257
657258
657239
657240
657258
657259
657240
657241
657259
657260
657241
657242
657243
657260
657261
657262
657243
657244
657262
657263
657244
657245
657263
657264
657245
657246
657264
657265
657246
657247
657265
657266
657247
657248
657266
657267
657248
657249
657267
657268
657249
657250
657268
657269
657250
657251
657269
657270
657252
657253
657271
657272
657290
657291
657253
657254
657272
657273
657291
657292
657254
657255
657273
657274
657292
657293
657255
657256
657274
657275
657293
657294
657256
657257
657275
657276
657294
657295
657257
657258
657276
657277
657295
657296
657258
657259
657277
657278
657296
657297
657259
657260
657278
657279
657297
657298
657260
657261
657262
657279
657280
657281
657298
657299
657300
657262
657263
657281
657282
657300
657301
657263
657264
657282
657283
657301
657302
657264
657265
657283
657284
657302
657303
657265
657266
657284
657285
657303
657304
657266
657267
657285
657286
657304
657305
657267
657268
657286
657287
657305
657306
657268
657269
657287
657288
657306
657307
657269
657270
657288
657289
657307
657308
657290
657291
657309
657310
657291
657292
657310
657311
657292
657293
657311
657312
657293
657294
657312
657313
657294
657295
657313
657314
657295
657296
657314
657315
657296
657297
657315
657316
657297
657298
657316
657317
657298
657299
657300
657317
657318
657319
657300
657301
657319
657320
657301
657302
657320
657321
657302
657303
657321
657322
657303
657304
657322
657323
657304
657305
657323
657324
657305
657306
657324
657325
657306
657307
657325
657326
657307
657308
657326
657327
657309
657310
657328
657329
657310
657311
657329
657330
657311
657312
657330
657331
657312
657313
657331
657332
657313
657314
657332
657333
657314
657315
657333
657334
657315
657316
657334
657335
657316
657317
657335
657336
657317
657318
657319
657336
657337
657338
657319
657320
657338
657339
657320
657321
657339
657340
657321
657322
657340
657341
657322
657323
657341
657342
657323
657324
657342
657343
657324
657325
657343
657344
657325
657326
657344
657345
657326
657327
657345
657346
657328
657329
657347
657348
657329
657330
657348
657349
657330
657331
657349
657350
657331
657332
657350
657351
657332
657333
657351
657352
657333
657334
657352
657353
657334
657335
657353
657354
657335
657336
657354
657355
657336
657337
657338
657355
657356
657357
657338
657339
657357
657358
657339
657340
657358
657359
657340
657341
657359
657360
657341
657342
657360
657361
657342
657343
657361
657362
657343
657344
657362
657363
657344
657345
657363
657364
657345
657346
657364
657365
657347
657348
657366
657367
657385
657386
657348
657349
657367
657368
657386
657387
657349
657350
657368
657369
657387
657388
657350
657351
657369
657370
657388
657389
657351
657352
657370
657371
657389
657390
657352
657353
657371
657372
657390
657391
657353
657354
657372
657373
657391
657392
657354
657355
657373
657374
657392
657393
657355
657356
657357
657374
657375
657376
657393
657394
657395
657357
657358
657376
657377
657395
657396
657358
657359
657377
657378
657396
657397
657359
657360
657378
657379
657397
657398
657360
657361
657379
657380
657398
657399
657361
657362
657380
657381
657399
657400
657362
657363
657381
657382
657400
657401
657363
657364
657382
657383
657401
657402
657364
657365
657383
657384
657402
657403
657385
657386
657404
657405
657386
657387
657405
657406
657387
657388
657406
657407
657388
657389
657407
657408
657389
657390
657408
657409
657390
657391
657409
657410
657391
657392
657410
657411
657392
657393
657411
657412
657393
657394
657395
657412
657413
657414
657395
657396
657414
657415
657396
657397
657415
657416
657397
657398
657416
657417
657398
657399
657417
657418
657399
657400
657418
657419
657400
657401
657419
657420
657401
657402
657420
657421
657402
657403
657421
657422
657404
657405
657423
657424
657405
657406
657424
657425
657406
657407
657425
657426
657407
657408
657426
657427
657408
657409
657427
657428
657409
657410
657428
657429
657410
657411
657429
657430
657411
657412
657430
657431
657412
657413
657414
657431
657432
657433
657414
657415
657433
657434
657415
657416
657434
657435
657416
657417
657435
657436
657417
657418
657436
657437
657418
657419
657437
657438
657419
657420
657438
657439
657420
657421
657439
657440
657421
657422
657440
657441
657423
657424
657442
657443
657424
657425
657443
657444
657425
657426
657444
657445
657426
657427
657445
657446
657427
657428
657446
657447
657428
657429
657447
657448
657429
657430
657448
657449
657430
657431
657449
657450
657431
657432
657433
657450
657451
657452
657433
657434
657452
657453
657434
657435
657453
657454
657435
657436
657454
657455
657436
657437
657455
657456
657437
657438
657456
657457
657438
657439
657457
657458
657439
657440
657458
657459
657440
657441
657459
657460
657442
657443
657461
657462
657443
657444
657462
657463
657444
657445
657463
657464
657445
657446
657464
657465
657446
657447
657465
657466
657447
657448
657466
657467
657448
657449
657467
657468
657449
657450
657468
657469
662080
657450
657451
657452
657469
657470
657471
662080
662180
662280
657452
657453
657471
657472
662280
662380
657453
657454
657472
657473
662380
662480
657454
657455
657473
657474
662480
662580
657455
657456
657474
657475
662580
662680
657456
657457
657475
657476
662680
662780
657457
657458
657476
657477
662780
662880
657458
657459
657477
657478
662880
662980
657459
657460
657478
657479
662980
663080
657480
657481
657499
657500
657481
657482
657500
657501
657482
657483
657501
657502
657483
657484
657502
657503
657484
657485
657503
657504
657485
657486
657504
657505
657486
657487
657505
657506
655588
657487
657488
657506
657507
655588
655589
655590
657488
657489
657490
657507
657508
657509
655590
655591
657490
657491
657509
657510
655591
655592
657491
657492
657510
657511
655592
655593
657492
657493
657511
657512
655593
655594
657493
657494
657512
657513
655594
655595
657494
657495
657513
657514
655595
655596
657495
657496
657514
657515
655596
655597
657496
657497
657515
657516
655597
655598
657497
657498
657516
657517
657499
657500
657518
657519
657500
657501
657519
657520
657501
657502
657520
657521
657502
657503
657521
657522
657503
657504
657522
657523
657504
657505
657523
657524
657505
657506
657524
657525
657506
657507
657525
657526
657507
657508
657509
657526
657527
657528
657509
657510
657528
657529
657510
657511
657529
657530
657511
657512
657530
657531
657512
657513
657531
657532
657513
657514
657532
657533
657514
657515
657533
657534
657515
657516
657534
657535
657516
657517
657535
657536
657518
657519
657537
657538
657519
657520
657538
657539
657520
657521
657539
657540
657521
657522
657540
657541
657522
657523
657541
657542
657523
657524
657542
657543
657524
657525
657543
657544
657525
657526
657544
657545
657526
657527
657528
657545
657546
657547
657528
657529
657547
657548
657529
657530
657548
657549
657530
657531
657549
657550
657531
657532
657550
657551
657532
657533
657551
657552
657533
657534
657552
657553
657534
657535
657553
657554
657535
657536
657554
657555
657537
657538
657556
657557
657538
657539
657557
657558
657539
657540
657558
657559
657540
657541
657559
657560
657541
657542
657560
657561
657542
657543
657561
657562
657543
657544
657562
657563
657544
657545
657563
657564
657545
657546
657547
657564
657565
657566
657547
657548
657566
657567
657548
657549
657567
657568
657549
657550
657568
657569
657550
657551
657569
657570
657551
657552
657570
657571
657552
657553
657571
657572
657553
657554
657572
657573
657554
657555
657573
657574
657556
657557
657575
657576
657594
657595
657557
657558
657576
657577
657595
657596
657558
657559
657577
657578
657596
657597
657559
657560
657578
657579
657597
657598
657560
657561
657579
657580
657598
657599
657561
657562
657580
657581
657599
657600
657562
657563
657581
657582
657600
657601
657563
657564
657582
657583
657601
657602
657564
657565
657566
657583
657584
657585
657602
657603
657604
657566
657567
657585
657586
657604
657605
657567
657568
657586
657587
657605
657606
657568
657569
657587
657588
657606
657607
657569
657570
657588
657589
657607
657608
657570
657571
657589
657590
657608
657609
657571
657572
657590
657591
657609
657610
657572
657573
657591
657592
657610
657611
657573
657574
657592
657593
657611
657612
657594
657595
657613
657614
657595
657596
657614
657615
657596
657597
657615
657616
657597
657598
657616
657617
657598
657599
657617
657618
657599
657600
657618
657619
657600
657601
657619
657620
657601
657602
657620
657621
657602
657603
657604
657621
657622
657623
657604
657605
657623
657624
657605
657606
657624
657625
657606
657607
657625
657626
657607
657608
657626
657627
657608
657609
657627
657628
657609
657610
657628
657629
657610
657611
657629
657630
657611
657612
657630
657631
657613
657614
657632
657633
657614
657615
657633
657634
657615
657616
657634
657635
657616
657617
657635
657636
657617
657618
657636
657637
657618
657619
657637
657638
657619
657620
657638
657639
657620
657621
657639
657640
657621
657622
657623
657640
657641
657642
657623
657624
657642
657643
657624
657625
657643
657644
657625
657626
657644
657645
657626
657627
657645
657646
657627
657628
657646
657647
657628
657629
657647
657648
657629
657630
657648
657649
657630
657631
657649
657650
657632
657633
657651
657652
657633
657634
657652
657653
657634
657635
657653
657654
657635
657636
657654
657655
657636
657637
657655
657656
657637
657638
657656
657657
657638
657639
657657
657658
657639
657640
657658
657659
657640
657641
657642
657659
657660
657661
657642
657643
657661
657662
657643
657644
657662
657663
657644
657645
657663
657664
657645
657646
657664
657665
657646
657647
657665
657666
657647
657648
657666
657667
657648
657649
657667
657668
657649
657650
657668
657669
657651
657652
657670
657671
657689
657690
657652
657653
657671
657672
657690
657691
657653
657654
657672
657673
657691
657692
657654
657655
657673
657674
657692
657693
657655
657656
657674
657675
657693
657694
657656
657657
657675
657676
657694
657695
657657
657658
657676
657677
657695
657696
657658
657659
657677
657678
657696
657697
657659
657660
657661
657678
657679
657680
657697
657698
657699
657661
657662
657680
657681
657699
657700
657662
657663
657681
657682
657700
657701
657663
657664
657682
657683
657701
657702
657664
657665
657683
657684
657702
657703
657665
657666
657684
657685
657703
657704
657666
657667
657685
657686
657704
657705
657667
657668
657686
657687
657705
657706
657668
657669
657687
657688
657706
657707
657689
657690
657708
657709
657690
657691
657709
657710
657691
657692
657710
657711
657692
657693
657711
657712
657693
657694
657712
657713
657694
657695
657713
657714
657695
657696
657714
657715
657696
657697
657715
657716
657697
657698
657699
657716
657717
657718
657699
657700
657718
657719
657700
657701
657719
657720
657701
657702
657720
657721
657702
657703
657721
657722
657703
657704
657722
657723
657704
657705
657723
657724
657705
657706
657724
657725
657706
657707
657725
657726
657708
657709
657727
657728
657709
657710
657728
657729
657710
657711
657729
657730
657711
657712
657730
657731
657712
657713
657731
657732
657713
657714
657732
657733
657714
657715
657733
657734
657715
657716
657734
657735
657716
657717
657718
657735
657736
657737
657718
657719
657737
657738
657719
657720
657738
657739
657720
657721
657739
657740
657721
657722
657740
657741
657722
657723
657741
657742
657723
657724
657742
657743
657724
657725
657743
657744
657725
657726
657744
657745
657727
657728
657746
657747
657728
657729
657747
657748
657729
657730
657748
657749
657730
657731
657749
657750
657731
657732
657750
657751
657732
657733
657751
657752
657733
657734
657752
657753
657734
657735
657753
657754
657735
657736
657737
657754
657755
657756
657737
657738
657756
657757
657738
657739
657757
657758
657739
657740
657758
657759
657740
657741
657759
657760
657741
657742
657760
657761
657742
657743
657761
657762
657743
657744
657762
657763
657744
657745
657763
657764
657746
657747
657765
657766
657784
657785
657747
657748
657766
657767
657785
657786
657748
657749
657767
657768
657786
657787
657749
657750
657768
657769
657787
657788
657750
657751
657769
657770
657788
657789
657751
657752
657770
657771
657789
657790
657752
657753
657771
657772
657790
657791
657753
657754
657772
657773
657791
657792
657754
657755
657756
657773
657774
657775
657792
657793
657794
657756
657757
657775
657776
657794
657795
657757
657758
657776
657777
657795
657796
657758
657759
657777
657778
657796
657797
657759
657760
657778
657779
657797
657798
657760
657761
657779
657780
657798
657799
657761
657762
657780
657781
657799
657800
657762
657763
657781
657782
657800
657801
657763
657764
657782
657783
657801
657802
657784
657785
657803
657804
657785
657786
657804
657805
657786
657787
657805
657806
657787
657788
657806
657807
657788
657789
657807
657808
657789
657790
657808
657809
657790
657791
657809
657810
657791
657792
657810
657811
657792
657793
657794
657811
657812
657813
657794
657795
657813
657814
657795
657796
657814
657815
657796
657797
657815
657816
657797
657798
657816
657817
657798
657799
657817
657818
657799
657800
657818
657819
657800
657801
657819
657820
657801
657802
657820
657821
657803
657804
657822
657823
657804
657805
657823
657824
657805
657806
657824
657825
657806
657807
657825
657826
657807
657808
657826
657827
657808
657809
657827
657828
657809
657810
657828
657829
657810
657811
657829
657830
657811
657812
657813
657830
657831
657832
657813
657814
657832
657833
657814
657815
657833
657834
657815
657816
657834
657835
657816
657817
657835
657836
657817
657818
657836
657837
657818
657819
657837
657838
657819
657820
657838
657839
657820
657821
657839
657840
657822
657823
657841
657842
657823
657824
657842
657843
657824
657825
657843
657844
657825
657826
657844
657845
657826
657827
657845
657846
657827
657828
657846
657847
657828
657829
657847
657848
657829
657830
657848
657849
657830
657831
657832
657849
657850
657851
657832
657833
657851
657852
657833
657834
657852
657853
657834
657835
657853
657854
657835
657836
657854
657855
657836
657837
657855
657856
657837
657838
657856
657857
657838
657839
657857
657858
657839
657840
657858
657859
657841
657842
657860
657861
657842
657843
657861
657862
657843
657844
657862
657863
657844
657845
657863
657864
657845
657846
657864
657865
657846
657847
657865
657866
657847
657848
657866
657867
657848
657849
657867
657868
657849
657850
657851
657868
657869
657870
657851
657852
657870
657871
657852
657853
657871
657872
657853
657854
657872
657873
657854
657855
657873
657874
657855
657856
657874
657875
657856
657857
657875
657876
657857
657858
657876
657877
657858
657859
657877
657878
657860
657861
657879
657880
657898
657899
657861
657862
657880
657881
657899
657900
657862
657863
657881
657882
657900
657901
657863
657864
657882
657883
657901
657902
657864
657865
657883
657884
657902
657903
657865
657866
657884
657885
657903
657904
657866
657867
657885
657886
657904
657905
657867
657868
657886
657887
657905
657906
657868
657869
657870
657887
657888
657889
657906
657907
657908
657870
657871
657889
657890
657908
657909
657871
657872
657890
657891
657909
657910
657872
657873
657891
657892
657910
657911
657873
657874
657892
657893
657911
657912
657874
657875
657893
657894
657912
657913
657875
657876
657894
657895
657913
657914
657876
657877
657895
657896
657914
657915
657877
657878
657896
657897
657915
657916
657898
657899
657917
657918
657899
657900
657918
657919
657900
657901
657919
657920
657901
657902
657920
657921
657902
657903
657921
657922
657903
657904
657922
657923
657904
657905
657923
657924
657905
657906
657924
657925
657906
657907
657908
657925
657926
657927
657908
657909
657927
657928
657909
657910
657928
657929
657910
657911
657929
657930
657911
657912
657930
657931
657912
657913
657931
657932
657913
657914
657932
657933
657914
657915
657933
657934
657915
657916
657934
657935
657917
657918
657936
657937
657918
657919
657937
657938
657919
657920
657938
657939
657920
657921
657939
657940
657921
657922
657940
657941
657922
657923
657941
657942
657923
657924
657942
657943
657924
657925
657943
657944
657925
657926
657927
657944
657945
657946
657927
657928
657946
657947
657928
657929
657947
657948
657929
657930
657948
657949
657930
657931
657949
657950
657931
657932
657950
657951
657932
657933
657951
657952
657933
657934
657952
657953
657934
657935
657953
657954
657936
657937
657955
657956
657937
657938
657956
657957
657938
657939
657957
657958
657939
657940
657958
657959
657940
657941
657959
657960
657941
657942
657960
657961
657942
657943
657961
657962
657943
657944
657962
657963
657944
657945
657946
657963
657964
657965
657946
657947
657965
657966
657947
657948
657966
657967
657948
657949
657967
657968
657949
657950
657968
657969
657950
657951
657969
657970
657951
657952
657970
657971
657952
657953
657971
657972
657953
657954
657972
657973
657955
657956
657974
657975
657993
657994
657956
657957
657975
657976
657994
657995
657957
657958
657976
657977
657995
657996
657958
657959
657977
657978
657996
657997
657959
657960
657978
657979
657997
657998
657960
657961
657979
657980
657998
657999
657961
657962
657980
657981
657999
658000
657962
657963
657981
657982
658000
658001
657963
657964
657965
657982
657983
657984
658001
658002
658003
657965
657966
657984
657985
658003
658004
657966
657967
657985
657986
658004
658005
657967
657968
657986
657987
658005
658006
657968
657969
657987
657988
658006
658007
657969
657970
657988
657989
658007
658008
657970
657971
657989
657990
658008
658009
657971
657972
657990
657991
658009
658010
657972
657973
657991
657992
658010
658011
657993
657994
658012
658013
657994
657995
658013
658014
657995
657996
658014
658015
657996
657997
658015
658016
657997
657998
658016
658017
657998
657999
658017
658018
657999
658000
658018
658019
658000
658001
658019
658020
658001
658002
658003
658020
658021
658022
658003
658004
658022
658023
658004
658005
658023
658024
658005
658006
658024
658025
658006
658007
658025
658026
658007
658008
658026
658027
658008
658009
658027
658028
658009
658010
658028
658029
658010
658011
658029
658030
658012
658013
658031
658032
658013
658014
658032
658033
658014
658015
658033
658034
658015
658016
658034
658035
658016
658017
658035
658036
658017
658018
658036
658037
658018
658019
658037
658038
658019
658020
658038
658039
658020
658021
658022
658039
658040
658041
658022
658023
658041
658042
658023
658024
658042
658043
658024
658025
658043
658044
658025
658026
658044
658045
658026
658027
658045
658046
658027
658028
658046
658047
658028
658029
658047
658048
658029
658030
658048
658049
658031
658032
658050
658051
658032
658033
658051
658052
658033
658034
658052
658053
658034
658035
658053
658054
658035
658036
658054
658055
658036
658037
658055
658056
658037
658038
658056
658057
658038
658039
658057
658058
658039
658040
658041
658058
658059
658060
658041
658042
658060
658061
658042
658043
658061
658062
658043
658044
658062
658063
658044
658045
658063
658064
658045
658046
658064
658065
658046
658047
658065
658066
658047
658048
658066
658067
658048
658049
658067
658068
658050
658051
658069
658070
658088
658089
658051
658052
658070
658071
658089
658090
658052
658053
658071
658072
658090
658091
658053
658054
658072
658073
658091
658092
658054
658055
658073
658074
658092
658093
658055
658056
658074
658075
658093
658094
658056
658057
658075
658076
658094
658095
658057
658058
658076
658077
658095
658096
658058
658059
658060
658077
658078
658079
658096
658097
658098
658060
658061
658079
658080
658098
658099
658061
658062
658080
658081
658099
658100
658062
658063
658081
658082
658100
658101
658063
658064
658082
658083
658101
658102
658064
658065
658083
658084
658102
658103
658065
658066
658084
658085
658103
658104
658066
658067
658085
658086
658104
658105
658067
658068
658086
658087
658105
658106
658088
658089
658107
658108
658089
658090
658108
658109
658090
658091
658109
658110
658091
658092
658110
658111
658092
658093
658111
658112
658093
658094
658112
658113
658094
658095
658113
658114
658095
658096
658114
658115
658096
658097
658098
658115
658116
658117
658098
658099
658117
658118
658099
658100
658118
658119
658100
658101
658119
658120
658101
658102
658120
658121
658102
658103
658121
658122
658103
658104
658122
658123
658104
658105
658123
658124
658105
658106
658124
658125
658107
658108
658126
658127
658108
658109
658127
658128
658109
658110
658128
658129
658110
658111
658129
658130
658111
658112
658130
658131
658112
658113
658131
658132
658113
658114
658132
658133
658114
658115
658133
658134
658115
658116
658117
658134
658135
658136
658117
658118
658136
658137
658118
658119
658137
658138
658119
658120
658138
658139
658120
658121
658139
658140
658121
658122
658140
658141
658122
658123
658141
658142
658123
658124
658142
658143
658124
658125
658143
658144
658126
658127
658145
658146
658127
658128
658146
658147
658128
658129
658147
658148
658129
658130
658148
658149
658130
658131
658149
658150
658131
658132
658150
658151
658132
658133
658151
658152
658133
658134
658152
658153
658134
658135
658136
658153
658154
658155
658136
658137
658155
658156
658137
658138
658156
658157
658138
658139
658157
658158
658139
658140
658158
658159
658140
658141
658159
658160
658141
658142
658160
658161
658142
658143
658161
658162
658143
658144
658162
658163
658145
658146
658164
658165
658183
658184
658146
658147
658165
658166
658184
658185
658147
658148
658166
658167
658185
658186
658148
658149
658167
658168
658186
658187
658149
658150
658168
658169
658187
658188
658150
658151
658169
658170
658188
658189
658151
658152
658170
658171
658189
658190
658152
658153
658171
658172
658190
658191
658153
658154
658155
658172
658173
658174
658191
658192
658193
658155
658156
658174
658175
658193
658194
658156
658157
658175
658176
658194
658195
658157
658158
658176
658177
658195
658196
658158
658159
658177
658178
658196
658197
658159
658160
658178
658179
658197
658198
658160
658161
658179
658180
658198
658199
658161
658162
658180
658181
658199
658200
658162
658163
658181
658182
658200
658201
658183
658184
658202
658203
658184
658185
658203
658204
658185
658186
658204
658205
658186
658187
658205
658206
658187
658188
658206
658207
658188
658189
658207
658208
658189
658190
658208
658209
658190
658191
658209
658210
658191
658192
658193
658210
658211
658212
658193
658194
658212
658213
658194
658195
658213
658214
658195
658196
658214
658215
658196
658197
658215
658216
658197
658198
658216
658217
658198
658199
658217
658218
658199
658200
658218
658219
658200
658201
658219
658220
658202
658203
658221
658222
658203
658204
658222
658223
658204
658205
658223
658224
658205
658206
658224
658225
658206
658207
658225
658226
658207
658208
658226
658227
658208
658209
658227
658228
658209
658210
658228
658229
658210
658211
658212
658229
658230
658231
658212
658213
658231
658232
658213
658214
658232
658233
658214
658215
658233
658234
658215
658216
658234
658235
658216
658217
658235
658236
658217
658218
658236
658237
658218
658219
658237
658238
658219
658220
658238
658239
658221
658222
658240
658241
658222
658223
658241
658242
658223
658224
658242
658243
658224
658225
658243
658244
658225
658226
658244
658245
658226
658227
658245
658246
658227
658228
658246
658247
658228
658229
658247
658248
658229
658230
658231
658248
658249
658250
658231
658232
658250
658251
658232
658233
658251
658252
658233
658234
658252
658253
658234
658235
658253
658254
658235
658236
658254
658255
658236
658237
658255
658256
658237
658238
658256
658257
658238
658239
658257
658258
658240
658241
658259
658260
658241
658242
658260
658261
658242
658243
658261
658262
658243
658244
658262
658263
658244
658245
658263
658264
658245
658246
658264
658265
658246
658247
658265
658266
658247
658248
658266
658267
658248
658249
658250
658267
658268
658269
658250
658251
658269
658270
658251
658252
658270
658271
658252
658253
658271
658272
658253
658254
658272
658273
658254
658255
658273
658274
658255
658256
658274
658275
658256
658257
658275
658276
658257
658258
658276
658277
658259
658260
658278
658279
658297
658298
658260
658261
658279
658280
658298
658299
658261
658262
658280
658281
658299
658300
658262
658263
658281
658282
658300
658301
658263
658264
658282
658283
658301
658302
658264
658265
658283
658284
658302
658303
658265
658266
658284
658285
658303
658304
658266
658267
658285
658286
658304
658305
658267
658268
658269
658286
658287
658288
658305
658306
658307
658269
658270
658288
658289
658307
658308
658270
658271
658289
658290
658308
658309
658271
658272
658290
658291
658309
658310
658272
658273
658291
658292
658310
658311
658273
658274
658292
658293
658311
658312
658274
658275
658293
658294
658312
658313
658275
658276
658294
658295
658313
658314
658276
658277
658295
658296
658314
658315
658297
658298
658316
658317
658298
658299
658317
658318
658299
658300
658318
658319
658300
658301
658319
658320
658301
658302
658320
658321
658302
658303
658321
658322
658303
658304
658322
658323
658304
658305
658323
658324
658305
658306
658307
658324
658325
658326
658307
658308
658326
658327
658308
658309
658327
658328
658309
658310
658328
658329
658310
658311
658329
658330
658311
658312
658330
658331
658312
658313
658331
658332
658313
658314
658332
658333
658314
658315
658333
658334
658316
658317
658335
658336
658317
658318
658336
658337
658318
658319
658337
658338
658319
658320
658338
658339
658320
658321
658339
658340
658321
658322
658340
658341
658322
658323
658341
658342
658323
658324
658342
658343
658324
658325
658326
658343
658344
658345
658326
658327
658345
658346
658327
658328
658346
658347
658328
658329
658347
658348
658329
658330
658348
658349
658330
658331
658349
658350
658331
658332
658350
658351
658332
658333
658351
658352
658333
658334
658352
658353
658335
658336
658354
658355
658336
658337
658355
658356
658337
658338
658356
658357
658338
658339
658357
658358
658339
658340
658358
658359
658340
658341
658359
658360
658341
658342
658360
658361
658342
658343
658361
658362
658343
658344
658345
658362
658363
658364
658345
658346
658364
658365
658346
658347
658365
658366
658347
658348
658366
658367
658348
658349
658367
658368
658349
658350
658368
658369
658350
658351
658369
658370
658351
658352
658370
658371
658352
658353
658371
658372
658354
658355
658373
658374
658392
658393
658355
658356
658374
658375
658393
658394
658356
658357
658375
658376
658394
658395
658357
658358
658376
658377
658395
658396
658358
658359
658377
658378
658396
658397
658359
658360
658378
658379
658397
658398
658360
658361
658379
658380
658398
658399
658361
658362
658380
658381
658399
658400
658362
658363
658364
658381
658382
658383
658400
658401
658402
658364
658365
658383
658384
658402
658403
658365
658366
658384
658385
658403
658404
658366
658367
658385
658386
658404
658405
658367
658368
658386
658387
658405
658406
658368
658369
658387
658388
658406
658407
658369
658370
658388
658389
658407
658408
658370
658371
658389
658390
658408
658409
658371
658372
658390
658391
658409
658410
658392
658393
658411
658412
658393
658394
658412
658413
658394
658395
658413
658414
658395
658396
658414
658415
658396
658397
658415
658416
658397
658398
658416
658417
658398
658399
658417
658418
658399
658400
658418
658419
658400
658401
658402
658419
658420
658421
658402
658403
658421
658422
658403
658404
658422
658423
658404
658405
658423
658424
658405
658406
658424
658425
658406
658407
658425
658426
658407
658408
658426
658427
658408
658409
658427
658428
658409
658410
658428
658429
658411
658412
658430
658431
658412
658413
658431
658432
658413
658414
658432
658433
658414
658415
658433
658434
658415
658416
658434
658435
658416
658417
658435
658436
658417
658418
658436
658437
658418
658419
658437
658438
658419
658420
658421
658438
658439
658440
658421
658422
658440
658441
658422
658423
658441
658442
658423
658424
658442
658443
658424
658425
658443
658444
658425
658426
658444
658445
658426
658427
658445
658446
658427
658428
658446
658447
658428
658429
658447
658448
658430
658431
658449
658450
658431
658432
658450
658451
658432
658433
658451
658452
658433
658434
658452
658453
658434
658435
658453
658454
658435
658436
658454
658455
658436
658437
658455
658456
658437
658438
658456
658457
658438
658439
658440
658457
658458
658459
658440
658441
658459
658460
658441
658442
658460
658461
658442
658443
658461
658462
658443
658444
658462
658463
658444
658445
658463
658464
658445
658446
658464
658465
658446
658447
658465
658466
658447
658448
658466
658467
658449
658450
658468
658469
658487
658488
658450
658451
658469
658470
658488
658489
658451
658452
658470
658471
658489
658490
658452
658453
658471
658472
658490
658491
658453
658454
658472
658473
658491
658492
658454
658455
658473
658474
658492
658493
658455
658456
658474
658475
658493
658494
658456
658457
658475
658476
658494
658495
658457
658458
658459
658476
658477
658478
658495
658496
658497
658459
658460
658478
658479
658497
658498
658460
658461
658479
658480
658498
658499
658461
658462
658480
658481
658499
658500
658462
658463
658481
658482
658500
658501
658463
658464
658482
658483
658501
658502
658464
658465
658483
658484
658502
658503
658465
658466
658484
658485
658503
658504
658466
658467
658485
658486
658504
658505
658487
658488
658506
658507
658488
658489
658507
658508
658489
658490
658508
658509
658490
658491
658509
658510
658491
658492
658510
658511
658492
658493
658511
658512
658493
658494
658512
658513
658494
658495
658513
658514
658495
658496
658497
658514
658515
658516
658497
658498
658516
658517
658498
658499
658517
658518
658499
658500
658518
658519
658500
658501
658519
658520
658501
658502
658520
658521
658502
658503
658521
658522
658503
658504
658522
658523
658504
658505
658523
658524
658506
658507
658525
658526
658507
658508
658526
658527
658508
658509
658527
658528
658509
658510
658528
658529
658510
658511
658529
658530
658511
658512
658530
658531
658512
658513
658531
658532
658513
658514
658532
658533
658514
658515
658516
658533
658534
658535
658516
658517
658535
658536
658517
658518
658536
658537
658518
658519
658537
658538
658519
658520
658538
658539
658520
658521
658539
658540
658521
658522
658540
658541
658522
658523
658541
658542
658523
658524
658542
658543
658525
658526
658544
658545
658526
658527
658545
658546
658527
658528
658546
658547
658528
658529
658547
658548
658529
658530
658548
658549
658530
658531
658549
658550
658531
658532
658550
658551
658532
658533
658551
658552
658533
658534
658535
658552
658553
658554
658535
658536
658554
658555
658536
658537
658555
658556
658537
658538
658556
658557
658538
658539
658557
658558
658539
658540
658558
658559
658540
658541
658559
658560
658541
658542
658560
658561
658542
658543
658561
658562
658544
658545
658563
658564
658582
658583
658545
658546
658564
658565
658583
658584
658546
658547
658565
658566
658584
658585
658547
658548
658566
658567
658585
658586
658548
658549
658567
658568
658586
658587
658549
658550
658568
658569
658587
658588
658550
658551
658569
658570
658588
658589
658551
658552
658570
658571
658589
658590
658552
658553
658554
658571
658572
658573
658590
658591
658592
658554
658555
658573
658574
658592
658593
658555
658556
658574
658575
658593
658594
658556
658557
658575
658576
658594
658595
658557
658558
658576
658577
658595
658596
658558
658559
658577
658578
658596
658597
658559
658560
658578
658579
658597
658598
658560
658561
658579
658580
658598
658599
658561
658562
658580
658581
658599
658600
658582
658583
658601
658602
658583
658584
658602
658603
658584
658585
658603
658604
658585
658586
658604
658605
658586
658587
658605
658606
658587
658588
658606
658607
658588
658589
658607
658608
658589
658590
658608
658609
658590
658591
658592
658609
658610
658611
658592
658593
658611
658612
658593
658594
658612
658613
658594
658595
658613
658614
658595
658596
658614
658615
658596
658597
658615
658616
658597
658598
658616
658617
658598
658599
658617
658618
658599
658600
658618
658619
658601
658602
658620
658621
658602
658603
658621
658622
658603
658604
658622
658623
658604
658605
658623
658624
658605
658606
658624
658625
658606
658607
658625
658626
658607
658608
658626
658627
658608
658609
658627
658628
658609
658610
658611
658628
658629
658630
658611
658612
658630
658631
658612
658613
658631
658632
658613
658614
658632
658633
658614
658615
658633
658634
658615
658616
658634
658635
658616
658617
658635
658636
658617
658618
658636
658637
658618
658619
658637
658638
658620
658621
658639
658640
658621
658622
658640
658641
658622
658623
658641
658642
658623
658624
658642
658643
658624
658625
658643
658644
658625
658626
658644
658645
658626
658627
658645
658646
658627
658628
658646
658647
658628
658629
658630
658647
658648
658649
658630
658631
658649
658650
658631
658632
658650
658651
658632
658633
658651
658652
658633
658634
658652
658653
658634
658635
658653
658654
658635
658636
658654
658655
658636
658637
658655
658656
658637
658638
658656
658657
658639
658640
658658
658659
658640
658641
658659
658660
658641
658642
658660
658661
658642
658643
658661
658662
658643
658644
658662
658663
658644
658645
658663
658664
658645
658646
658664
658665
658646
658647
658665
658666
658647
658648
658649
658666
658667
658668
658649
658650
658668
658669
658650
658651
658669
658670
658651
658652
658670
658671
658652
658653
658671
658672
658653
658654
658672
658673
658654
658655
658673
658674
658655
658656
658674
658675
658656
658657
658675
658676
658658
658659
658677
658678
658696
658697
658659
658660
658678
658679
658697
658698
658660
658661
658679
658680
658698
658699
658661
658662
658680
658681
658699
658700
658662
658663
658681
658682
658700
658701
658663
658664
658682
658683
658701
658702
658664
658665
658683
658684
658702
658703
658665
658666
658684
658685
658703
658704
658666
658667
658668
658685
658686
658687
658704
658705
658706
658668
658669
658687
658688
658706
658707
658669
658670
658688
658689
658707
658708
658670
658671
658689
658690
658708
658709
658671
658672
658690
658691
658709
658710
658672
658673
658691
658692
658710
658711
658673
658674
658692
658693
658711
658712
658674
658675
658693
658694
658712
658713
658675
658676
658694
658695
658713
658714
658696
658697
658715
658716
658697
658698
658716
658717
658698
658699
658717
658718
658699
658700
658718
658719
658700
658701
658719
658720
658701
658702
658720
658721
658702
658703
658721
658722
658703
658704
658722
658723
658704
658705
658706
658723
658724
658725
658706
658707
658725
658726
658707
658708
658726
658727
658708
658709
658727
658728
658709
658710
658728
658729
658710
658711
658729
658730
658711
658712
658730
658731
658712
658713
658731
658732
658713
658714
658732
658733
658715
658716
658734
658735
658716
658717
658735
658736
658717
658718
658736
658737
658718
658719
658737
658738
658719
658720
658738
658739
658720
658721
658739
658740
658721
658722
658740
658741
658722
658723
658741
658742
658723
658724
658725
658742
658743
658744
658725
658726
658744
658745
658726
658727
658745
658746
658727
658728
658746
658747
658728
658729
658747
658748
658729
658730
658748
658749
658730
658731
658749
658750
658731
658732
658750
658751
658732
658733
658751
658752
658734
658735
658753
658754
658735
658736
658754
658755
658736
658737
658755
658756
658737
658738
658756
658757
658738
658739
658757
658758
658739
658740
658758
658759
658740
658741
658759
658760
658741
658742
658760
658761
658742
658743
658744
658761
658762
658763
658744
658745
658763
658764
658745
658746
658764
658765
658746
658747
658765
658766
658747
658748
658766
658767
658748
658749
658767
658768
658749
658750
658768
658769
658750
658751
658769
658770
658751
658752
658770
658771
658753
658754
658772
658773
658791
658792
658754
658755
658773
658774
658792
658793
658755
658756
658774
658775
658793
658794
658756
658757
658775
658776
658794
658795
658757
658758
658776
658777
658795
658796
658758
658759
658777
658778
658796
658797
658759
658760
658778
658779
658797
658798
658760
658761
658779
658780
658798
658799
658761
658762
658763
658780
658781
658782
658799
658800
658801
658763
658764
658782
658783
658801
658802
658764
658765
658783
658784
658802
658803
658765
658766
658784
658785
658803
658804
658766
658767
658785
658786
658804
658805
658767
658768
658786
658787
658805
658806
658768
658769
658787
658788
658806
658807
658769
658770
658788
658789
658807
658808
658770
658771
658789
658790
658808
658809
658791
658792
658810
658811
658792
658793
658811
658812
658793
658794
658812
658813
658794
658795
658813
658814
658795
658796
658814
658815
658796
658797
658815
658816
658797
658798
658816
658817
658798
658799
658817
658818
658799
658800
658801
658818
658819
658820
658801
658802
658820
658821
658802
658803
658821
658822
658803
658804
658822
658823
658804
658805
658823
658824
658805
658806
658824
658825
658806
658807
658825
658826
658807
658808
658826
658827
658808
658809
658827
658828
658810
658811
658829
658830
658811
658812
658830
658831
658812
658813
658831
658832
658813
658814
658832
658833
658814
658815
658833
658834
658815
658816
658834
658835
658816
658817
658835
658836
658817
658818
658836
658837
658818
658819
658820
658837
658838
658839
658820
658821
658839
658840
658821
658822
658840
658841
658822
658823
658841
658842
658823
658824
658842
658843
658824
658825
658843
658844
658825
658826
658844
658845
658826
658827
658845
658846
658827
658828
658846
658847
658829
658830
658848
658849
658830
658831
658849
658850
658831
658832
658850
658851
658832
658833
658851
658852
658833
658834
658852
658853
658834
658835
658853
658854
658835
658836
658854
658855
658836
658837
658855
658856
658837
658838
658839
658856
658857
658858
658839
658840
658858
658859
658840
658841
658859
658860
658841
658842
658860
658861
658842
658843
658861
658862
658843
658844
658862
658863
658844
658845
658863
658864
658845
658846
658864
658865
658846
658847
658865
658866
658848
658849
658867
658868
658886
658887
658849
658850
658868
658869
658887
658888
658850
658851
658869
658870
658888
658889
658851
658852
658870
658871
658889
658890
658852
658853
658871
658872
658890
658891
658853
658854
658872
658873
658891
658892
658854
658855
658873
658874
658892
658893
658855
658856
658874
658875
658893
658894
658856
658857
658858
658875
658876
658877
658894
658895
658896
658858
658859
658877
658878
658896
658897
658859
658860
658878
658879
658897
658898
658860
658861
658879
658880
658898
658899
658861
658862
658880
658881
658899
658900
658862
658863
658881
658882
658900
658901
658863
658864
658882
658883
658901
658902
658864
658865
658883
658884
658902
658903
658865
658866
658884
658885
658903
658904
658886
658887
658905
658906
658887
658888
658906
658907
658888
658889
658907
658908
658889
658890
658908
658909
658890
658891
658909
658910
658891
658892
658910
658911
658892
658893
658911
658912
658893
658894
658912
658913
658894
658895
658896
658913
658914
658915
658896
658897
658915
658916
658897
658898
658916
658917
658898
658899
658917
658918
658899
658900
658918
658919
658900
658901
658919
658920
658901
658902
658920
658921
658902
658903
658921
658922
658903
658904
658922
658923
658905
658906
658924
658925
658906
658907
658925
658926
658907
658908
658926
658927
658908
658909
658927
658928
658909
658910
658928
658929
658910
658911
658929
658930
658911
658912
658930
658931
658912
658913
658931
658932
658913
658914
658915
658932
658933
658934
658915
658916
658934
658935
658916
658917
658935
658936
658917
658918
658936
658937
658918
658919
658937
658938
658919
658920
658938
658939
658920
658921
658939
658940
658921
658922
658940
658941
658922
658923
658941
658942
658924
658925
658943
658944
658925
658926
658944
658945
658926
658927
658945
658946
658927
658928
658946
658947
658928
658929
658947
658948
658929
658930
658948
658949
658930
658931
658949
658950
658931
658932
658950
658951
658932
658933
658934
658951
658952
658953
658934
658935
658953
658954
658935
658936
658954
658955
658936
658937
658955
658956
658937
658938
658956
658957
658938
658939
658957
658958
658939
658940
658958
658959
658940
658941
658959
658960
658941
658942
658960
658961
658943
658944
658962
658963
658981
658982
658944
658945
658963
658964
658982
658983
658945
658946
658964
658965
658983
658984
658946
658947
658965
658966
658984
658985
658947
658948
658966
658967
658985
658986
658948
658949
658967
658968
658986
658987
658949
658950
658968
658969
658987
658988
658950
658951
658969
658970
658988
658989
658951
658952
658953
658970
658971
658972
658989
658990
658991
658953
658954
658972
658973
658991
658992
658954
658955
658973
658974
658992
658993
658955
658956
658974
658975
658993
658994
658956
658957
658975
658976
658994
658995
658957
658958
658976
658977
658995
658996
658958
658959
658977
658978
658996
658997
658959
658960
658978
658979
658960
658961
658979
658980
658981
658982
659000
659001
658982
658983
659001
659002
658983
658984
659002
659003
658984
658985
659003
659004
658985
658986
659004
659005
658986
658987
659005
659006
658987
658988
659006
659007
658988
658989
659007
659008
658989
658990
658991
659008
659009
659010
658991
658992
659010
659011
658992
658993
659011
659012
658993
658994
659012
659013
658994
658995
659013
659014
658995
658996
659014
659015
658978
658996
658997
659015
659016
658978
658979
658997
658998
659016
659017
658979
658980
658998
658999
659017
659018
659000
659001
659019
659020
659001
659002
659020
659021
659002
659003
659021
659022
659003
659004
659022
659023
659004
659005
659023
659024
659005
659006
659024
659025
659006
659007
659025
659026
659007
659008
659026
659027
659008
659009
659010
659027
659028
659029
659010
659011
659029
659030
659011
659012
659030
659031
659012
659013
659031
659032
659013
659014
659032
659033
659014
659015
659033
659034
659015
659016
659034
659035
659016
659017
659035
659036
659017
659018
659036
659037
659019
659020
659038
659039
659020
659021
659039
659040
659021
659022
659040
659041
659022
659023
659041
659042
659023
659024
659042
659043
659024
659025
659043
659044
659025
659026
659044
659045
659026
659027
659045
659046
659027
659028
659029
659046
659047
659048
659029
659030
659048
659049
659030
659031
659049
659050
659031
659032
659050
659051
659032
659033
659051
659052
659033
659034
659052
659053
659034
659035
659053
659054
659035
659036
659054
659055
659036
659037
659055
659056
659038
659039
659057
659058
659039
659040
659058
659059
659040
659041
659059
659060
659041
659042
659060
659061
659042
659043
659061
659062
659043
659044
659062
659063
659044
659045
659063
659064
659045
659046
659064
659065
659046
659047
659048
659065
659066
659067
659048
659049
659067
659068
659049
659050
659068
659069
659050
659051
659069
659070
659051
659052
659070
659071
659052
659053
659071
659072
659053
659054
659072
659073
659054
659055
659073
659074
659055
659056
659074
659075
659057
659058
659076
659077
659095
659096
659058
659059
659077
659078
659096
659097
659059
659060
659078
659079
659097
659098
659060
659061
659079
659080
659098
659099
659061
659062
659080
659081
659099
659100
659062
659063
659081
659082
659100
659101
659063
659064
659082
659083
659101
659102
659064
659065
659083
659084
659102
659103
659065
659066
659067
659084
659085
659086
659103
659104
659105
659067
659068
659086
659087
659105
659106
659068
659069
659087
659088
659106
659107
659069
659070
659088
659089
659107
659108
659070
659071
659089
659090
659108
659109
659071
659072
659090
659091
659109
659110
659072
659073
659091
659092
659110
659111
659073
659074
659092
659093
659111
659112
659074
659075
659093
659094
659112
659113
659095
659096
659114
659115
659096
659097
659115
659116
659097
659098
659116
659117
659098
659099
659117
659118
659099
659100
659118
659119
659100
659101
659119
659120
659101
659102
659120
659121
659102
659103
659121
659122
659103
659104
659105
659122
659123
659124
659105
659106
659124
659125
659106
659107
659125
659126
659107
659108
659126
659127
659108
659109
659127
659128
659109
659110
659128
659129
659110
659111
659129
659130
659111
659112
659130
659131
659112
659113
659131
659132
659114
659115
659133
659134
659115
659116
659134
659135
659116
659117
659135
659136
659117
659118
659136
659137
659118
659119
659137
659138
659119
659120
659138
659139
659120
659121
659139
659140
659121
659122
659140
659141
659122
659123
659124
659141
659142
659143
659124
659125
659143
659144
659125
659126
659144
659145
659126
659127
659145
659146
659127
659128
659146
659147
659128
659129
659147
659148
659129
659130
659148
659149
659130
659131
659149
659150
659131
659132
659150
659151
659133
659134
659152
659153
659134
659135
659153
659154
659135
659136
659154
659155
659136
659137
659155
659156
659137
659138
659156
659157
659138
659139
659157
659158
659139
659140
659158
659159
659140
659141
659159
659160
659141
659142
659143
659160
659161
659162
659143
659144
659162
659163
659144
659145
659163
659164
659145
659146
659164
659165
659146
659147
659165
659166
659147
659148
659166
659167
659148
659149
659167
659168
659149
659150
659168
659169
659150
659151
659169
659170
659152
659153
659171
659172
659190
659191
659153
659154
659172
659173
659191
659192
659154
659155
659173
659174
659192
659193
659155
659156
659174
659175
659193
659194
659156
659157
659175
659176
659194
659195
659157
659158
659176
659177
659195
659196
659158
659159
659177
659178
659196
659197
659159
659160
659178
659179
659197
659198
659160
659161
659162
659179
659180
659181
659198
659199
659200
659162
659163
659181
659182
659200
659201
659163
659164
659182
659183
659201
659202
659164
659165
659183
659184
659202
659203
659165
659166
659184
659185
659203
659204
659166
659167
659185
659186
659204
659205
659167
659168
659186
659187
659205
659206
659168
659169
659187
659188
659206
659207
659169
659170
659188
659189
659207
659208
659190
659191
659209
659210
659191
659192
659210
659211
659192
659193
659211
659212
659193
659194
659212
659213
659194
659195
659213
659214
659195
659196
659214
659215
659196
659197
659215
659216
659197
659198
659216
659217
659198
659199
659200
659217
659218
659219
659200
659201
659219
659220
659201
659202
659220
659221
659202
659203
659221
659222
659203
659204
659222
659223
659204
659205
659223
659224
659205
659206
659224
659225
659206
659207
659225
659226
659207
659208
659226
659227
659209
659210
659228
659229
659210
659211
659229
659230
659211
659212
659230
659231
659212
659213
659231
659232
659213
659214
659232
659233
659214
659215
659233
659234
659215
659216
659234
659235
659216
659217
659235
659236
659217
659218
659219
659236
659237
659238
659219
659220
659238
659239
659220
659221
659239
659240
659221
659222
659240
659241
659222
659223
659241
659242
659223
659224
659242
659243
659224
659225
659243
659244
659225
659226
659244
659245
659226
659227
659245
659246
659228
659229
659247
659248
659229
659230
659248
659249
659230
659231
659249
659250
659231
659232
659250
659251
659232
659233
659251
659252
659233
659234
659252
659253
659234
659235
659253
659254
659235
659236
659254
659255
659236
659237
659238
659255
659256
659257
659238
659239
659257
659258
659239
659240
659258
659259
659240
659241
659259
659260
659241
659242
659260
659261
659242
659243
659261
659262
659243
659244
659262
659263
659244
659245
659263
659264
659245
659246
659264
659265
659247
659248
659266
659267
659285
659286
659248
659249
659267
659268
659286
659287
659249
659250
659268
659269
659287
659288
659250
659251
659269
659270
659288
659289
659251
659252
659270
659271
659289
659290
659252
659253
659271
659272
659290
659291
659253
659254
659272
659273
659291
659292
659254
659255
659273
659274
659292
659293
659255
659256
659257
659274
659275
659276
659293
659294
659295
659257
659258
659276
659277
659295
659296
659258
659259
659277
659278
659296
659297
659259
659260
659278
659279
659297
659298
659260
659261
659279
659280
659298
659299
659261
659262
659280
659281
659299
659300
659262
659263
659281
659282
659300
659301
659263
659264
659282
659283
659301
659302
659264
659265
659283
659284
659302
659303
659285
659286
659304
659305
659286
659287
659305
659306
659287
659288
659306
659307
659288
659289
659307
659308
659289
659290
659308
659309
659290
659291
659309
659310
659291
659292
659310
659311
659292
659293
659311
659312
659293
659294
659295
659312
659313
659314
659295
659296
659314
659315
659296
659297
659315
659316
659297
659298
659316
659317
659298
659299
659317
659318
659299
659300
659318
659319
659300
659301
659319
659320
659301
659302
659320
659321
659302
659303
659321
659322
659304
659305
659323
659324
659305
659306
659324
659325
659306
659307
659325
659326
659307
659308
659326
659327
659308
659309
659327
659328
659309
659310
659328
659329
659310
659311
659329
659330
659311
659312
659330
659331
659312
659313
659314
659331
659332
659333
659314
659315
659333
659334
659315
659316
659334
659335
659316
659317
659335
659336
659317
659318
659336
659337
659318
659319
659337
659338
659319
659320
659338
659339
659320
659321
659339
659340
659321
659322
659340
659341
659323
659324
659342
659343
659324
659325
659343
659344
659325
659326
659344
659345
659326
659327
659345
659346
659327
659328
659346
659347
659328
659329
659347
659348
659329
659330
659348
659349
659330
659331
659349
659350
659331
659332
659333
659350
659351
659352
659333
659334
659352
659353
659334
659335
659353
659354
659335
659336
659354
659355
659336
659337
659355
659356
659337
659338
659356
659357
659338
659339
659357
659358
659339
659340
659358
659359
659340
659341
659359
659360
659342
659343
659361
659362
659380
659480
659343
659344
659362
659363
659480
659580
659344
659345
659363
659364
659580
659680
659345
659346
659364
659365
659680
659780
659346
659347
659365
659366
659780
659880
659347
659348
659366
659367
659880
659980
659348
659349
659367
659368
659980
660080
659349
659350
659368
659369
660080
660180
659350
659351
659352
659369
659370
659371
659352
659353
659371
659372
659353
659354
659372
659373
659354
659355
659373
659374
659355
659356
659374
659375
659356
659357
659375
659376
659357
659358
659376
659377
659358
659359
659377
659378
659359
659360
659378
659379
657461
657462
661280
661281
661380
661381
657462
657463
661380
661381
661480
661481
657463
657464
661480
661481
661580
661581
657464
657465
661580
661581
661680
661681
657465
657466
661680
661681
661780
661781
657466
657467
661780
661781
661880
661881
657467
657468
661880
661881
661980
661981
657468
657469
661980
661981
662080
662081
662080
662081
662180
662181
662280
662281
662280
662281
662380
662381
662380
662381
662480
662481
662480
662481
662580
662581
662580
662581
662680
662681
662680
662681
662780
662781
662780
662781
662880
662881
662880
662881
662980
662981
662980
662981
663080
663081
661281
661282
661381
661382
661381
661382
661481
661482
661481
661482
661581
661582
661581
661582
661681
661682
661681
661682
661781
661782
661781
661782
661881
661882
661881
661882
661981
661982
661981
661982
662081
662082
662081
662082
662181
662182
662281
662282
662281
662282
662381
662382
662381
662382
662481
662482
662481
662482
662581
662582
662581
662582
662681
662682
662681
662682
662781
662782
662781
662782
662881
662882
662881
662882
662981
662982
662981
662982
663081
663082
661282
661283
661382
661383
661382
661383
661482
661483
661482
661483
661582
661583
661582
661583
661682
661683
661682
661683
661782
661783
661782
661783
661882
661883
661882
661883
661982
661983
661982
661983
662082
662083
662082
662083
662182
662183
662282
662283
662282
662283
662382
662383
662382
662383
662482
662483
662482
662483
662582
662583
662582
662583
662682
662683
662682
662683
662782
662783
662782
662783
662882
662883
662882
662883
662982
662983
662982
662983
663082
663083
661283
661284
661383
661384
661383
661384
661483
661484
661483
661484
661583
661584
661583
661584
661683
661684
661683
661684
661783
661784
661783
661784
661883
661884
661883
661884
661983
661984
661983
661984
662083
662084
662083
662084
662183
662184
662283
662284
662283
662284
662383
662384
662383
662384
662483
662484
662483
662484
662583
662584
662583
662584
662683
662684
662683
662684
662783
662784
662783
662784
662883
662884
662883
662884
662983
662984
662983
662984
663083
663084
661284
661285
661286
661384
661385
661386
661384
661385
661386
661484
661485
661486
661484
661485
661486
661584
661585
661586
661584
661585
661586
661684
661685
661686
661684
661685
661686
661784
661785
661786
661784
661785
661786
661884
661885
661886
661884
661885
661886
661984
661985
661986
661984
661985
661986
662084
662085
662086
662084
662085
662086
662184
662185
662186
662284
662285
662286
662284
662285
662286
662384
662385
662386
662384
662385
662386
662484
662485
662486
662484
662485
662486
662584
662585
662586
662584
662585
662586
662684
662685
662686
662684
662685
662686
662784
662785
662786
662784
662785
662786
662884
662885
662886
662884
662885
662886
662984
662985
662986
662984
662985
662986
663084
663085
663086
661286
661287
661386
661387
661386
661387
661486
661487
661486
661487
661586
661587
661586
661587
661686
661687
661686
661687
661786
661787
661786
661787
661886
661887
661886
661887
661986
661987
661986
661987
662086
662087
662086
662087
662186
662187
662286
662287
662286
662287
662386
662387
662386
662387
662486
662487
662486
662487
662586
662587
662586
662587
662686
662687
662686
662687
662786
662787
662786
662787
662886
662887
662886
662887
662986
662987
662986
662987
663086
663087
661287
661288
661387
661388
661387
661388
661487
661488
661487
661488
661587
661588
661587
661588
661687
661688
661687
661688
661787
661788
661787
661788
661887
661888
661887
661888
661987
661988
661987
661988
662087
662088
662087
662088
662187
662188
662287
662288
662287
662288
662387
662388
662387
662388
662487
662488
662487
662488
662587
662588
662587
662588
662687
662688
662687
662688
662787
662788
662787
662788
662887
662888
662887
662888
662987
662988
662987
662988
663087
663088
661288
661289
661388
661389
661388
661389
661488
661489
661488
661489
661588
661589
661588
661589
661688
661689
661688
661689
661788
661789
661788
661789
661888
661889
661888
661889
661988
661989
661988
661989
662088
662089
662088
662089
662188
662189
662288
662289
662288
662289
662388
662389
662388
662389
662488
662489
662488
662489
662588
662589
662588
662589
662688
662689
662688
662689
662788
662789
662788
662789
662888
662889
662888
662889
662988
662989
662988
662989
663088
663089
661289
661290
661291
661389
661390
661391
661389
661390
661391
661489
661490
661491
661489
661490
661491
661589
661590
661591
661589
661590
661591
661689
661690
661691
661689
661690
661691
661789
661790
661791
661789
661790
661791
661889
661890
661891
661889
661890
661891
661989
661990
661991
661989
661990
661991
662089
662090
662091
662089
662090
662091
662189
662190
662191
662289
662290
662291
662289
662290
662291
662389
662390
662391
662389
662390
662391
662489
662490
662491
662489
662490
662491
662589
662590
662591
662589
662590
662591
662689
662690
662691
662689
662690
662691
662789
662790
662791
662789
662790
662791
662889
662890
662891
662889
662890
662891
662989
662990
662991
662989
662990
662991
663089
663090
663091
661291
661292
661391
661392
661391
661392
661491
661492
661491
661492
661591
661592
661591
661592
661691
661692
661691
661692
661791
661792
661791
661792
661891
661892
661891
661892
661991
661992
661991
661992
662091
662092
662091
662092
662191
662192
662291
662292
662291
662292
662391
662392
662391
662392
662491
662492
662491
662492
662591
662592
662591
662592
662691
662692
662691
662692
662791
662792
662791
662792
662891
662892
662891
662892
662991
662992
662991
662992
663091
663092
661292
661293
661392
661393
661392
661393
661492
661493
661492
661493
661592
661593
661592
661593
661692
661693
661692
661693
661792
661793
661792
661793
661892
661893
661892
661893
661992
661993
661992
661993
662092
662093
662092
662093
662192
662193
662292
662293
662292
662293
662392
662393
662392
662393
662492
662493
662492
662493
662592
662593
662592
662593
662692
662693
662692
662693
662792
662793
662792
662793
662892
662893
662892
662893
662992
662993
662992
662993
663092
663093
661293
661294
661393
661394
661393
661394
661493
661494
661493
661494
661593
661594
661593
661594
661693
661694
661693
661694
661793
661794
661793
661794
661893
661894
661893
661894
661993
661994
661993
661994
662093
662094
662093
662094
662193
662194
662293
662294
662293
662294
662393
662394
662393
662394
662493
662494
662493
662494
662593
662594
662593
662594
662693
662694
662693
662694
662793
662794
662793
662794
662893
662894
662893
662894
662993
662994
662993
662994
663093
663094
661294
661295
661296
661394
661395
661396
661394
661395
661396
661494
661495
661496
661494
661495
661496
661594
661595
661596
661594
661595
661596
661694
661695
661696
661694
661695
661696
661794
661795
661796
661794
661795
661796
661894
661895
661896
661894
661895
661896
661994
661995
661996
661994
661995
661996
662094
662095
662096
662094
662095
662096
662194
662195
662196
662294
662295
662296
662294
662295
662296
662394
662395
662396
662394
662395
662396
662494
662495
662496
662494
662495
662496
662594
662595
662596
662594
662595
662596
662694
662695
662696
662694
662695
662696
662794
662795
662796
662794
662795
662796
662894
662895
662896
662894
662895
662896
662994
662995
662996
662994
662995
662996
663094
663095
663096
661296
661297
661396
661397
661396
661397
661496
661497
661496
661497
661596
661597
661596
661597
661696
661697
661696
661697
661796
661797
661796
661797
661896
661897
661896
661897
661996
661997
661996
661997
662096
662097
662096
662097
662196
662197
662296
662297
662296
662297
662396
662397
662396
662397
662496
662497
662496
662497
662596
662597
662596
662597
662696
662697
662696
662697
662796
662797
662796
662797
662896
662897
662896
662897
662996
662997
662996
662997
663096
663097
661297
661298
661397
661398
661397
661398
661497
661498
661497
661498
661597
661598
661597
661598
661697
661698
661697
661698
661797
661798
661797
661798
661897
661898
661897
661898
661997
661998
661997
661998
662097
662098
662097
662098
662197
662198
662297
662298
662297
662298
662397
662398
662397
662398
662497
662498
662497
662498
662597
662598
662597
662598
662697
662698
662697
662698
662797
662798
662797
662798
662897
662898
662897
662898
662997
662998
662997
662998
663097
663098
661298
661299
661398
661399
661398
661399
661498
661499
661498
661499
661598
661599
661598
661599
661698
661699
661698
661699
661798
661799
661798
661799
661898
661899
661898
661899
661998
661999
661998
661999
662098
662099
662098
662099
662198
662199
662298
662299
662298
662299
662398
662399
662398
662399
662498
662499
662498
662499
662598
662599
662598
662599
662698
662699
662698
662699
662798
662799
662798
662799
662898
662899
662898
662899
662998
662999
662998
662999
663098
663099
661299
661300
661399
661400
661399
661400
661499
661500
661499
661500
661599
661600
661599
661600
661699
661700
661699
661700
661799
661800
661799
661800
661899
661900
661899
661900
661999
662000
661999
662000
662099
662100
662099
662100
662199
662200
662299
662300
662299
662300
662399
662400
662399
662400
662499
662500
662499
662500
662599
662600
662599
662600
662699
662700
662699
662700
662799
662800
662799
662800
662899
662900
662901
662899
662900
662901
662999
663000
663001
662999
663000
663001
663099
663100
663101
661300
661301
661302
661400
661401
661402
661400
661401
661402
661500
661501
661502
661500
661501
661502
661600
661601
661602
661600
661601
661602
661700
661701
661702
661700
661701
661702
661800
661801
661802
661800
661801
661802
661900
661901
661902
661900
661901
661902
662000
662001
662002
662000
662001
662002
662100
662101
662102
662100
662101
662102
662200
662201
662202
662300
662301
662302
662300
662301
662302
662400
662401
662402
662400
662401
662402
662500
662501
662502
662500
662501
662502
662600
662601
662602
662600
662601
662602
662700
662701
662702
662700
662701
662702
662800
662801
662802
662800
662801
662802
662900
662901
662902
662901
662902
663001
663002
663001
663002
663101
663102
661302
661303
661402
661403
661402
661403
661502
661503
661502
661503
661602
661603
661602
661603
661702
661703
661702
661703
661802
661803
661802
661803
661902
661903
661902
661903
662002
662003
662002
662003
662102
662103
662102
662103
662202
662203
662302
662303
662302
662303
662402
662403
662402
662403
662502
662503
662502
662503
662602
662603
662602
662603
662702
662703
662702
662703
662802
662803
662802
662803
662902
662903
662902
662903
663002
663003
663002
663003
663102
663103
661303
661304
661403
661404
661403
661404
661503
661504
661503
661504
661603
661604
661603
661604
661703
661704
661703
661704
661803
661804
661803
661804
661903
661904
661903
661904
662003
662004
662003
662004
662103
662104
662103
662104
662203
662204
662303
662304
662303
662304
662403
662404
662403
662404
662503
662504
662503
662504
662603
662604
662603
662604
662703
662704
662703
662704
662803
662804
662803
662804
662903
662904
662903
662904
663003
663004
663003
663004
663103
663104
661304
661305
661404
661405
661404
661405
661504
661505
661504
661505
661604
661605
661604
661605
661704
661705
661704
661705
661804
661805
661804
661805
661904
661905
661904
661905
662004
662005
662004
662005
662104
662105
662104
662105
662204
662205
662304
662305
662304
662305
662404
662405
662404
662405
662504
662505
662504
662505
662604
662605
662604
662605
662704
662705
662704
662705
662804
662805
662804
662805
662904
662905
662904
662905
663004
663005
663004
663005
663104
663105
661305
661306
661307
661405
661406
661407
661405
661406
661407
661505
661506
661507
661505
661506
661507
661605
661606
661607
661605
661606
661607
661705
661706
661707
661705
661706
661707
661805
661806
661807
661805
661806
661807
661905
661906
661907
661905
661906
661907
662005
662006
662007
662005
662006
662007
662105
662106
662107
662105
662106
662107
662205
662206
662207
662305
662306
662307
662305
662306
662307
662405
662406
662407
662405
662406
662407
662505
662506
662507
662505
662506
662507
662605
662606
662607
662605
662606
662607
662705
662706
662707
662705
662706
662707
662805
662806
662807
662805
662806
662807
662905
662906
662907
662905
662906
662907
663005
663006
663007
663005
663006
663007
663105
663106
663107
661307
661308
661407
661408
661407
661408
661507
661508
661507
661508
661607
661608
661607
661608
661707
661708
661707
661708
661807
661808
661807
661808
661907
661908
661907
661908
662007
662008
662007
662008
662107
662108
662107
662108
662207
662208
662307
662308
662307
662308
662407
662408
662407
662408
662507
662508
662507
662508
662607
662608
662607
662608
662707
662708
662707
662708
662807
662808
662807
662808
662907
662908
662907
662908
663007
663008
663007
663008
663107
663108
661308
661309
661408
661409
661408
661409
661508
661509
661508
661509
661608
661609
661608
661609
661708
661709
661708
661709
661808
661809
661808
661809
661908
661909
661908
661909
662008
662009
662008
662009
662108
662109
662108
662109
662208
662209
662308
662309
662308
662309
662408
662409
662408
662409
662508
662509
662508
662509
662608
662609
662608
662609
662708
662709
662708
662709
662808
662809
662808
662809
662908
662909
662908
662909
663008
663009
663008
663009
663108
663109
661309
661310
661409
661410
661409
661410
661509
661510
661509
661510
661609
661610
661609
661610
661709
661710
661709
661710
661809
661810
661809
661810
661909
661910
661909
661910
662009
662010
662009
662010
662109
662110
662109
662110
662209
662210
662309
662310
662309
662310
662409
662410
662409
662410
662509
662510
662509
662510
662609
662610
662609
662610
662709
662710
662709
662710
662809
662810
662809
662810
662909
662910
662909
662910
663009
663010
663009
663010
663109
663110
661310
661311
661312
661410
661411
661412
661410
661411
661412
661510
661511
661512
661510
661511
661512
661610
661611
661612
661610
661611
661612
661710
661711
661712
661710
661711
661712
661810
661811
661812
661810
661811
661812
661910
661911
661912
661910
661911
661912
662010
662011
662012
662010
662011
662012
662110
662111
662112
662110
662111
662112
662210
662211
662212
662310
662311
662312
662310
662311
662312
662410
662411
662412
662410
662411
662412
662510
662511
662512
662510
662511
662512
662610
662611
662612
662610
662611
662612
662710
662711
662712
662710
662711
662712
662810
662811
662812
662810
662811
662812
662910
662911
662912
662910
662911
662912
663010
663011
663012
663010
663011
663012
663110
663111
663112
661312
661313
661412
661413
661412
661413
661512
661513
661512
661513
661612
661613
661612
661613
661712
661713
661712
661713
661812
661813
661812
661813
661912
661913
661912
661913
662012
662013
662012
662013
662112
662113
662112
662113
662212
662213
662312
662313
662312
662313
662412
662413
662412
662413
662512
662513
662512
662513
662612
662613
662612
662613
662712
662713
662712
662713
662812
662813
662812
662813
662912
662913
662912
662913
663012
663013
663012
663013
663112
663113
661313
661314
661413
661414
661413
661414
661513
661514
661513
661514
661613
661614
661613
661614
661713
661714
661713
661714
661813
661814
661813
661814
661913
661914
661913
661914
662013
662014
662013
662014
662113
662114
662113
662114
662213
662214
662313
662314
662313
662314
662413
662414
662413
662414
662513
662514
662513
662514
662613
662614
662613
662614
662713
662714
662713
662714
662813
662814
662813
662814
662913
662914
662913
662914
663013
663014
663013
663014
663113
663114
661314
661315
661414
661415
661414
661415
661514
661515
661514
661515
661614
661615
661614
661615
661714
661715
661714
661715
661814
661815
661814
661815
661914
661915
661914
661915
662014
662015
662014
662015
662114
662115
662114
662115
662214
662215
662314
662315
662314
662315
662414
662415
662414
662415
662514
662515
662514
662515
662614
662615
662614
662615
662714
662715
662714
662715
662814
662815
662814
662815
662914
662915
662914
662915
663014
663015
663014
663015
663114
663115
661315
661316
661317
661415
661416
661417
661415
661416
661417
661515
661516
661517
661515
661516
661517
661615
661616
661617
661615
661616
661617
661715
661716
661717
661715
661716
661717
661815
661816
661817
661815
661816
661817
661915
661916
661917
661915
661916
661917
662015
662016
662017
662015
662016
662017
662115
662116
662117
662115
662116
662117
662215
662216
662217
662315
662316
662317
662315
662316
662317
662415
662416
662417
662415
662416
662417
662515
662516
662517
662515
662516
662517
662615
662616
662617
662615
662616
662617
662715
662716
662717
662715
662716
662717
662815
662816
662817
662815
662816
662817
662915
662916
662917
662915
662916
662917
663015
663016
663017
663015
663016
663017
663115
663116
663117
661317
661318
661417
661418
661417
661418
661517
661518
661517
661518
661617
661618
661617
661618
661717
661718
661717
661718
661817
661818
661817
661818
661917
661918
661917
661918
662017
662018
662017
662018
662117
662118
662117
662118
662217
662218
662317
662318
662317
662318
662417
662418
662417
662418
662517
662518
662517
662518
662617
662618
662617
662618
662717
662718
662717
662718
662817
662818
662817
662818
662917
662918
662917
662918
663017
663018
663017
663018
663117
663118
661318
661319
661418
661419
661418
661419
661518
661519
661518
661519
661618
661619
661618
661619
661718
661719
661718
661719
661818
661819
661818
661819
661918
661919
661918
661919
662018
662019
662018
662019
662118
662119
662118
662119
662218
662219
662318
662319
662318
662319
662418
662419
662418
662419
662518
662519
662518
662519
662618
662619
662618
662619
662718
662719
662718
662719
662818
662819
662818
662819
662918
662919
662918
662919
663018
663019
663018
663019
663118
663119
661319
661320
661419
661420
661419
661420
661519
661520
661519
661520
661619
661620
661619
661620
661719
661720
661719
661720
661819
661820
661819
661820
661919
661920
661919
661920
662019
662020
662019
662020
662119
662120
662119
662120
662219
662220
662319
662320
662319
662320
662419
662420
662419
662420
662519
662520
662519
662520
662619
662620
662619
662620
662719
662720
662719
662720
662819
662820
662819
662820
662919
662920
662919
662920
663019
663020
663019
663020
663119
663120
661320
661321
661420
661421
661420
661421
661520
661521
661520
661521
661620
661621
661620
661621
661720
661721
661720
661721
661820
661821
661820
661821
661920
661921
661920
661921
662020
662021
662020
662021
662120
662121
662120
662121
662220
662221
662320
662321
662320
662321
662420
662421
662420
662421
662520
662521
662520
662521
662620
662621
662620
662621
662720
662721
662720
662721
662820
662821
662820
662821
662920
662921
662920
662921
663020
663021
663020
663021
663120
663121
661321
661322
661323
661421
661422
661423
661421
661422
661423
661521
661522
661523
661521
661522
661523
661621
661622
661623
661621
661622
661623
661721
661722
661723
661721
661722
661723
661821
661822
661823
661821
661822
661823
661921
661922
661923
661921
661922
661923
662021
662022
662023
662021
662022
662023
662121
662122
662123
662121
662122
662123
662221
662222
662223
662321
662322
662323
662321
662322
662323
662421
662422
662423
662421
662422
662423
662521
662522
662523
662521
662522
662523
662621
662622
662623
662621
662622
662623
662721
662722
662723
662721
662722
662723
662821
662822
662823
662821
662822
662823
662921
662922
662923
662921
662922
662923
663021
663022
663023
663021
663022
663023
663121
663122
663123
661323
661324
661423
661424
661423
661424
661523
661524
661523
661524
661623
661624
661623
661624
661723
661724
661723
661724
661823
661824
661823
661824
661923
661924
661923
661924
662023
662024
662023
662024
662123
662124
662123
662124
662223
662224
662323
662324
662323
662324
662423
662424
662423
662424
662523
662524
662523
662524
662623
662624
662623
662624
662723
662724
662723
662724
662823
662824
662823
662824
662923
662924
662923
662924
663023
663024
663023
663024
663123
663124
661324
661325
661424
661425
661424
661425
661524
661525
661524
661525
661624
661625
661624
661625
661724
661725
661724
661725
661824
661825
661824
661825
661924
661925
661924
661925
662024
662025
662024
662025
662124
662125
662124
662125
662224
662225
662324
662325
662324
662325
662424
662425
662424
662425
662524
662525
662524
662525
662624
662625
662624
662625
662724
662725
662724
662725
662824
662825
662824
662825
662924
662925
662924
662925
663024
663025
663024
663025
663124
663125
661325
661326
661425
661426
661425
661426
661525
661526
661525
661526
661625
661626
661625
661626
661725
661726
661725
661726
661825
661826
661825
661826
661925
661926
661925
661926
662025
662026
662025
662026
662125
662126
662125
662126
662225
662226
662325
662326
662325
662326
662425
662426
662425
662426
662525
662526
662525
662526
662625
662626
662625
662626
662725
662726
662725
662726
662825
662826
662825
662826
662925
662926
662925
662926
663025
663026
663025
663026
663125
663126
661326
661327
661328
661426
661427
661428
661426
661427
661428
661526
661527
661528
661526
661527
661528
661626
661627
661628
661626
661627
661628
661726
661727
661728
661726
661727
661728
661826
661827
661828
661826
661827
661828
661926
661927
661928
661926
661927
661928
662026
662027
662028
662026
662027
662028
662126
662127
662128
662126
662127
662128
662226
662227
662228
662326
662327
662328
662326
662327
662328
662426
662427
662428
662426
662427
662428
662526
662527
662528
662526
662527
662528
662626
662627
662628
662626
662627
662628
662726
662727
662728
662726
662727
662728
662826
662827
662828
662826
662827
662828
662926
662927
662928
662926
662927
662928
663026
663027
663028
663026
663027
663028
663126
663127
663128
661328
661329
661428
661429
661428
661429
661528
661529
661528
661529
661628
661629
661628
661629
661728
661729
661728
661729
661828
661829
661828
661829
661928
661929
661928
661929
662028
662029
662028
662029
662128
662129
662128
662129
662228
662229
662328
662329
662328
662329
662428
662429
662428
662429
662528
662529
662528
662529
662628
662629
662628
662629
662728
662729
662728
662729
662828
662829
662828
662829
662928
662929
662928
662929
663028
663029
663028
663029
663128
663129
661329
661330
661429
661430
661429
661430
661529
661530
661529
661530
661629
661630
661629
661630
661729
661730
661729
661730
661829
661830
661829
661830
661929
661930
661929
661930
662029
662030
662029
662030
662129
662130
662129
662130
662229
662230
662329
662330
662329
662330
662429
662430
662429
662430
662529
662530
662529
662530
662629
662630
662629
662630
662729
662730
662729
662730
662829
662830
662829
662830
662929
662930
662929
662930
663029
663030
663029
663030
663129
663130
661330
661331
661430
661431
661430
661431
661530
661531
661530
661531
661630
661631
661630
661631
661730
661731
661730
661731
661830
661831
661830
661831
661930
661931
661930
661931
662030
662031
662030
662031
662130
662131
662130
662131
662230
662231
662330
662331
662330
662331
662430
662431
662430
662431
662530
662531
662530
662531
662630
662631
662630
662631
662730
662731
662730
662731
662830
662831
662830
662831
662930
662931
662930
662931
663030
663031
663030
663031
663130
663131
661331
661332
661333
661431
661432
661433
661431
661432
661433
661531
661532
661533
661531
661532
661533
661631
661632
661633
661631
661632
661633
661731
661732
661733
661731
661732
661733
661831
661832
661833
661831
661832
661833
661931
661932
661933
661931
661932
661933
662031
662032
662033
662031
662032
662033
662131
662132
662133
662131
662132
662133
662231
662232
662233
662331
662332
662333
662331
662332
662333
662431
662432
662433
662431
662432
662433
662531
662532
662533
662531
662532
662533
662631
662632
662633
662631
662632
662633
662731
662732
662733
662731
662732
662733
662831
662832
662833
662831
662832
662833
662931
662932
662933
662931
662932
662933
663031
663032
663033
663031
663032
663033
663131
663132
663133
661333
661334
661433
661434
661433
661434
661533
661534
661533
661534
661633
661634
661633
661634
661733
661734
661733
661734
661833
661834
661833
661834
661933
661934
661933
661934
662033
662034
662033
662034
662133
662134
662133
662134
662233
662234
662333
662334
662333
662334
662433
662434
662433
662434
662533
662534
662533
662534
662633
662634
662633
662634
662733
662734
662733
662734
662833
662834
662833
662834
662933
662934
662933
662934
663033
663034
663033
663034
663133
663134
661334
661335
661434
661435
661434
661435
661534
661535
661534
661535
661634
661635
661634
661635
661734
661735
661734
661735
661834
661835
661834
661835
661934
661935
661934
661935
662034
662035
662034
662035
662134
662135
662134
662135
662234
662235
662334
662335
662334
662335
662434
662435
662434
662435
662534
662535
662534
662535
662634
662635
662634
662635
662734
662735
662734
662735
662834
662835
662834
662835
662934
662935
662934
662935
663034
663035
663034
663035
663134
663135
661335
661336
661435
661436
661435
661436
661535
661536
661535
661536
661635
661636
661635
661636
661735
661736
661735
661736
661835
661836
661835
661836
661935
661936
661935
661936
662035
662036
662035
662036
662135
662136
662135
662136
662235
662236
662335
662336
662335
662336
662435
662436
662435
662436
662535
662536
662535
662536
662635
662636
662635
662636
662735
662736
662735
662736
662835
662836
662835
662836
662935
662936
662935
662936
663035
663036
663035
663036
663135
663136
661336
661337
661338
661436
661437
661438
661436
661437
661438
661536
661537
661538
661536
661537
661538
661636
661637
661638
661636
661637
661638
661736
661737
661738
661736
661737
661738
661836
661837
661838
661836
661837
661838
661936
661937
661938
661936
661937
661938
662036
662037
662038
662036
662037
662038
662136
662137
662138
662136
662137
662138
662236
662237
662238
662336
662337
662338
662336
662337
662338
662436
662437
662438
662436
662437
662438
662536
662537
662538
662536
662537
662538
662636
662637
662638
662636
662637
662638
662736
662737
662738
662736
662737
662738
662836
662837
662838
662836
662837
662838
662936
662937
662938
662936
662937
662938
663036
663037
663038
663036
663037
663038
663136
663137
663138
661338
661339
661438
661439
661438
661439
661538
661539
661538
661539
661638
661639
661638
661639
661738
661739
661738
661739
661838
661839
661838
661839
661938
661939
661938
661939
662038
662039
662038
662039
662138
662139
662138
662139
662238
662239
662338
662339
662338
662339
662438
662439
662438
662439
662538
662539
662538
662539
662638
662639
662638
662639
662738
662739
662738
662739
662838
662839
662838
662839
662938
662939
662938
662939
663038
663039
663038
663039
663138
663139
661339
661340
661439
661440
661439
661440
661539
661540
661539
661540
661639
661640
661639
661640
661739
661740
661739
661740
661839
661840
661839
661840
661939
661940
661939
661940
662039
662040
662039
662040
662139
662140
662139
662140
662239
662240
662339
662340
662339
662340
662439
662440
662439
662440
662539
662540
662539
662540
662639
662640
662639
662640
662739
662740
662739
662740
662839
662840
662839
662840
662939
662940
662939
662940
663039
663040
663039
663040
663139
663140
661340
661341
661440
661441
661440
661441
661540
661541
661540
661541
661640
661641
661640
661641
661740
661741
661740
661741
661840
661841
661840
661841
661940
661941
661940
661941
662040
662041
662040
662041
662140
662141
662140
662141
662240
662241
662340
662341
662340
662341
662440
662441
662440
662441
662540
662541
662540
662541
662640
662641
662640
662641
662740
662741
662740
662741
662840
662841
662840
662841
662940
662941
662940
662941
663040
663041
663040
663041
663140
663141
661341
661342
661441
661442
661441
661442
661541
661542
661541
661542
661641
661642
661641
661642
661741
661742
661741
661742
661841
661842
661841
661842
661941
661942
661941
661942
662041
662042
662041
662042
662141
662142
662141
662142
662241
662242
662341
662342
662341
662342
662441
662442
662441
662442
662541
662542
662541
662542
662641
662642
662641
662642
662741
662742
662741
662742
662841
662842
662841
662842
662941
662942
662941
662942
663041
663042
663041
663042
663141
663142
661342
661343
661344
661442
661443
661444
661442
661443
661444
661542
661543
661544
661542
661543
661544
661642
661643
661644
661642
661643
661644
661742
661743
661744
661742
661743
661744
661842
661843
661844
661842
661843
661844
661942
661943
661944
661942
661943
661944
662042
662043
662044
662042
662043
662044
662142
662143
662144
662142
662143
662144
662242
662243
662244
662342
662343
662344
662342
662343
662344
662442
662443
662444
662442
662443
662444
662542
662543
662544
662542
662543
662544
662642
662643
662644
662642
662643
662644
662742
662743
662744
662742
662743
662744
662842
662843
662844
662842
662843
662844
662942
662943
662944
662942
662943
662944
663042
663043
663044
663042
663043
663044
663142
663143
663144
661344
661345
661444
661445
661444
661445
661544
661545
661544
661545
661644
661645
661644
661645
661744
661745
661744
661745
661844
661845
661844
661845
661944
661945
661944
661945
662044
662045
662044
662045
662144
662145
662144
662145
662244
662245
662344
662345
662344
662345
662444
662445
662444
662445
662544
662545
662544
662545
662644
662645
662644
662645
662744
662745
662744
662745
662844
662845
662844
662845
662944
662945
662944
662945
663044
663045
663044
663045
663144
663145
661345
661346
661445
661446
661445
661446
661545
661546
661545
661546
661645
661646
661645
661646
661745
661746
661745
661746
661845
661846
661845
661846
661945
661946
661945
661946
662045
662046
662045
662046
662145
662146
662145
662146
662245
662246
662345
662346
662345
662346
662445
662446
662445
662446
662545
662546
662545
662546
662645
662646
662645
662646
662745
662746
662745
662746
662845
662846
662845
662846
662945
662946
662945
662946
663045
663046
663045
663046
663145
663146
661346
661347
661446
661447
661446
661447
661546
661547
661546
661547
661646
661647
661646
661647
661746
661747
661746
661747
661846
661847
661846
661847
661946
661947
661946
661947
662046
662047
662046
662047
662146
662147
662146
662147
662246
662247
662346
662347
662346
662347
662446
662447
662446
662447
662546
662547
662546
662547
662646
662647
662646
662647
662746
662747
662746
662747
662846
662847
662846
662847
662946
662947
662946
662947
663046
663047
663046
663047
663146
663147
661347
661348
661349
661447
661448
661449
661447
661448
661449
661547
661548
661549
661547
661548
661549
661647
661648
661649
661647
661648
661649
661747
661748
661749
661747
661748
661749
661847
661848
661849
661847
661848
661849
661947
661948
661949
661947
661948
661949
662047
662048
662049
662047
662048
662049
662147
662148
662149
662147
662148
662149
662247
662248
662249
662347
662348
662349
662347
662348
662349
662447
662448
662449
662447
662448
662449
662547
662548
662549
662547
662548
662549
662647
662648
662649
662647
662648
662649
662747
662748
662749
662747
662748
662749
662847
662848
662849
662847
662848
662849
662947
662948
662949
662947
662948
662949
663047
663048
663049
663047
663048
663049
663147
663148
663149
661349
661350
661449
661450
661449
661450
661549
661550
661549
661550
661649
661650
661649
661650
661749
661750
661749
661750
661849
661850
661849
661850
661949
661950
661949
661950
662049
662050
662049
662050
662149
662150
662149
662150
662249
662250
662349
662350
662349
662350
662449
662450
662449
662450
662549
662550
662549
662550
662649
662650
662649
662650
662749
662750
662749
662750
662849
662850
662849
662850
662949
662950
662949
662950
663049
663050
663049
663050
663149
663150
661350
661351
661450
661451
661450
661451
661550
661551
661550
661551
661650
661651
661650
661651
661750
661751
661750
661751
661850
661851
661850
661851
661950
661951
661950
661951
662050
662051
662050
662051
662150
662151
662150
662151
662250
662251
662350
662351
662350
662351
662450
662451
662450
662451
662550
662551
662550
662551
662650
662651
662650
662651
662750
662751
662750
662751
662850
662851
662850
662851
662950
662951
662950
662951
663050
663051
663050
663051
663150
663151
661351
661352
661451
661452
661451
661452
661551
661552
661551
661552
661651
661652
661651
661652
661751
661752
661751
661752
661851
661852
661851
661852
661951
661952
661951
661952
662051
662052
662051
662052
662151
662152
662151
662152
662251
662252
662351
662352
662351
662352
662451
662452
662451
662452
662551
662552
662551
662552
662651
662652
662651
662652
662751
662752
662751
662752
662851
662852
662851
662852
662951
662952
662951
662952
663051
663052
663051
663052
663151
663152
661352
661353
661354
661452
661453
661454
661452
661453
661454
661552
661553
661554
661552
661553
661554
661652
661653
661654
661652
661653
661654
661752
661753
661754
661752
661753
661754
661852
661853
661854
661852
661853
661854
661952
661953
661954
661952
661953
661954
662052
662053
662054
662052
662053
662054
662152
662153
662154
662152
662153
662154
662252
662253
662254
662352
662353
662354
662352
662353
662354
662452
662453
662454
662452
662453
662454
662552
662553
662554
662552
662553
662554
662652
662653
662654
662652
662653
662654
662752
662753
662754
662752
662753
662754
662852
662853
662854
662852
662853
662854
662952
662953
662954
662952
662953
662954
663052
663053
663054
663052
663053
663054
663152
663153
663154
661354
661355
661454
661455
661454
661455
661554
661555
661554
661555
661654
661655
661654
661655
661754
661755
661754
661755
661854
661855
661854
661855
661954
661955
661954
661955
662054
662055
662054
662055
662154
662155
662154
662155
662254
662255
662354
662355
662354
662355
662454
662455
662454
662455
662554
662555
662554
662555
662654
662655
662654
662655
662754
662755
662754
662755
662854
662855
662854
662855
662954
662955
662954
662955
663054
663055
663054
663055
663154
663155
661355
661356
661455
661456
661455
661456
661555
661556
661555
661556
661655
661656
661655
661656
661755
661756
661755
661756
661855
661856
661855
661856
661955
661956
661955
661956
662055
662056
662055
662056
662155
662156
662155
662156
662255
662256
662355
662356
662355
662356
662455
662456
662455
662456
662555
662556
662555
662556
662655
662656
662655
662656
662755
662756
662755
662756
662855
662856
662855
662856
662955
662956
662955
662956
663055
663056
663055
663056
663155
663156
661356
661357
661456
661457
661456
661457
661556
661557
661556
661557
661656
661657
661656
661657
661756
661757
661756
661757
661856
661857
661856
661857
661956
661957
661956
661957
662056
662057
662056
662057
662156
662157
662156
662157
662256
662257
662356
662357
662356
662357
662456
662457
662456
662457
662556
662557
662556
662557
662656
662657
662656
662657
662756
662757
662756
662757
662856
662857
662856
662857
662956
662957
662956
662957
663056
663057
663056
663057
663156
663157
661357
661358
661359
661457
661458
661459
661457
661458
661459
661557
661558
661559
661557
661558
661559
661657
661658
661659
661657
661658
661659
661757
661758
661759
661757
661758
661759
661857
661858
661859
661857
661858
661859
661957
661958
661959
661957
661958
661959
662057
662058
662059
662057
662058
662059
662157
662158
662159
662157
662158
662159
662257
662258
662259
662357
662358
662359
662357
662358
662359
662457
662458
662459
662457
662458
662459
662557
662558
662559
662557
662558
662559
662657
662658
662659
662657
662658
662659
662757
662758
662759
662757
662758
662759
662857
662858
662859
662857
662858
662859
662957
662958
662959
662957
662958
662959
663057
663058
663059
663057
663058
663059
663157
663158
663159
661359
661360
661459
661460
661459
661460
661559
661560
661559
661560
661659
661660
661659
661660
661759
661760
661759
661760
661859
661860
661859
661860
661959
661960
661959
661960
662059
662060
662059
662060
662159
662160
662159
662160
662259
662260
662359
662360
662359
662360
662459
662460
662459
662460
662559
662560
662559
662560
662659
662660
662659
662660
662759
662760
662759
662760
662859
662860
662859
662860
662959
662960
662959
662960
663059
663060
663059
663060
663159
663160
661360
661361
661460
661461
661460
661461
661560
661561
661560
661561
661660
661661
661660
661661
661760
661761
661760
661761
661860
661861
661860
661861
661960
661961
661960
661961
662060
662061
662060
662061
662160
662161
662160
662161
662260
662261
662360
662361
662360
662361
662460
662461
662460
662461
662560
662561
662560
662561
662660
662661
662660
662661
662760
662761
662760
662761
662860
662861
662860
662861
662960
662961
662960
662961
663060
663061
663060
663061
663160
663161
661361
661362
661461
661462
661461
661462
661561
661562
661561
661562
661661
661662
661661
661662
661761
661762
661761
661762
661861
661862
661861
661862
661961
661962
661961
661962
662061
662062
662061
662062
662161
662162
662161
662162
662261
662262
662361
662362
662361
662362
662461
662462
662461
662462
662561
662562
662561
662562
662661
662662
662661
662662
662761
662762
662761
662762
662861
662862
662861
662862
662961
662962
662961
662962
663061
663062
663061
663062
663161
663162
661362
661363
661462
661463
661462
661463
661562
661563
661562
661563
661662
661663
661662
661663
661762
661763
661762
661763
661862
661863
661862
661863
661962
661963
661962
661963
662062
662063
662062
662063
662162
662163
662162
662163
662262
662263
662362
662363
662362
662363
662462
662463
662462
662463
662562
662563
662562
662563
662662
662663
662662
662663
662762
662763
662762
662763
662862
662863
662862
662863
662962
662963
662962
662963
663062
663063
663062
663063
663162
663163
661363
661364
661365
661463
661464
661465
661463
661464
661465
661563
661564
661565
661563
661564
661565
661663
661664
661665
661663
661664
661665
661763
661764
661765
661763
661764
661765
661863
661864
661865
661863
661864
661865
661963
661964
661965
661963
661964
661965
662063
662064
662065
662063
662064
662065
662163
662164
662165
662163
662164
662165
662263
662264
662265
662363
662364
662365
662363
662364
662365
662463
662464
662465
662463
662464
662465
662563
662564
662565
662563
662564
662565
662663
662664
662665
662663
662664
662665
662763
662764
662765
662763
662764
662765
662863
662864
662865
662863
662864
662865
662963
662964
662965
662963
662964
662965
663063
663064
663065
663063
663064
663065
663163
663164
663165
661365
661366
661465
661466
661465
661466
661565
661566
661565
661566
661665
661666
661665
661666
661765
661766
661765
661766
661865
661866
661865
661866
661965
661966
661965
661966
662065
662066
662065
662066
662165
662166
662165
662166
662265
662266
662365
662366
662365
662366
662465
662466
662465
662466
662565
662566
662565
662566
662665
662666
662665
662666
662765
662766
662765
662766
662865
662866
662865
662866
662965
662966
662965
662966
663065
663066
663065
663066
663165
663166
661366
661367
661466
661467
661466
661467
661566
661567
661566
661567
661666
661667
661666
661667
661766
661767
661766
661767
661866
661867
661866
661867
661966
661967
661966
661967
662066
662067
662066
662067
662166
662167
662166
662167
662266
662267
662366
662367
662366
662367
662466
662467
662466
662467
662566
662567
662566
662567
662666
662667
662666
662667
662766
662767
662766
662767
662866
662867
662866
662867
662966
662967
662966
662967
663066
663067
663066
663067
663166
663167
661367
661368
661467
661468
661467
661468
661567
661568
661567
661568
661667
661668
661667
661668
661767
661768
661767
661768
661867
661868
661867
661868
661967
661968
661967
661968
662067
662068
662067
662068
662167
662168
662167
662168
662267
662268
662367
662368
662367
662368
662467
662468
662467
662468
662567
662568
662567
662568
662667
662668
662667
662668
662767
662768
662767
662768
662867
662868
662867
662868
662967
662968
662967
662968
663067
663068
663067
663068
663167
663168
661368
661369
661370
661468
661469
661470
661468
661469
661470
661568
661569
661570
661568
661569
661570
661668
661669
661670
661668
661669
661670
661768
661769
661770
661768
661769
661770
661868
661869
661870
661868
661869
661870
661968
661969
661970
661968
661969
661970
662068
662069
662070
662068
662069
662070
662168
662169
662170
662168
662169
662170
662268
662269
662270
662368
662369
662370
662368
662369
662370
662468
662469
662470
662468
662469
662470
662568
662569
662570
662568
662569
662570
662668
662669
662670
662668
662669
662670
662768
662769
662770
662768
662769
662770
662868
662869
662870
662868
662869
662870
662968
662969
662970
662968
662969
662970
663068
663069
663070
663068
663069
663070
663168
663169
663170
661370
661371
661470
661471
661470
661471
661570
661571
661570
661571
661670
661671
661670
661671
661770
661771
661770
661771
661870
661871
661870
661871
661970
661971
661970
661971
662070
662071
662070
662071
662170
662171
662170
662171
662270
662271
662370
662371
662370
662371
662470
662471
662470
662471
662570
662571
662570
662571
662670
662671
662670
662671
662770
662771
662770
662771
662870
662871
662870
662871
662970
662971
662970
662971
663070
663071
663070
663071
663170
663171
661371
661372
661471
661472
661471
661472
661571
661572
661571
661572
661671
661672
661671
661672
661771
661772
661771
661772
661871
661872
661871
661872
661971
661972
661971
661972
662071
662072
662071
662072
662171
662172
662171
662172
662271
662272
662371
662372
662371
662372
662471
662472
662471
662472
662571
662572
662571
662572
662671
662672
662671
662672
662771
662772
662771
662772
662871
662872
662871
662872
662971
662972
662971
662972
663071
663072
663071
663072
663171
663172
661372
661373
661472
661473
661472
661473
661572
661573
661572
661573
661672
661673
661672
661673
661772
661773
661772
661773
661872
661873
661872
661873
661972
661973
661972
661973
662072
662073
662072
662073
662172
662173
662172
662173
662272
662273
662372
662373
662372
662373
662472
662473
662472
662473
662572
662573
662572
662573
662672
662673
662672
662673
662772
662773
662772
662773
662872
662873
662872
662873
662972
662973
662972
662973
663072
663073
663072
663073
663172
663173
661373
661374
661375
661473
661474
661475
661473
661474
661475
661573
661574
661575
661573
661574
661575
661673
661674
661675
661673
661674
661675
661773
661774
661775
661773
661774
661775
661873
661874
661875
661873
661874
661875
661973
661974
661975
661973
661974
661975
662073
662074
662075
662073
662074
662075
662173
662174
662175
662173
662174
662175
662273
662274
662275
662373
662374
662375
662373
662374
662375
662473
662474
662475
662473
662474
662475
662573
662574
662575
662573
662574
662575
662673
662674
662675
662673
662674
662675
662773
662774
662775
662773
662774
662775
662873
662874
662875
662873
662874
662875
662973
662974
662975
662973
662974
662975
663073
663074
663075
663073
663074
663075
663173
663174
663175
661375
661376
661475
661476
661475
661476
661575
661576
661575
661576
661675
661676
661675
661676
661775
661776
661775
661776
661875
661876
661875
661876
661975
661976
661975
661976
662075
662076
662075
662076
662175
662176
662175
662176
662275
662276
662375
662376
662375
662376
662475
662476
662475
662476
662575
662576
662575
662576
662675
662676
662675
662676
662775
662776
662775
662776
662875
662876
662875
662876
662975
662976
662975
662976
663075
663076
663075
663076
663175
663176
661376
661377
661476
661477
661476
661477
661576
661577
661576
661577
661676
661677
661676
661677
661776
661777
661776
661777
661876
661877
661876
661877
661976
661977
661976
661977
662076
662077
662076
662077
662176
662177
662176
662177
662276
662277
662376
662377
662376
662377
662476
662477
662476
662477
662576
662577
662576
662577
662676
662677
662676
662677
662776
662777
662776
662777
662876
662877
662876
662877
662976
662977
662976
662977
663076
663077
663076
663077
663176
663177
661377
661378
661477
661478
661477
661478
661577
661578
661577
661578
661677
661678
661677
661678
661777
661778
661777
661778
661877
661878
661877
661878
661977
661978
661977
661978
662077
662078
662077
662078
662177
662178
662177
662178
662277
662278
662377
662378
662377
662378
662477
662478
662477
662478
662577
662578
662577
662578
662677
662678
662677
662678
662777
662778
662777
662778
662877
662878
662877
662878
662977
662978
662977
662978
663077
663078
663077
663078
663177
663178
661378
661379
661478
661479
661478
661479
661578
661579
661578
661579
661678
661679
661678
661679
661778
661779
661778
661779
661878
661879
661878
661879
661978
661979
661978
661979
662078
662079
660279
662078
662079
662178
662179
660279
660379
660479
662178
662179
662278
662279
662378
662379
660479
660579
662378
662379
662478
662479
660579
660679
662478
662479
662578
662579
660679
660779
662578
662579
662678
662679
660779
660879
662678
662679
662778
662779
660879
660979
662778
662779
662878
662879
660979
661079
662878
662879
662978
662979
661079
661179
662978
662979
663078
663079
661179
661279
663078
663079
663178
663179
659380
659381
659480
659481
659480
659481
659580
659581
659580
659581
659680
659681
659680
659681
659780
659781
659780
659781
659880
659881
659880
659881
659980
659981
659980
659981
660080
660081
659369
660080
660081
660180
660181
659369
659370
659371
660180
660181
660280
660281
660380
660381
659371
659372
660380
660381
660480
660481
659372
659373
660480
660481
660580
660581
659373
659374
660580
660581
660680
660681
659374
659375
660680
660681
660780
660781
659375
659376
660780
660781
660880
660881
659376
659377
660880
660881
660980
660981
659377
659378
660980
660981
661080
661081
659378
659379
661080
661081
661180
661181
659381
659382
659481
659482
659481
659482
659581
659582
659581
659582
659681
659682
659681
659682
659781
659782
659781
659782
659881
659882
659881
659882
659981
659982
659981
659982
660081
660082
660081
660082
660181
660182
660181
660182
660281
660282
660381
660382
660381
660382
660481
660482
660481
660482
660581
660582
660581
660582
660681
660682
660681
660682
660781
660782
660781
660782
660881
660882
660881
660882
660981
660982
660981
660982
661081
661082
661081
661082
661181
661182
659382
659383
659482
659483
659482
659483
659582
659583
659582
659583
659682
659683
659682
659683
659782
659783
659782
659783
659882
659883
659882
659883
659982
659983
659982
659983
660082
660083
660082
660083
660182
660183
660182
660183
660282
660283
660382
660383
660382
660383
660482
660483
660482
660483
660582
660583
660582
660583
660682
660683
660682
660683
660782
660783
660782
660783
660882
660883
660882
660883
660982
660983
660982
660983
661082
661083
661082
661083
661182
661183
659383
659384
659483
659484
659483
659484
659583
659584
659583
659584
659683
659684
659683
659684
659783
659784
659783
659784
659883
659884
659883
659884
659983
659984
659983
659984
660083
660084
660083
660084
660183
660184
660183
660184
660283
660284
660383
660384
660383
660384
660483
660484
660483
660484
660583
660584
660583
660584
660683
660684
660683
660684
660783
660784
660783
660784
660883
660884
660883
660884
660983
660984
660983
660984
661083
661084
661083
661084
661183
661184
659384
659385
659386
659484
659485
659486
659484
659485
659486
659584
659585
659586
659584
659585
659586
659684
659685
659686
659684
659685
659686
659784
659785
659786
659784
659785
659786
659884
659885
659886
659884
659885
659886
659984
659985
659986
659984
659985
659986
660084
660085
660086
660084
660085
660086
660184
660185
660186
660184
660185
660186
660284
660285
660286
660384
660385
660386
660384
660385
660386
660484
660485
660486
660484
660485
660486
660584
660585
660586
660584
660585
660586
660684
660685
660686
660684
660685
660686
660784
660785
660786
660784
660785
660786
660884
660885
660886
660884
660885
660886
660984
660985
660986
660984
660985
660986
661084
661085
661086
661084
661085
661086
661184
661185
661186
659386
659387
659486
659487
659486
659487
659586
659587
659586
659587
659686
659687
659686
659687
659786
659787
659786
659787
659886
659887
659886
659887
659986
659987
659986
659987
660086
660087
660086
660087
660186
660187
660186
660187
660286
660287
660386
660387
660386
660387
660486
660487
660486
660487
660586
660587
660586
660587
660686
660687
660686
660687
660786
660787
660786
660787
660886
660887
660886
660887
660986
660987
660986
660987
661086
661087
661086
661087
661186
661187
659387
659388
659487
659488
659487
659488
659587
659588
659587
659588
659687
659688
659687
659688
659787
659788
659787
659788
659887
659888
659887
659888
659987
659988
659987
659988
660087
660088
660087
660088
660187
660188
660187
660188
660287
660288
660387
660388
660387
660388
660487
660488
660487
660488
660587
660588
660587
660588
660687
660688
660687
660688
660787
660788
660787
660788
660887
660888
660887
660888
660987
660988
660987
660988
661087
661088
661087
661088
661187
661188
659388
659389
659488
659489
659488
659489
659588
659589
659588
659589
659688
659689
659688
659689
659788
659789
659788
659789
659888
659889
659888
659889
659988
659989
659988
659989
660088
660089
660088
660089
660188
660189
660188
660189
660288
660289
660388
660389
660388
660389
660488
660489
660488
660489
660588
660589
660588
660589
660688
660689
660688
660689
660788
660789
660788
660789
660888
660889
660888
660889
660988
660989
660988
660989
661088
661089
661088
661089
661188
661189
659389
659390
659391
659489
659490
659491
659489
659490
659491
659589
659590
659591
659589
659590
659591
659689
659690
659691
659689
659690
659691
659789
659790
659791
659789
659790
659791
659889
659890
659891
659889
659890
659891
659989
659990
659991
659989
659990
659991
660089
660090
660091
660089
660090
660091
660189
660190
660191
660189
660190
660191
660289
660290
660291
660389
660390
660391
660389
660390
660391
660489
660490
660491
660489
660490
660491
660589
660590
660591
660589
660590
660591
660689
660690
660691
660689
660690
660691
660789
660790
660791
660789
660790
660791
660889
660890
660891
660889
660890
660891
660989
660990
660991
660989
660990
660991
661089
661090
661091
661089
661090
661091
661189
661190
661191
659391
659392
659491
659492
659491
659492
659591
659592
659591
659592
659691
659692
659691
659692
659791
659792
659791
659792
659891
659892
659891
659892
659991
659992
659991
659992
660091
660092
660091
660092
660191
660192
660191
660192
660291
660292
660391
660392
660391
660392
660491
660492
660491
660492
660591
660592
660591
660592
660691
660692
660691
660692
660791
660792
660791
660792
660891
660892
660891
660892
660991
660992
660991
660992
661091
661092
661091
661092
661191
661192
659392
659393
659492
659493
659492
659493
659592
659593
659592
659593
659692
659693
659692
659693
659792
659793
659792
659793
659892
659893
659892
659893
659992
659993
659992
659993
660092
660093
660092
660093
660192
660193
660192
660193
660292
660293
660392
660393
660392
660393
660492
660493
660492
660493
660592
660593
660592
660593
660692
660693
660692
660693
660792
660793
660792
660793
660892
660893
660892
660893
660992
660993
660992
660993
661092
661093
661092
661093
661192
661193
659393
659394
659493
659494
659493
659494
659593
659594
659593
659594
659693
659694
659693
659694
659793
659794
659793
659794
659893
659894
659893
659894
659993
659994
659993
659994
660093
660094
660093
660094
660193
660194
660193
660194
660293
660294
660393
660394
660393
660394
660493
660494
660493
660494
660593
660594
660593
660594
660693
660694
660693
660694
660793
660794
660793
660794
660893
660894
660893
660894
660993
660994
660993
660994
661093
661094
661093
661094
661193
661194
659394
659395
659396
659494
659495
659496
659494
659495
659496
659594
659595
659596
659594
659595
659596
659694
659695
659696
659694
659695
659696
659794
659795
659796
659794
659795
659796
659894
659895
659896
659894
659895
659896
659994
659995
659996
659994
659995
659996
660094
660095
660096
660094
660095
660096
660194
660195
660196
660194
660195
660196
660294
660295
660296
660394
660395
660396
660394
660395
660396
660494
660495
660496
660494
660495
660496
660594
660595
660596
660594
660595
660596
660694
660695
660696
660694
660695
660696
660794
660795
660796
660794
660795
660796
660894
660895
660896
660894
660895
660896
660994
660995
660996
660994
660995
660996
661094
661095
661096
661094
661095
661096
661194
661195
661196
659396
659397
659496
659497
659496
659497
659596
659597
659596
659597
659696
659697
659696
659697
659796
659797
659796
659797
659896
659897
659896
659897
659996
659997
659996
659997
660096
660097
660096
660097
660196
660197
660196
660197
660296
660297
660396
660397
660396
660397
660496
660497
660496
660497
660596
660597
660596
660597
660696
660697
660696
660697
660796
660797
660796
660797
660896
660897
660896
660897
660996
660997
660996
660997
661096
661097
661096
661097
661196
661197
659397
659398
659497
659498
659497
659498
659597
659598
659597
659598
659697
659698
659697
659698
659797
659798
659797
659798
659897
659898
659897
659898
659997
659998
659997
659998
660097
660098
660097
660098
660197
660198
660197
660198
660297
660298
660397
660398
660397
660398
660497
660498
660497
660498
660597
660598
660597
660598
660697
660698
660697
660698
660797
660798
660797
660798
660897
660898
660897
660898
660997
660998
660997
660998
661097
661098
661097
661098
661197
661198
659398
659399
659498
659499
659498
659499
659598
659599
659598
659599
659698
659699
659698
659699
659798
659799
659798
659799
659898
659899
659898
659899
659998
659999
659998
659999
660098
660099
660098
660099
660198
660199
660198
660199
660298
660299
660398
660399
660398
660399
660498
660499
660498
660499
660598
660599
660598
660599
660698
660699
660698
660699
660798
660799
660798
660799
660898
660899
660898
660899
660998
660999
660998
660999
661098
661099
661098
661099
661198
661199
659399
659400
659499
659500
659499
659500
659599
659600
659599
659600
659699
659700
659699
659700
659799
659800
659799
659800
659899
659900
659899
659900
659999
660000
659999
660000
660099
660100
660099
660100
660199
660200
660199
660200
660299
660300
660399
660400
660399
660400
660499
660500
660499
660500
660599
660600
660599
660600
660699
660700
660699
660700
660799
660800
660799
660800
660899
660900
660899
660900
660999
661000
660999
661000
661099
661100
661099
661100
661199
661200
659400
659401
659402
659500
659501
659502
659500
659501
659502
659600
659601
659602
659600
659601
659602
659700
659701
659702
659700
659701
659702
659800
659801
659802
659800
659801
659802
659900
659901
659902
659900
659901
659902
660000
660001
660002
660000
660001
660002
660100
660101
660102
660100
660101
660102
660200
660201
660202
660200
660201
660202
660300
660301
660302
660400
660401
660402
660400
660401
660402
660500
660501
660502
660500
660501
660502
660600
660601
660602
660600
660601
660602
660700
660701
660702
660700
660701
660702
660800
660801
660802
660800
660801
660802
660900
660901
660902
660900
660901
660902
661000
661001
661002
661000
661001
661002
661100
661101
661102
661100
661101
661102
661200
661201
661202
659402
659403
659502
659503
659502
659503
659602
659603
659602
659603
659702
659703
659702
659703
659802
659803
659802
659803
659902
659903
659902
659903
660002
660003
660002
660003
660102
660103
660102
660103
660202
660203
660202
660203
660302
660303
660402
660403
660402
660403
660502
660503
660502
660503
660602
660603
660602
660603
660702
660703
660702
660703
660802
660803
660802
660803
660902
660903
660902
660903
661002
661003
661002
661003
661102
661103
661102
661103
661202
661203
659403
659404
659503
659504
659503
659504
659603
659604
659603
659604
659703
659704
659703
659704
659803
659804
659803
659804
659903
659904
659903
659904
660003
660004
660003
660004
660103
660104
660103
660104
660203
660204
660203
660204
660303
660304
660403
660404
660403
660404
660503
660504
660503
660504
660603
660604
660603
660604
660703
660704
660703
660704
660803
660804
660803
660804
660903
660904
660903
660904
661003
661004
661003
661004
661103
661104
661103
661104
661203
661204
659404
659405
659504
659505
659504
659505
659604
659605
659604
659605
659704
659705
659704
659705
659804
659805
659804
659805
659904
659905
659904
659905
660004
660005
660004
660005
660104
660105
660104
660105
660204
660205
660204
660205
660304
660305
660404
660405
660404
660405
660504
660505
660504
660505
660604
660605
660604
660605
660704
660705
660704
660705
660804
660805
660804
660805
660904
660905
660904
660905
661004
661005
661004
661005
661104
661105
661104
661105
661204
661205
659405
659406
659407
659505
659506
659507
659505
659506
659507
659605
659606
659607
659605
659606
659607
659705
659706
659707
659705
659706
659707
659805
659806
659807
659805
659806
659807
659905
659906
659907
659905
659906
659907
660005
660006
660007
660005
660006
660007
660105
660106
660107
660105
660106
660107
660205
660206
660207
660205
660206
660207
660305
660306
660307
660405
660406
660407
660405
660406
660407
660505
660506
660507
660505
660506
660507
660605
660606
660607
660605
660606
660607
660705
660706
660707
660705
660706
660707
660805
660806
660807
660805
660806
660807
660905
660906
660907
660905
660906
660907
661005
661006
661007
661005
661006
661007
661105
661106
661107
661105
661106
661107
661205
661206
661207
659407
659408
659507
659508
659507
659508
659607
659608
659607
659608
659707
659708
659707
659708
659807
659808
659807
659808
659907
659908
659907
659908
660007
660008
660007
660008
660107
660108
660107
660108
660207
660208
660207
660208
660307
660308
660407
660408
660407
660408
660507
660508
660507
660508
660607
660608
660607
660608
660707
660708
660707
660708
660807
660808
660807
660808
660907
660908
660907
660908
661007
661008
661007
661008
661107
661108
661107
661108
661207
661208
659408
659409
659508
659509
659508
659509
659608
659609
659608
659609
659708
659709
659708
659709
659808
659809
659808
659809
659908
659909
659908
659909
660008
660009
660008
660009
660108
660109
660108
660109
660208
660209
660208
660209
660308
660309
660408
660409
660408
660409
660508
660509
660508
660509
660608
660609
660608
660609
660708
660709
660708
660709
660808
660809
660808
660809
660908
660909
660908
660909
661008
661009
661008
661009
661108
661109
661108
661109
661208
661209
659409
659410
659509
659510
659509
659510
659609
659610
659609
659610
659709
659710
659709
659710
659809
659810
659809
659810
659909
659910
659909
659910
660009
660010
660009
660010
660109
660110
660109
660110
660209
660210
660209
660210
660309
660310
660409
660410
660409
660410
660509
660510
660509
660510
660609
660610
660609
660610
660709
660710
660709
660710
660809
660810
660809
660810
660909
660910
660909
660910
661009
661010
661009
661010
661109
661110
661109
661110
661209
661210
659410
659411
659412
659510
659511
659512
659510
659511
659512
659610
659611
659612
659610
659611
659612
659710
659711
659712
659710
659711
659712
659810
659811
659812
659810
659811
659812
659910
659911
659912
659910
659911
659912
660010
660011
660012
660010
660011
660012
660110
660111
660112
660110
660111
660112
660210
660211
660212
660210
660211
660212
660310
660311
660312
660410
660411
660412
660410
660411
660412
660510
660511
660512
660510
660511
660512
660610
660611
660612
660610
660611
660612
660710
660711
660712
660710
660711
660712
660810
660811
660812
660810
660811
660812
660910
660911
660912
660910
660911
660912
661010
661011
661012
661010
661011
661012
661110
661111
661112
661110
661111
661112
661210
661211
661212
659412
659413
659512
659513
659512
659513
659612
659613
659612
659613
659712
659713
659712
659713
659812
659813
659812
659813
659912
659913
659912
659913
660012
660013
660012
660013
660112
660113
660112
660113
660212
660213
660212
660213
660312
660313
660412
660413
660412
660413
660512
660513
660512
660513
660612
660613
660612
660613
660712
660713
660712
660713
660812
660813
660812
660813
660912
660913
660912
660913
661012
661013
661012
661013
661112
661113
661112
661113
661212
661213
659413
659414
659513
659514
659513
659514
659613
659614
659613
659614
659713
659714
659713
659714
659813
659814
659813
659814
659913
659914
659913
659914
660013
660014
660013
660014
660113
660114
660113
660114
660213
660214
660213
660214
660313
660314
660413
660414
660413
660414
660513
660514
660513
660514
660613
660614
660613
660614
660713
660714
660713
660714
660813
660814
660813
660814
660913
660914
660913
660914
661013
661014
661013
661014
661113
661114
661113
661114
661213
661214
659414
659415
659514
659515
659514
659515
659614
659615
659614
659615
659714
659715
659714
659715
659814
659815
659814
659815
659914
659915
659914
659915
660014
660015
660014
660015
660114
660115
660114
660115
660214
660215
660214
660215
660314
660315
660414
660415
660414
660415
660514
660515
660514
660515
660614
660615
660614
660615
660714
660715
660714
660715
660814
660815
660814
660815
660914
660915
660914
660915
661014
661015
661014
661015
661114
661115
661114
661115
661214
661215
659415
659416
659417
659515
659516
659517
659515
659516
659517
659615
659616
659617
659615
659616
659617
659715
659716
659717
659715
659716
659717
659815
659816
659817
659815
659816
659817
659915
659916
659917
659915
659916
659917
660015
660016
660017
660015
660016
660017
660115
660116
660117
660115
660116
660117
660215
660216
660217
660215
660216
660217
660315
660316
660317
660415
660416
660417
660415
660416
660417
660515
660516
660517
660515
660516
660517
660615
660616
660617
660615
660616
660617
660715
660716
660717
660715
660716
660717
660815
660816
660817
660815
660816
660817
660915
660916
660917
660915
660916
660917
661015
661016
661017
661015
661016
661017
661115
661116
661117
661115
661116
661117
661215
661216
661217
659417
659418
659517
659518
659517
659518
659617
659618
659617
659618
659717
659718
659717
659718
659817
659818
659817
659818
659917
659918
659917
659918
660017
660018
660017
660018
660117
660118
660117
660118
660217
660218
660217
660218
660317
660318
660417
660418
660417
660418
660517
660518
660517
660518
660617
660618
660617
660618
660717
660718
660717
660718
660817
660818
660817
660818
660917
660918
660917
660918
661017
661018
661017
661018
661117
661118
661117
661118
661217
661218
659418
659419
659518
659519
659518
659519
659618
659619
659618
659619
659718
659719
659718
659719
659818
659819
659818
659819
659918
659919
659918
659919
660018
660019
660018
660019
660118
660119
660118
660119
660218
660219
660218
660219
660318
660319
660418
660419
660418
660419
660518
660519
660518
660519
660618
660619
660618
660619
660718
660719
660718
660719
660818
660819
660818
660819
660918
660919
660918
660919
661018
661019
661018
661019
661118
661119
661118
661119
661218
661219
659419
659420
659519
659520
659519
659520
659619
659620
659619
659620
659719
659720
659719
659720
659819
659820
659819
659820
659919
659920
659919
659920
660019
660020
660019
660020
660119
660120
660119
660120
660219
660220
660219
660220
660319
660320
660419
660420
660419
660420
660519
660520
660519
660520
660619
660620
660619
660620
660719
660720
660719
660720
660819
660820
660819
660820
660919
660920
660919
660920
661019
661020
661019
661020
661119
661120
661119
661120
661219
661220
659420
659421
659520
659521
659520
659521
659620
659621
659620
659621
659720
659721
659720
659721
659820
659821
659820
659821
659920
659921
659920
659921
660020
660021
660020
660021
660120
660121
660120
660121
660220
660221
660220
660221
660320
660321
660420
660421
660420
660421
660520
660521
660520
660521
660620
660621
660620
660621
660720
660721
660720
660721
660820
660821
660820
660821
660920
660921
660920
660921
661020
661021
661020
661021
661120
661121
661120
661121
661220
661221
659421
659422
659423
659521
659522
659523
659521
659522
659523
659621
659622
659623
659621
659622
659623
659721
659722
659723
659721
659722
659723
659821
659822
659823
659821
659822
659823
659921
659922
659923
659921
659922
659923
660021
660022
660023
660021
660022
660023
660121
660122
660123
660121
660122
660123
660221
660222
660223
660221
660222
660223
660321
660322
660323
660421
660422
660423
660421
660422
660423
660521
660522
660523
660521
660522
660523
660621
660622
660623
660621
660622
660623
660721
660722
660723
660721
660722
660723
660821
660822
660823
660821
660822
660823
660921
660922
660923
660921
660922
660923
661021
661022
661023
661021
661022
661023
661121
661122
661123
661121
661122
661123
661221
661222
661223
659423
659424
659523
659524
659523
659524
659623
659624
659623
659624
659723
659724
659723
659724
659823
659824
659823
659824
659923
659924
659923
659924
660023
660024
660023
660024
660123
660124
660123
660124
660223
660224
660223
660224
660323
660324
660423
660424
660423
660424
660523
660524
660523
660524
660623
660624
660623
660624
660723
660724
660723
660724
660823
660824
660823
660824
660923
660924
660923
660924
661023
661024
661023
661024
661123
661124
661123
661124
661223
661224
659424
659425
659524
659525
659524
659525
659624
659625
659624
659625
659724
659725
659724
659725
659824
659825
659824
659825
659924
659925
659924
659925
660024
660025
660024
660025
660124
660125
660124
660125
660224
660225
660224
660225
660324
660325
660424
660425
660424
660425
660524
660525
660524
660525
660624
660625
660624
660625
660724
660725
660724
660725
660824
660825
660824
660825
660924
660925
660924
660925
661024
661025
661024
661025
661124
661125
661124
661125
661224
661225
659425
659426
659525
659526
659525
659526
659625
659626
659625
659626
659725
659726
659725
659726
659825
659826
659825
659826
659925
659926
659925
659926
660025
660026
660025
660026
660125
660126
660125
660126
660225
660226
660225
660226
660325
660326
660425
660426
660425
660426
660525
660526
660525
660526
660625
660626
660625
660626
660725
660726
660725
660726
660825
660826
660825
660826
660925
660926
660925
660926
661025
661026
661025
661026
661125
661126
661125
661126
661225
661226
659426
659427
659428
659526
659527
659528
659526
659527
659528
659626
659627
659628
659626
659627
659628
659726
659727
659728
659726
659727
659728
659826
659827
659828
659826
659827
659828
659926
659927
659928
659926
659927
659928
660026
660027
660028
660026
660027
660028
660126
660127
660128
660126
660127
660128
660226
660227
660228
660226
660227
660228
660326
660327
660328
660426
660427
660428
660426
660427
660428
660526
660527
660528
660526
660527
660528
660626
660627
660628
660626
660627
660628
660726
660727
660728
660726
660727
660728
660826
660827
660828
660826
660827
660828
660926
660927
660928
660926
660927
660928
661026
661027
661028
661026
661027
661028
661126
661127
661128
661126
661127
661128
661226
661227
661228
659428
659429
659528
659529
659528
659529
659628
659629
659628
659629
659728
659729
659728
659729
659828
659829
659828
659829
659928
659929
659928
659929
660028
660029
660028
660029
660128
660129
660128
660129
660228
660229
660228
660229
660328
660329
660428
660429
660428
660429
660528
660529
660528
660529
660628
660629
660628
660629
660728
660729
660728
660729
660828
660829
660828
660829
660928
660929
660928
660929
661028
661029
661028
661029
661128
661129
661128
661129
661228
661229
659429
659430
659529
659530
659529
659530
659629
659630
659629
659630
659729
659730
659729
659730
659829
659830
659829
659830
659929
659930
659929
659930
660029
660030
660029
660030
660129
660130
660129
660130
660229
660230
660229
660230
660329
660330
660429
660430
660429
660430
660529
660530
660529
660530
660629
660630
660629
660630
660729
660730
660729
660730
660829
660830
660829
660830
660929
660930
660929
660930
661029
661030
661029
661030
661129
661130
661129
661130
661229
661230
659430
659431
659530
659531
659530
659531
659630
659631
659630
659631
659730
659731
659730
659731
659830
659831
659830
659831
659930
659931
659930
659931
660030
660031
660030
660031
660130
660131
660130
660131
660230
660231
660230
660231
660330
660331
660430
660431
660430
660431
660530
660531
660530
660531
660630
660631
660630
660631
660730
660731
660730
660731
660830
660831
660830
660831
660930
660931
660930
660931
661030
661031
661030
661031
661130
661131
661130
661131
661230
661231
659431
659432
659433
659531
659532
659533
659531
659532
659533
659631
659632
659633
659631
659632
659633
659731
659732
659733
659731
659732
659733
659831
659832
659833
659831
659832
659833
659931
659932
659933
659931
659932
659933
660031
660032
660033
660031
660032
660033
660131
660132
660133
660131
660132
660133
660231
660232
660233
660231
660232
660233
660331
660332
660333
660431
660432
660433
660431
660432
660433
660531
660532
660533
660531
660532
660533
660631
660632
660633
660631
660632
660633
660731
660732
660733
660731
660732
660733
660831
660832
660833
660831
660832
660833
660931
660932
660933
660931
660932
660933
661031
661032
661033
661031
661032
661033
661131
661132
661133
661131
661132
661133
661231
661232
661233
659433
659434
659533
659534
659533
659534
659633
659634
659633
659634
659733
659734
659733
659734
659833
659834
659833
659834
659933
659934
659933
659934
660033
660034
660033
660034
660133
660134
660133
660134
660233
660234
660233
660234
660333
660334
660433
660434
660433
660434
660533
660534
660533
660534
660633
660634
660633
660634
660733
660734
660733
660734
660833
660834
660833
660834
660933
660934
660933
660934
661033
661034
661033
661034
661133
661134
661133
661134
661233
661234
659434
659435
659534
659535
659534
659535
659634
659635
659634
659635
659734
659735
659734
659735
659834
659835
659834
659835
659934
659935
659934
659935
660034
660035
660034
660035
660134
660135
660134
660135
660234
660235
660234
660235
660334
660335
660434
660435
660434
660435
660534
660535
660534
660535
660634
660635
660634
660635
660734
660735
660734
660735
660834
660835
660834
660835
660934
660935
660934
660935
661034
661035
661034
661035
661134
661135
661134
661135
661234
661235
659435
659436
659535
659536
659535
659536
659635
659636
659635
659636
659735
659736
659735
659736
659835
659836
659835
659836
659935
659936
659935
659936
660035
660036
660035
660036
660135
660136
660135
660136
660235
660236
660235
660236
660335
660336
660435
660436
660435
660436
660535
660536
660535
660536
660635
660636
660635
660636
660735
660736
660735
660736
660835
660836
660835
660836
660935
660936
660935
660936
661035
661036
661035
661036
661135
661136
661135
661136
661235
661236
659436
659437
659438
659536
659537
659538
659536
659537
659538
659636
659637
659638
659636
659637
659638
659736
659737
659738
659736
659737
659738
659836
659837
659838
659836
659837
659838
659936
659937
659938
659936
659937
659938
660036
660037
660038
660036
660037
660038
660136
660137
660138
660136
660137
660138
660236
660237
660238
660236
660237
660238
660336
660337
660338
660436
660437
660438
660436
660437
660438
660536
660537
660538
660536
660537
660538
660636
660637
660638
660636
660637
660638
660736
660737
660738
660736
660737
660738
660836
660837
660838
660836
660837
660838
660936
660937
660938
660936
660937
660938
661036
661037
661038
661036
661037
661038
661136
661137
661138
661136
661137
661138
661236
661237
661238
659438
659439
659538
659539
659538
659539
659638
659639
659638
659639
659738
659739
659738
659739
659838
659839
659838
659839
659938
659939
659938
659939
660038
660039
660038
660039
660138
660139
660138
660139
660238
660239
660238
660239
660338
660339
660438
660439
660438
660439
660538
660539
660538
660539
660638
660639
660638
660639
660738
660739
660738
660739
660838
660839
660838
660839
660938
660939
660938
660939
661038
661039
661038
661039
661138
661139
661138
661139
661238
661239
659439
659440
659539
659540
659539
659540
659639
659640
659639
659640
659739
659740
659739
659740
659839
659840
659839
659840
659939
659940
659939
659940
660039
660040
660039
660040
660139
660140
660139
660140
660239
660240
660239
660240
660339
660340
660439
660440
660439
660440
660539
660540
660539
660540
660639
660640
660639
660640
660739
660740
660739
660740
660839
660840
660839
660840
660939
660940
660939
660940
661039
661040
661039
661040
661139
661140
661139
661140
661239
661240
659440
659441
659540
659541
659540
659541
659640
659641
659640
659641
659740
659741
659740
659741
659840
659841
659840
659841
659940
659941
659940
659941
660040
660041
660040
660041
660140
660141
660140
660141
660240
660241
660240
660241
660340
660341
660440
660441
660440
660441
660540
660541
660540
660541
660640
660641
660640
660641
660740
660741
660740
660741
660840
660841
660840
660841
660940
660941
660940
660941
661040
661041
661040
661041
661140
661141
661140
661141
661240
661241
659441
659442
659541
659542
659541
659542
659641
659642
659641
659642
659741
659742
659741
659742
659841
659842
659841
659842
659941
659942
659941
659942
660041
660042
660041
660042
660141
660142
660141
660142
660241
660242
660241
660242
660341
660342
660441
660442
660441
660442
660541
660542
660541
660542
660641
660642
660641
660642
660741
660742
660741
660742
660841
660842
660841
660842
660941
660942
660941
660942
661041
661042
661041
661042
661141
661142
661141
661142
661241
661242
659442
659443
659444
659542
659543
659544
659542
659543
659544
659642
659643
659644
659642
659643
659644
659742
659743
659744
659742
659743
659744
659842
659843
659844
659842
659843
659844
659942
659943
659944
659942
659943
659944
660042
660043
660044
660042
660043
660044
660142
660143
660144
660142
660143
660144
660242
660243
660244
660242
660243
660244
660342
660343
660344
660442
660443
660444
660442
660443
660444
660542
660543
660544
660542
660543
660544
660642
660643
660644
660642
660643
660644
660742
660743
660744
660742
660743
660744
660842
660843
660844
660842
660843
660844
660942
660943
660944
660942
660943
660944
661042
661043
661044
661042
661043
661044
661142
661143
661144
661142
661143
661144
661242
661243
661244
659444
659445
659544
659545
659544
659545
659644
659645
659644
659645
659744
659745
659744
659745
659844
659845
659844
659845
659944
659945
659944
659945
660044
660045
660044
660045
660144
660145
660144
660145
660244
660245
660244
660245
660344
660345
660444
660445
660444
660445
660544
660545
660544
660545
660644
660645
660644
660645
660744
660745
660744
660745
660844
660845
660844
660845
660944
660945
660944
660945
661044
661045
661044
661045
661144
661145
661144
661145
661244
661245
659445
659446
659545
659546
659545
659546
659645
659646
659645
659646
659745
659746
659745
659746
659845
659846
659845
659846
659945
659946
659945
659946
660045
660046
660045
660046
660145
660146
660145
660146
660245
660246
660245
660246
660345
660346
660445
660446
660445
660446
660545
660546
660545
660546
660645
660646
660645
660646
660745
660746
660745
660746
660845
660846
660845
660846
660945
660946
660945
660946
661045
661046
661045
661046
661145
661146
661145
661146
661245
661246
659446
659447
659546
659547
659546
659547
659646
659647
659646
659647
659746
659747
659746
659747
659846
659847
659846
659847
659946
659947
659946
659947
660046
660047
660046
660047
660146
660147
660146
660147
660246
660247
660246
660247
660346
660347
660446
660447
660446
660447
660546
660547
660546
660547
660646
660647
660646
660647
660746
660747
660746
660747
660846
660847
660846
660847
660946
660947
660946
660947
661046
661047
661046
661047
661146
661147
661146
661147
661246
661247
659447
659448
659449
659547
659548
659549
659547
659548
659549
659647
659648
659649
659647
659648
659649
659747
659748
659749
659747
659748
659749
659847
659848
659849
659847
659848
659849
659947
659948
659949
659947
659948
659949
660047
660048
660049
660047
660048
660049
660147
660148
660149
660147
660148
660149
660247
660248
660249
660247
660248
660249
660347
660348
660349
660447
660448
660449
660447
660448
660449
660547
660548
660549
660547
660548
660549
660647
660648
660649
660647
660648
660649
660747
660748
660749
660747
660748
660749
660847
660848
660849
660847
660848
660849
660947
660948
660949
660947
660948
660949
661047
661048
661049
661047
661048
661049
661147
661148
661149
661147
661148
661149
661247
661248
661249
659449
659450
659549
659550
659549
659550
659649
659650
659649
659650
659749
659750
659749
659750
659849
659850
659849
659850
659949
659950
659949
659950
660049
660050
660049
660050
660149
660150
660149
660150
660249
660250
660249
660250
660349
660350
660449
660450
660449
660450
660549
660550
660549
660550
660649
660650
660649
660650
660749
660750
660749
660750
660849
660850
660849
660850
660949
660950
660949
660950
661049
661050
661049
661050
661149
661150
661149
661150
661249
661250
659450
659451
659550
659551
659550
659551
659650
659651
659650
659651
659750
659751
659750
659751
659850
659851
659850
659851
659950
659951
659950
659951
660050
660051
660050
660051
660150
660151
660150
660151
660250
660251
660250
660251
660350
660351
660450
660451
660450
660451
660550
660551
660550
660551
660650
660651
660650
660651
660750
660751
660750
660751
660850
660851
660850
660851
660950
660951
660950
660951
661050
661051
661050
661051
661150
661151
661150
661151
661250
661251
659451
659452
659551
659552
659551
659552
659651
659652
659651
659652
659751
659752
659751
659752
659851
659852
659851
659852
659951
659952
659951
659952
660051
660052
660051
660052
660151
660152
660151
660152
660251
660252
660251
660252
660351
660352
660451
660452
660451
660452
660551
660552
660551
660552
660651
660652
660651
660652
660751
660752
660751
660752
660851
660852
660851
660852
660951
660952
660951
660952
661051
661052
661051
661052
661151
661152
661151
661152
661251
661252
659452
659453
659454
659552
659553
659554
659552
659553
659554
659652
659653
659654
659652
659653
659654
659752
659753
659754
659752
659753
659754
659852
659853
659854
659852
659853
659854
659952
659953
659954
659952
659953
659954
660052
660053
660054
660052
660053
660054
660152
660153
660154
660152
660153
660154
660252
660253
660254
660252
660253
660254
660352
660353
660354
660452
660453
660454
660452
660453
660454
660552
660553
660554
660552
660553
660554
660652
660653
660654
660652
660653
660654
660752
660753
660754
660752
660753
660754
660852
660853
660854
660852
660853
660854
660952
660953
660954
660952
660953
660954
661052
661053
661054
661052
661053
661054
661152
661153
661154
661152
661153
661154
661252
661253
661254
659454
659455
659554
659555
659554
659555
659654
659655
659654
659655
659754
659755
659754
659755
659854
659855
659854
659855
659954
659955
659954
659955
660054
660055
660054
660055
660154
660155
660154
660155
660254
660255
660254
660255
660354
660355
660454
660455
660454
660455
660554
660555
660554
660555
660654
660655
660654
660655
660754
660755
660754
660755
660854
660855
660854
660855
660954
660955
660954
660955
661054
661055
661054
661055
661154
661155
661154
661155
661254
661255
659455
659456
659555
659556
659555
659556
659655
659656
659655
659656
659755
659756
659755
659756
659855
659856
659855
659856
659955
659956
659955
659956
660055
660056
660055
660056
660155
660156
660155
660156
660255
660256
660255
660256
660355
660356
660455
660456
660455
660456
660555
660556
660555
660556
660655
660656
660655
660656
660755
660756
660755
660756
660855
660856
660855
660856
660955
660956
660955
660956
661055
661056
661055
661056
661155
661156
661155
661156
661255
661256
659456
659457
659556
659557
659556
659557
659656
659657
659656
659657
659756
659757
659756
659757
659856
659857
659856
659857
659956
659957
659956
659957
660056
660057
660056
660057
660156
660157
660156
660157
660256
660257
660256
660257
660356
660357
660456
660457
660456
660457
660556
660557
660556
660557
660656
660657
660656
660657
660756
660757
660756
660757
660856
660857
660856
660857
660956
660957
660956
660957
661056
661057
661056
661057
661156
661157
661156
661157
661256
661257
659457
659458
659459
659557
659558
659559
659557
659558
659559
659657
659658
659659
659657
659658
659659
659757
659758
659759
659757
659758
659759
659857
659858
659859
659857
659858
659859
659957
659958
659959
659957
659958
659959
660057
660058
660059
660057
660058
660059
660157
660158
660159
660157
660158
660159
660257
660258
660259
660257
660258
660259
660357
660358
660359
660457
660458
660459
660457
660458
660459
660557
660558
660559
660557
660558
660559
660657
660658
660659
660657
660658
660659
660757
660758
660759
660757
660758
660759
660857
660858
660859
660857
660858
660859
660957
660958
660959
660957
660958
660959
661057
661058
661059
661057
661058
661157
661158
661157
661158
661257
661258
659459
659460
659559
659560
659559
659560
659659
659660
659659
659660
659759
659760
659759
659760
659859
659860
659859
659860
659959
659960
659959
659960
660059
660060
660059
660060
660159
660160
660159
660160
660259
660260
660259
660260
660359
660360
660459
660460
660459
660460
660559
660560
660559
660560
660659
660660
660659
660660
660759
660760
660759
660760
660859
660860
660859
660860
660959
660960
660959
660960
661058
661059
661060
661058
661059
661060
661158
661159
661160
661158
661159
661160
661258
661259
661260
659460
659461
659560
659561
659560
659561
659660
659661
659660
659661
659760
659761
659760
659761
659860
659861
659860
659861
659960
659961
659960
659961
660060
660061
660060
660061
660160
660161
660160
660161
660260
660261
660260
660261
660360
660361
660460
660461
660460
660461
660560
660561
660560
660561
660660
660661
660660
660661
660760
660761
660760
660761
660860
660861
660860
660861
660960
660961
660960
660961
661060
661061
661060
661061
661160
661161
661160
661161
661260
661261
659461
659462
659561
659562
659561
659562
659661
659662
659661
659662
659761
659762
659761
659762
659861
659862
659861
659862
659961
659962
659961
659962
660061
660062
660061
660062
660161
660162
660161
660162
660261
660262
660261
660262
660361
660362
660461
660462
660461
660462
660561
660562
660561
660562
660661
660662
660661
660662
660761
660762
660761
660762
660861
660862
660861
660862
660961
660962
660961
660962
661061
661062
661061
661062
661161
661162
661161
661162
661261
661262
659462
659463
659562
659563
659562
659563
659662
659663
659662
659663
659762
659763
659762
659763
659862
659863
659862
659863
659962
659963
659962
659963
660062
660063
660062
660063
660162
660163
660162
660163
660262
660263
660262
660263
660362
660363
660462
660463
660462
660463
660562
660563
660562
660563
660662
660663
660662
660663
660762
660763
660762
660763
660862
660863
660862
660863
660962
660963
660962
660963
661062
661063
661062
661063
661162
661163
661162
661163
661262
661263
659463
659464
659465
659563
659564
659565
659563
659564
659565
659663
659664
659665
659663
659664
659665
659763
659764
659765
659763
659764
659765
659863
659864
659865
659863
659864
659865
659963
659964
659965
659963
659964
659965
660063
660064
660065
660063
660064
660065
660163
660164
660165
660163
660164
660165
660263
660264
660265
660263
660264
660265
660363
660364
660365
660463
660464
660465
660463
660464
660465
660563
660564
660565
660563
660564
660565
660663
660664
660665
660663
660664
660665
660763
660764
660765
660763
660764
660765
660863
660864
660865
660863
660864
660865
660963
660964
660965
660963
660964
660965
661063
661064
661065
661063
661064
661065
661163
661164
661165
661163
661164
661165
661263
661264
661265
659465
659466
659565
659566
659565
659566
659665
659666
659665
659666
659765
659766
659765
659766
659865
659866
659865
659866
659965
659966
659965
659966
660065
660066
660065
660066
660165
660166
660165
660166
660265
660266
660265
660266
660365
660366
660465
660466
660465
660466
660565
660566
660565
660566
660665
660666
660665
660666
660765
660766
660765
660766
660865
660866
660865
660866
660965
660966
660965
660966
661065
661066
661065
661066
661165
661166
661165
661166
661265
661266
659466
659467
659566
659567
659566
659567
659666
659667
659666
659667
659766
659767
659766
659767
659866
659867
659866
659867
659966
659967
659966
659967
660066
660067
660066
660067
660166
660167
660166
660167
660266
660267
660266
660267
660366
660367
660466
660467
660466
660467
660566
660567
660566
660567
660666
660667
660666
660667
660766
660767
660766
660767
660866
660867
660866
660867
660966
660967
660966
660967
661066
661067
661066
661067
661166
661167
661166
661167
661266
661267
659467
659468
659567
659568
659567
659568
659667
659668
659667
659668
659767
659768
659767
659768
659867
659868
659867
659868
659967
659968
659967
659968
660067
660068
660067
660068
660167
660168
660167
660168
660267
660268
660267
660268
660367
660368
660467
660468
660467
660468
660567
660568
660567
660568
660667
660668
660667
660668
660767
660768
660767
660768
660867
660868
660867
660868
660967
660968
660967
660968
661067
661068
661067
661068
661167
661168
661167
661168
661267
661268
659468
659469
659470
659568
659569
659570
659568
659569
659570
659668
659669
659670
659668
659669
659670
659768
659769
659770
659768
659769
659770
659868
659869
659870
659868
659869
659870
659968
659969
659970
659968
659969
659970
660068
660069
660070
660068
660069
660070
660168
660169
660170
660168
660169
660170
660268
660269
660270
660268
660269
660270
660368
660369
660370
660468
660469
660470
660468
660469
660470
660568
660569
660570
660568
660569
660570
660668
660669
660670
660668
660669
660670
660768
660769
660770
660768
660769
660770
660868
660869
660870
660868
660869
660870
660968
660969
660970
660968
660969
660970
661068
661069
661070
661068
661069
661070
661168
661169
661170
661168
661169
661170
661268
661269
661270
659470
659471
659570
659571
659570
659571
659670
659671
659670
659671
659770
659771
659770
659771
659870
659871
659870
659871
659970
659971
659970
659971
660070
660071
660070
660071
660170
660171
660170
660171
660270
660271
660270
660271
660370
660371
660470
660471
660470
660471
660570
660571
660570
660571
660670
660671
660670
660671
660770
660771
660770
660771
660870
660871
660870
660871
660970
660971
660970
660971
661070
661071
661070
661071
661170
661171
661170
661171
661270
661271
659471
659472
659571
659572
659571
659572
659671
659672
659671
659672
659771
659772
659771
659772
659871
659872
659871
659872
659971
659972
659971
659972
660071
660072
660071
660072
660171
660172
660171
660172
660271
660272
660271
660272
660371
660372
660471
660472
660471
660472
660571
660572
660571
660572
660671
660672
660671
660672
660771
660772
660771
660772
660871
660872
660871
660872
660971
660972
660971
660972
661071
661072
661071
661072
661171
661172
661171
661172
661271
661272
659472
659473
659572
659573
659572
659573
659672
659673
659672
659673
659772
659773
659772
659773
659872
659873
659872
659873
659972
659973
659972
659973
660072
660073
660072
660073
660172
660173
660172
660173
660272
660273
660272
660273
660372
660373
660472
660473
660472
660473
660572
660573
660572
660573
660672
660673
660672
660673
660772
660773
660772
660773
660872
660873
660872
660873
660972
660973
660972
660973
661072
661073
661072
661073
661172
661173
661172
661173
661272
661273
659473
659474
659475
659573
659574
659575
659573
659574
659575
659673
659674
659675
659673
659674
659675
659773
659774
659775
659773
659774
659775
659873
659874
659875
659873
659874
659875
659973
659974
659975
659973
659974
659975
660073
660074
660075
660073
660074
660075
660173
660174
660175
660173
660174
660175
660273
660274
660275
660273
660274
660275
660373
660374
660375
660473
660474
660475
660473
660474
660475
660573
660574
660575
660573
660574
660575
660673
660674
660675
660673
660674
660675
660773
660774
660775
660773
660774
660775
660873
660874
660875
660873
660874
660875
660973
660974
660975
660973
660974
660975
661073
661074
661075
661073
661074
661075
661173
661174
661175
661173
661174
661175
661273
661274
661275
659475
659476
659575
659576
659575
659576
659675
659676
659675
659676
659775
659776
659775
659776
659875
659876
659875
659876
659975
659976
659975
659976
660075
660076
660075
660076
660175
660176
660175
660176
660275
660276
660275
660276
660375
660376
660475
660476
660475
660476
660575
660576
660575
660576
660675
660676
660675
660676
660775
660776
660775
660776
660875
660876
660875
660876
660975
660976
660975
660976
661075
661076
661075
661076
661175
661176
661175
661176
661275
661276
659476
659477
659576
659577
659576
659577
659676
659677
659676
659677
659776
659777
659776
659777
659876
659877
659876
659877
659976
659977
659976
659977
660076
660077
660076
660077
660176
660177
660176
660177
660276
660277
660276
660277
660376
660377
660476
660477
660476
660477
660576
660577
660576
660577
660676
660677
660676
660677
660776
660777
660776
660777
660876
660877
660876
660877
660976
660977
660976
660977
661076
661077
661076
661077
661176
661177
661176
661177
661276
661277
659477
659478
659577
659578
659577
659578
659677
659678
659677
659678
659777
659778
659777
659778
659877
659878
659877
659878
659977
659978
659977
659978
660077
660078
660077
660078
660177
660178
660177
660178
660277
660278
660277
660278
660377
660378
660477
660478
660477
660478
660577
660578
660577
660578
660677
660678
660677
660678
660777
660778
660777
660778
660877
660878
660877
660878
660977
660978
660977
660978
661077
661078
661077
661078
661177
661178
661177
661178
661277
661278
659478
659479
659578
659579
661379
661479
659578
659579
659678
659679
661479
661579
659678
659679
659778
659779
661579
661679
659778
659779
659878
659879
661679
661779
659878
659879
659978
659979
661779
661879
659978
659979
660078
660079
661879
661979
660078
660079
660178
660179
661979
662079
660178
660179
660278
660279
662079
662179
660278
660279
660378
660379
660478
660479
660478
660479
660578
660579
660578
660579
660678
660679
660678
660679
660778
660779
660778
660779
660878
660879
660878
660879
660978
660979
660978
660979
661078
661079
661078
661079
661178
661179
661178
661179
661278
661279
)
;
    }
    nonConformalError_on_IN_TO_ROTOR
    {
        type            nonConformalPolyFaces;
        patchType       nonConformalError;
        size            0;
        value           nonuniform List<label> 0();
    }
    nonConformalError_on_ROTOR_TO_IN
    {
        type            nonConformalPolyFaces;
        patchType       nonConformalError;
        size            0;
        value           nonuniform List<label> 0();
    }
    nonConformalCyclic_on_OUT_TO_ROTOR
    {
        type            nonConformalPolyFaces;
        patchType       nonConformalCyclic;
        size            23076;
        value           nonuniform List<label> 
23076
(
646708
646708
646708
646708
646709
646709
646709
646709
646710
646710
646710
646710
646710
646710
646711
646711
646711
646711
646712
646712
646712
646712
646712
646712
646713
646713
646713
646713
646714
646714
646714
646714
646714
646714
646715
646715
646715
646715
646716
646716
646716
646716
646716
646716
646717
646717
646717
646717
646718
646718
646718
646718
646718
646718
646719
646719
646719
646719
646720
646720
646720
646720
646721
646721
646721
646721
646722
646722
646722
646722
646723
646723
646723
646723
646723
646723
646724
646724
646724
646724
646725
646725
646725
646725
646725
646725
646726
646726
646726
646726
646727
646727
646727
646727
646727
646727
646728
646728
646728
646728
646729
646729
646729
646729
646729
646729
646730
646730
646730
646730
646731
646731
646731
646731
646731
646731
646732
646732
646732
646732
646733
646733
646733
646733
646734
646734
646734
646734
646735
646735
646735
646735
646736
646736
646736
646736
646736
646736
646737
646737
646737
646737
646738
646738
646738
646738
646738
646738
646739
646739
646739
646739
646740
646740
646740
646740
646740
646740
646741
646741
646741
646741
646742
646742
646742
646742
646742
646742
646743
646743
646743
646743
646744
646744
646744
646744
646744
646744
646745
646745
646745
646745
646746
646746
646746
646746
646747
646747
646747
646747
646748
646748
646748
646748
646749
646749
646749
646749
646749
646749
646750
646750
646750
646750
646751
646751
646751
646751
646751
646751
646752
646752
646752
646752
646753
646753
646753
646753
646753
646753
646754
646754
646754
646754
646755
646755
646755
646755
646755
646755
646756
646756
646756
646756
646757
646757
646757
646757
646757
646757
646758
646758
646758
646758
646759
646759
646759
646759
646760
646760
646760
646760
646761
646761
646761
646761
646762
646762
646762
646762
646762
646762
646763
646763
646763
646763
646764
646764
646764
646764
646764
646764
646765
646765
646765
646765
646766
646766
646766
646766
646766
646766
646767
646767
646767
646767
646768
646768
646768
646768
646768
646768
646769
646769
646769
646769
646770
646770
646770
646770
646770
646770
646771
646771
646771
646771
646772
646772
646772
646772
646773
646773
646773
646773
646774
646774
646774
646774
646775
646775
646775
646775
646775
646775
646776
646776
646776
646776
646777
646777
646777
646777
646777
646777
646778
646778
646778
646778
646779
646779
646779
646779
646779
646779
646780
646780
646780
646780
646781
646781
646781
646781
646781
646781
646782
646782
646782
646782
646782
646783
646783
646783
646783
646783
646783
646783
646783
646783
646784
646784
646784
646784
646784
646784
646785
646785
646785
646785
646785
646785
646786
646786
646786
646786
646786
646786
646787
646787
646787
646787
646787
646787
646788
646788
646788
646788
646788
646788
646788
646788
646788
646789
646789
646789
646789
646789
646789
646790
646790
646790
646790
646790
646790
646790
646790
646790
646791
646791
646791
646791
646791
646791
646792
646792
646792
646792
646792
646792
646792
646792
646792
646793
646793
646793
646793
646793
646793
646794
646794
646794
646794
646794
646794
646794
646794
646794
646795
646795
646795
646795
646795
646795
646796
646796
646796
646796
646796
646796
646797
646797
646797
646797
646798
646798
646798
646798
646799
646799
646799
646799
646800
646800
646800
646800
646801
646801
646801
646801
646801
646801
646802
646802
646802
646802
646803
646803
646803
646803
646803
646803
646804
646804
646804
646804
646805
646805
646805
646805
646805
646805
646806
646806
646806
646806
646807
646807
646807
646807
646807
646807
646808
646808
646808
646808
646809
646809
646809
646809
646809
646809
646810
646810
646810
646810
646811
646811
646811
646811
646812
646812
646812
646812
646813
646813
646813
646813
646814
646814
646814
646814
646814
646814
646815
646815
646815
646815
646816
646816
646816
646816
646816
646816
646817
646817
646817
646817
646818
646818
646818
646818
646818
646818
646819
646819
646819
646819
646820
646820
646820
646820
646820
646820
646821
646821
646821
646821
646822
646822
646822
646822
646822
646822
646823
646823
646823
646823
646824
646824
646824
646824
646825
646825
646825
646825
646826
646826
646826
646826
646827
646827
646827
646827
646827
646827
646828
646828
646828
646828
646829
646829
646829
646829
646829
646829
646830
646830
646830
646830
646831
646831
646831
646831
646831
646831
646832
646832
646832
646832
646833
646833
646833
646833
646833
646833
646834
646834
646834
646834
646835
646835
646835
646835
646835
646835
646836
646836
646836
646836
646837
646837
646837
646837
646838
646838
646838
646838
646839
646839
646839
646839
646840
646840
646840
646840
646840
646840
646841
646841
646841
646841
646842
646842
646842
646842
646842
646842
646843
646843
646843
646843
646844
646844
646844
646844
646844
646844
646845
646845
646845
646845
646846
646846
646846
646846
646846
646846
646847
646847
646847
646847
646848
646848
646848
646848
646848
646848
646849
646849
646849
646849
646850
646850
646850
646850
646851
646851
646851
646851
646852
646852
646852
646852
646853
646853
646853
646853
646853
646853
646854
646854
646854
646854
646855
646855
646855
646855
646855
646855
646856
646856
646856
646856
646857
646857
646857
646857
646857
646857
646858
646858
646858
646858
646859
646859
646859
646859
646859
646859
646860
646860
646860
646860
646861
646861
646861
646861
646861
646861
646862
646862
646862
646862
646863
646863
646863
646863
646864
646864
646864
646864
646864
646864
646865
646865
646865
646865
646865
646865
646866
646866
646866
646866
646866
646866
646866
646866
646866
646867
646867
646867
646867
646867
646867
646868
646868
646868
646868
646868
646868
646868
646868
646868
646869
646869
646869
646869
646869
646869
646870
646870
646870
646870
646870
646870
646870
646870
646870
646871
646871
646871
646871
646871
646871
646872
646872
646872
646872
646872
646872
646872
646872
646872
646873
646873
646873
646873
646873
646873
646874
646874
646874
646874
646874
646874
646874
646874
646874
646875
646875
646875
646875
646875
646875
646876
646876
646876
646876
646876
646876
646877
646877
646877
646877
646878
646878
646878
646878
646879
646879
646879
646879
646879
646879
646880
646880
646880
646880
646881
646881
646881
646881
646881
646881
646882
646882
646882
646882
646883
646883
646883
646883
646883
646883
646884
646884
646884
646884
646885
646885
646885
646885
646885
646885
646886
646886
646886
646886
646887
646887
646887
646887
646887
646887
646888
646888
646888
646888
646889
646889
646889
646889
646890
646890
646890
646890
646891
646891
646891
646891
646892
646892
646892
646892
646892
646892
646893
646893
646893
646893
646894
646894
646894
646894
646894
646894
646895
646895
646895
646895
646896
646896
646896
646896
646896
646896
646897
646897
646897
646897
646898
646898
646898
646898
646898
646898
646899
646899
646899
646899
646900
646900
646900
646900
646900
646900
646901
646901
646901
646901
646902
646902
646902
646902
646903
646903
646903
646903
646904
646904
646904
646904
646905
646905
646905
646905
646905
646905
646906
646906
646906
646906
646907
646907
646907
646907
646907
646907
646908
646908
646908
646908
646909
646909
646909
646909
646909
646909
646910
646910
646910
646910
646911
646911
646911
646911
646911
646911
646912
646912
646912
646912
646913
646913
646913
646913
646913
646913
646914
646914
646914
646914
646915
646915
646915
646915
646916
646916
646916
646916
646917
646917
646917
646917
646918
646918
646918
646918
646918
646918
646919
646919
646919
646919
646920
646920
646920
646920
646920
646920
646921
646921
646921
646921
646922
646922
646922
646922
646922
646922
646923
646923
646923
646923
646924
646924
646924
646924
646924
646924
646925
646925
646925
646925
646926
646926
646926
646926
646926
646926
646927
646927
646927
646927
646928
646928
646928
646928
646929
646929
646929
646929
646930
646930
646930
646930
646931
646931
646931
646931
646931
646931
646932
646932
646932
646932
646933
646933
646933
646933
646933
646933
646934
646934
646934
646934
646935
646935
646935
646935
646935
646935
646936
646936
646936
646936
646937
646937
646937
646937
646937
646937
646938
646938
646938
646938
646939
646939
646939
646939
646939
646939
646940
646940
646940
646940
646941
646941
646941
646941
646942
646942
646942
646942
646942
646942
646943
646943
646943
646943
646943
646943
646944
646944
646944
646944
646944
646944
646944
646944
646944
646945
646945
646945
646945
646945
646945
646946
646946
646946
646946
646946
646946
646946
646946
646946
646947
646947
646947
646947
646947
646947
646948
646948
646948
646948
646948
646948
646948
646948
646948
646949
646949
646949
646949
646949
646949
646950
646950
646950
646950
646950
646950
646950
646950
646950
646951
646951
646951
646951
646951
646951
646952
646952
646952
646952
646952
646952
646952
646952
646952
646953
646953
646953
646953
646953
646953
646954
646954
646954
646954
646954
646954
646955
646955
646955
646955
646956
646956
646956
646956
646957
646957
646957
646957
646957
646957
646958
646958
646958
646958
646959
646959
646959
646959
646959
646959
646960
646960
646960
646960
646961
646961
646961
646961
646961
646961
646962
646962
646962
646962
646963
646963
646963
646963
646963
646963
646964
646964
646964
646964
646965
646965
646965
646965
646965
646965
646966
646966
646966
646966
646967
646967
646967
646967
646968
646968
646968
646968
646969
646969
646969
646969
646970
646970
646970
646970
646970
646970
646971
646971
646971
646971
646972
646972
646972
646972
646972
646972
646973
646973
646973
646973
646974
646974
646974
646974
646974
646974
646975
646975
646975
646975
646976
646976
646976
646976
646976
646976
646977
646977
646977
646977
646978
646978
646978
646978
646978
646978
646979
646979
646979
646979
646980
646980
646980
646980
646981
646981
646981
646981
646982
646982
646982
646982
646983
646983
646983
646983
646983
646983
646984
646984
646984
646984
646985
646985
646985
646985
646985
646985
646986
646986
646986
646986
646987
646987
646987
646987
646987
646987
646988
646988
646988
646988
646989
646989
646989
646989
646989
646989
646990
646990
646990
646990
646991
646991
646991
646991
646991
646991
646992
646992
646992
646992
646993
646993
646993
646993
646994
646994
646994
646994
646995
646995
646995
646995
646996
646996
646996
646996
646996
646996
646997
646997
646997
646997
646998
646998
646998
646998
646998
646998
646999
646999
646999
646999
647000
647000
647000
647000
647000
647000
647001
647001
647001
647001
647002
647002
647002
647002
647002
647002
647003
647003
647003
647003
647004
647004
647004
647004
647004
647004
647005
647005
647005
647005
647006
647006
647006
647006
647007
647007
647007
647007
647008
647008
647008
647008
647009
647009
647009
647009
647009
647009
647010
647010
647010
647010
647011
647011
647011
647011
647011
647011
647012
647012
647012
647012
647013
647013
647013
647013
647013
647013
647014
647014
647014
647014
647015
647015
647015
647015
647015
647015
647016
647016
647016
647016
647017
647017
647017
647017
647017
647017
647018
647018
647018
647018
647019
647019
647019
647019
647020
647020
647020
647020
647020
647020
647021
647021
647021
647021
647021
647021
647022
647022
647022
647022
647022
647022
647022
647022
647022
647023
647023
647023
647023
647023
647023
647024
647024
647024
647024
647024
647024
647024
647024
647024
647025
647025
647025
647025
647025
647025
647026
647026
647026
647026
647026
647026
647026
647026
647026
647027
647027
647027
647027
647027
647027
647028
647028
647028
647028
647028
647028
647028
647028
647028
647029
647029
647029
647029
647029
647029
647030
647030
647030
647030
647030
647030
647030
647030
647030
647031
647031
647031
647031
647031
647031
647032
647032
647032
647032
647032
647032
647033
647033
647033
647033
647034
647034
647034
647034
647035
647035
647035
647035
647035
647035
647036
647036
647036
647036
647037
647037
647037
647037
647037
647037
647038
647038
647038
647038
647039
647039
647039
647039
647039
647039
647040
647040
647040
647040
647041
647041
647041
647041
647041
647041
647042
647042
647042
647042
647043
647043
647043
647043
647043
647043
647044
647044
647044
647044
647045
647045
647045
647045
647046
647046
647046
647046
647047
647047
647047
647047
647048
647048
647048
647048
647048
647048
647049
647049
647049
647049
647050
647050
647050
647050
647050
647050
647051
647051
647051
647051
647052
647052
647052
647052
647052
647052
647053
647053
647053
647053
647054
647054
647054
647054
647054
647054
647055
647055
647055
647055
647056
647056
647056
647056
647056
647056
647057
647057
647057
647057
647058
647058
647058
647058
647059
647059
647059
647059
647060
647060
647060
647060
647061
647061
647061
647061
647061
647061
647062
647062
647062
647062
647063
647063
647063
647063
647063
647063
647064
647064
647064
647064
647065
647065
647065
647065
647065
647065
647066
647066
647066
647066
647067
647067
647067
647067
647067
647067
647068
647068
647068
647068
647069
647069
647069
647069
647069
647069
647070
647070
647070
647070
647071
647071
647071
647071
647072
647072
647072
647072
647073
647073
647073
647073
647074
647074
647074
647074
647074
647074
647075
647075
647075
647075
647076
647076
647076
647076
647076
647076
647077
647077
647077
647077
647078
647078
647078
647078
647078
647078
647079
647079
647079
647079
647080
647080
647080
647080
647080
647080
647081
647081
647081
647081
647082
647082
647082
647082
647082
647082
647083
647083
647083
647083
647084
647084
647084
647084
647085
647085
647085
647085
647086
647086
647086
647086
647087
647087
647087
647087
647087
647087
647088
647088
647088
647088
647089
647089
647089
647089
647089
647089
647090
647090
647090
647090
647091
647091
647091
647091
647091
647091
647092
647092
647092
647092
647093
647093
647093
647093
647093
647093
647094
647094
647094
647094
647095
647095
647095
647095
647095
647095
647096
647096
647096
647096
647097
647097
647097
647097
647098
647098
647098
647098
647098
647098
647099
647099
647099
647099
647099
647099
647100
647100
647100
647100
647100
647100
647100
647100
647100
647101
647101
647101
647101
647101
647101
647102
647102
647102
647102
647102
647102
647102
647102
647102
647103
647103
647103
647103
647103
647103
647104
647104
647104
647104
647104
647104
647104
647104
647104
647105
647105
647105
647105
647105
647105
647106
647106
647106
647106
647106
647106
647106
647106
647106
647107
647107
647107
647107
647107
647107
647108
647108
647108
647108
647108
647108
647108
647108
647108
647109
647109
647109
647109
647109
647109
647110
647110
647110
647110
647110
647110
647111
647111
647111
647111
647112
647112
647112
647112
647113
647113
647113
647113
647113
647113
647114
647114
647114
647114
647115
647115
647115
647115
647115
647115
647116
647116
647116
647116
647117
647117
647117
647117
647117
647117
647118
647118
647118
647118
647119
647119
647119
647119
647119
647119
647120
647120
647120
647120
647121
647121
647121
647121
647121
647121
647122
647122
647122
647122
647123
647123
647123
647123
647124
647124
647124
647124
647125
647125
647125
647125
647126
647126
647126
647126
647126
647126
647127
647127
647127
647127
647128
647128
647128
647128
647128
647128
647129
647129
647129
647129
647130
647130
647130
647130
647130
647130
647131
647131
647131
647131
647132
647132
647132
647132
647132
647132
647133
647133
647133
647133
647134
647134
647134
647134
647134
647134
647135
647135
647135
647135
647136
647136
647136
647136
647137
647137
647137
647137
647138
647138
647138
647138
647139
647139
647139
647139
647139
647139
647140
647140
647140
647140
647141
647141
647141
647141
647141
647141
647142
647142
647142
647142
647143
647143
647143
647143
647143
647143
647144
647144
647144
647144
647145
647145
647145
647145
647145
647145
647146
647146
647146
647146
647147
647147
647147
647147
647147
647147
647148
647148
647148
647148
647149
647149
647149
647149
647150
647150
647150
647150
647151
647151
647151
647151
647152
647152
647152
647152
647152
647152
647153
647153
647153
647153
647154
647154
647154
647154
647154
647154
647155
647155
647155
647155
647156
647156
647156
647156
647156
647156
647157
647157
647157
647157
647158
647158
647158
647158
647158
647158
647159
647159
647159
647159
647160
647160
647160
647160
647160
647160
647161
647161
647161
647161
647162
647162
647162
647162
647163
647163
647163
647163
647164
647164
647164
647164
647165
647165
647165
647165
647165
647165
647166
647166
647166
647166
647167
647167
647167
647167
647167
647167
647168
647168
647168
647168
647169
647169
647169
647169
647169
647169
647170
647170
647170
647170
647171
647171
647171
647171
647171
647171
647172
647172
647172
647172
647173
647173
647173
647173
647173
647173
647174
647174
647174
647174
647175
647175
647175
647175
647176
647176
647176
647176
647176
647176
647177
647177
647177
647177
647177
647177
647178
647178
647178
647178
647178
647178
647178
647178
647178
647179
647179
647179
647179
647179
647179
647180
647180
647180
647180
647180
647180
647180
647180
647180
647181
647181
647181
647181
647181
647181
647182
647182
647182
647182
647182
647182
647182
647182
647182
647183
647183
647183
647183
647183
647183
647184
647184
647184
647184
647184
647184
647184
647184
647184
647185
647185
647185
647185
647185
647185
647186
647186
647186
647186
647186
647186
647186
647186
647186
647187
647187
647187
647187
647187
647187
647188
647188
647188
647188
647188
647188
647189
647189
647189
647189
647190
647190
647190
647190
647191
647191
647191
647191
647191
647191
647192
647192
647192
647192
647193
647193
647193
647193
647193
647193
647194
647194
647194
647194
647195
647195
647195
647195
647195
647195
647196
647196
647196
647196
647197
647197
647197
647197
647197
647197
647198
647198
647198
647198
647199
647199
647199
647199
647199
647199
647200
647200
647200
647200
647201
647201
647201
647201
647202
647202
647202
647202
647203
647203
647203
647203
647204
647204
647204
647204
647204
647204
647205
647205
647205
647205
647206
647206
647206
647206
647206
647206
647207
647207
647207
647207
647208
647208
647208
647208
647208
647208
647209
647209
647209
647209
647210
647210
647210
647210
647210
647210
647211
647211
647211
647211
647212
647212
647212
647212
647212
647212
647213
647213
647213
647213
647214
647214
647214
647214
647215
647215
647215
647215
647216
647216
647216
647216
647217
647217
647217
647217
647217
647217
647218
647218
647218
647218
647219
647219
647219
647219
647219
647219
647220
647220
647220
647220
647221
647221
647221
647221
647221
647221
647222
647222
647222
647222
647223
647223
647223
647223
647223
647223
647224
647224
647224
647224
647225
647225
647225
647225
647225
647225
647226
647226
647226
647226
647227
647227
647227
647227
647228
647228
647228
647228
647229
647229
647229
647229
647230
647230
647230
647230
647230
647230
647231
647231
647231
647231
647232
647232
647232
647232
647232
647232
647233
647233
647233
647233
647234
647234
647234
647234
647234
647234
647235
647235
647235
647235
647236
647236
647236
647236
647236
647236
647237
647237
647237
647237
647238
647238
647238
647238
647238
647238
647239
647239
647239
647239
647240
647240
647240
647240
647241
647241
647241
647241
647242
647242
647242
647242
647243
647243
647243
647243
647243
647243
647244
647244
647244
647244
647245
647245
647245
647245
647245
647245
647246
647246
647246
647246
647247
647247
647247
647247
647247
647247
647248
647248
647248
647248
647249
647249
647249
647249
647249
647249
647250
647250
647250
647250
647251
647251
647251
647251
647251
647251
647252
647252
647252
647252
647253
647253
647253
647253
647254
647254
647254
647254
647254
647254
647255
647255
647255
647255
647255
647255
647256
647256
647256
647256
647256
647256
647256
647256
647256
647257
647257
647257
647257
647257
647257
647258
647258
647258
647258
647258
647258
647258
647258
647258
647259
647259
647259
647259
647259
647259
647260
647260
647260
647260
647260
647260
647260
647260
647260
647261
647261
647261
647261
647261
647261
647262
647262
647262
647262
647262
647262
647262
647262
647262
647263
647263
647263
647263
647263
647263
647264
647264
647264
647264
647264
647264
647264
647264
647264
647265
647265
647265
647265
647265
647265
647266
647266
647266
647266
647266
647266
647267
647267
647267
647267
647267
647268
647268
647268
647268
647269
647269
647269
647269
647269
647269
647270
647270
647270
647270
647271
647271
647271
647271
647271
647271
647272
647272
647272
647272
647273
647273
647273
647273
647273
647273
647274
647274
647274
647274
647275
647275
647275
647275
647275
647275
647276
647276
647276
647276
647277
647277
647277
647277
647277
647277
647278
647278
647278
647278
647279
647279
647279
647279
647280
647280
647280
647280
647281
647281
647281
647281
647282
647282
647282
647282
647282
647282
647283
647283
647283
647283
647284
647284
647284
647284
647284
647284
647285
647285
647285
647285
647286
647286
647286
647286
647286
647286
647287
647287
647287
647287
647288
647288
647288
647288
647288
647288
647289
647289
647289
647289
647290
647290
647290
647290
647290
647290
647291
647291
647291
647291
647292
647292
647292
647292
647293
647293
647293
647293
647294
647294
647294
647294
647295
647295
647295
647295
647295
647295
647296
647296
647296
647296
647297
647297
647297
647297
647297
647297
647298
647298
647298
647298
647299
647299
647299
647299
647299
647299
647300
647300
647300
647300
647301
647301
647301
647301
647301
647301
647302
647302
647302
647302
647303
647303
647303
647303
647303
647303
647304
647304
647304
647304
647305
647305
647305
647305
647306
647306
647306
647306
647307
647307
647307
647307
647308
647308
647308
647308
647308
647308
647309
647309
647309
647309
647310
647310
647310
647310
647310
647310
647311
647311
647311
647311
647312
647312
647312
647312
647312
647312
647313
647313
647313
647313
647314
647314
647314
647314
647314
647314
647315
647315
647315
647315
647316
647316
647316
647316
647316
647316
647317
647317
647317
647317
647318
647318
647318
647318
647319
647319
647319
647319
647320
647320
647320
647320
647321
647321
647321
647321
647321
647321
647322
647322
647322
647322
647323
647323
647323
647323
647323
647323
647324
647324
647324
647324
647325
647325
647325
647325
647325
647325
647326
647326
647326
647326
647327
647327
647327
647327
647327
647327
647328
647328
647328
647328
647329
647329
647329
647329
647329
647329
647330
647330
647330
647330
647331
647331
647331
647331
647332
647332
647332
647332
647333
647333
647333
647333
647334
647334
647334
647334
647334
647334
647335
647335
647335
647335
647336
647336
647336
647336
647336
647336
647337
647337
647337
647337
647338
647338
647338
647338
647338
647338
647339
647339
647339
647339
647340
647340
647340
647340
647340
647340
647341
647341
647341
647341
647341
647342
647342
647342
647342
647342
647342
647342
647342
647342
647343
647343
647343
647343
647343
647343
647344
647344
647344
647344
647344
647344
647345
647345
647345
647345
647345
647345
647346
647346
647346
647346
647346
647346
647347
647347
647347
647347
647347
647347
647347
647347
647347
647348
647348
647348
647348
647348
647348
647349
647349
647349
647349
647349
647349
647349
647349
647349
647350
647350
647350
647350
647350
647350
647351
647351
647351
647351
647351
647351
647351
647351
647351
647352
647352
647352
647352
647352
647352
647353
647353
647353
647353
647353
647353
647353
647353
647353
647354
647354
647354
647354
647354
647354
647355
647355
647355
647355
647355
647355
647356
647356
647356
647356
647357
647357
647357
647357
647358
647358
647358
647358
647359
647359
647359
647359
647360
647360
647360
647360
647360
647360
647361
647361
647361
647361
647362
647362
647362
647362
647362
647362
647363
647363
647363
647363
647364
647364
647364
647364
647364
647364
647365
647365
647365
647365
647366
647366
647366
647366
647366
647366
647367
647367
647367
647367
647368
647368
647368
647368
647368
647368
647369
647369
647369
647369
647370
647370
647370
647370
647371
647371
647371
647371
647372
647372
647372
647372
647373
647373
647373
647373
647373
647373
647374
647374
647374
647374
647375
647375
647375
647375
647375
647375
647376
647376
647376
647376
647377
647377
647377
647377
647377
647377
647378
647378
647378
647378
647379
647379
647379
647379
647379
647379
647380
647380
647380
647380
647381
647381
647381
647381
647381
647381
647382
647382
647382
647382
647383
647383
647383
647383
647384
647384
647384
647384
647385
647385
647385
647385
647386
647386
647386
647386
647386
647386
647387
647387
647387
647387
647388
647388
647388
647388
647388
647388
647389
647389
647389
647389
647390
647390
647390
647390
647390
647390
647391
647391
647391
647391
647392
647392
647392
647392
647392
647392
647393
647393
647393
647393
647394
647394
647394
647394
647394
647394
647395
647395
647395
647395
647396
647396
647396
647396
647397
647397
647397
647397
647398
647398
647398
647398
647399
647399
647399
647399
647399
647399
647400
647400
647400
647400
647401
647401
647401
647401
647401
647401
647402
647402
647402
647402
647403
647403
647403
647403
647403
647403
647404
647404
647404
647404
647405
647405
647405
647405
647405
647405
647406
647406
647406
647406
647407
647407
647407
647407
647407
647407
647408
647408
647408
647408
647409
647409
647409
647409
647410
647410
647410
647410
647411
647411
647411
647411
647412
647412
647412
647412
647412
647412
647413
647413
647413
647413
647414
647414
647414
647414
647414
647414
647415
647415
647415
647415
647416
647416
647416
647416
647416
647416
647417
647417
647417
647417
647418
647418
647418
647418
647418
647418
647419
647419
647419
647419
647420
647420
647420
647420
647420
647420
647421
647421
647421
647421
647422
647422
647422
647422
647423
647423
647423
647423
647423
647423
647424
647424
647424
647424
647424
647424
647425
647425
647425
647425
647425
647425
647425
647425
647425
647426
647426
647426
647426
647426
647426
647427
647427
647427
647427
647427
647427
647427
647427
647427
647428
647428
647428
647428
647428
647428
647429
647429
647429
647429
647429
647429
647429
647429
647429
647430
647430
647430
647430
647430
647430
647431
647431
647431
647431
647431
647431
647431
647431
647431
647432
647432
647432
647432
647432
647432
647433
647433
647433
647433
647433
647433
647433
647433
647433
647434
647434
647434
647434
647434
647434
647435
647435
647435
647435
647435
647435
647436
647436
647436
647436
647437
647437
647437
647437
647438
647438
647438
647438
647438
647438
647439
647439
647439
647439
647440
647440
647440
647440
647440
647440
647441
647441
647441
647441
647442
647442
647442
647442
647442
647442
647443
647443
647443
647443
647444
647444
647444
647444
647444
647444
647445
647445
647445
647445
647446
647446
647446
647446
647446
647446
647447
647447
647447
647447
647448
647448
647448
647448
647449
647449
647449
647449
647450
647450
647450
647450
647451
647451
647451
647451
647451
647451
647452
647452
647452
647452
647453
647453
647453
647453
647453
647453
647454
647454
647454
647454
647455
647455
647455
647455
647455
647455
647456
647456
647456
647456
647457
647457
647457
647457
647457
647457
647458
647458
647458
647458
647459
647459
647459
647459
647459
647459
647460
647460
647460
647460
647461
647461
647461
647461
647462
647462
647462
647462
647463
647463
647463
647463
647464
647464
647464
647464
647464
647464
647465
647465
647465
647465
647466
647466
647466
647466
647466
647466
647467
647467
647467
647467
647468
647468
647468
647468
647468
647468
647469
647469
647469
647469
647470
647470
647470
647470
647470
647470
647471
647471
647471
647471
647472
647472
647472
647472
647472
647472
647473
647473
647473
647473
647474
647474
647474
647474
647475
647475
647475
647475
647476
647476
647476
647476
647477
647477
647477
647477
647477
647477
647478
647478
647478
647478
647479
647479
647479
647479
647479
647479
647480
647480
647480
647480
647481
647481
647481
647481
647481
647481
647482
647482
647482
647482
647483
647483
647483
647483
647483
647483
647484
647484
647484
647484
647485
647485
647485
647485
647485
647485
647486
647486
647486
647486
647487
647487
647487
647487
647488
647488
647488
647488
647489
647489
647489
647489
647490
647490
647490
647490
647490
647490
647491
647491
647491
647491
647492
647492
647492
647492
647492
647492
647493
647493
647493
647493
647494
647494
647494
647494
647494
647494
647495
647495
647495
647495
647496
647496
647496
647496
647496
647496
647497
647497
647497
647497
647498
647498
647498
647498
647498
647498
647499
647499
647499
647499
647500
647500
647500
647500
647501
647501
647501
647501
647501
647501
647502
647502
647502
647502
647502
647502
647503
647503
647503
647503
647503
647503
647503
647503
647503
647504
647504
647504
647504
647504
647504
647505
647505
647505
647505
647505
647505
647505
647505
647505
647506
647506
647506
647506
647506
647506
647507
647507
647507
647507
647507
647507
647507
647507
647507
647508
647508
647508
647508
647508
647508
647509
647509
647509
647509
647509
647509
647509
647509
647509
647510
647510
647510
647510
647510
647510
647511
647511
647511
647511
647511
647511
647511
647511
647511
647512
647512
647512
647512
647512
647512
647513
647513
647513
647513
647513
647513
647514
647514
647514
647514
647515
647515
647515
647515
647516
647516
647516
647516
647516
647516
647517
647517
647517
647517
647518
647518
647518
647518
647518
647518
647519
647519
647519
647519
647520
647520
647520
647520
647520
647520
647521
647521
647521
647521
647522
647522
647522
647522
647522
647522
647523
647523
647523
647523
647524
647524
647524
647524
647524
647524
647525
647525
647525
647525
647526
647526
647526
647526
647527
647527
647527
647527
647528
647528
647528
647528
647529
647529
647529
647529
647529
647529
647530
647530
647530
647530
647531
647531
647531
647531
647531
647531
647532
647532
647532
647532
647533
647533
647533
647533
647533
647533
647534
647534
647534
647534
647535
647535
647535
647535
647535
647535
647536
647536
647536
647536
647537
647537
647537
647537
647537
647537
647538
647538
647538
647538
647539
647539
647539
647539
647540
647540
647540
647540
647541
647541
647541
647541
647542
647542
647542
647542
647542
647542
647543
647543
647543
647543
647544
647544
647544
647544
647544
647544
647545
647545
647545
647545
647546
647546
647546
647546
647546
647546
647547
647547
647547
647547
647548
647548
647548
647548
647548
647548
647549
647549
647549
647549
647550
647550
647550
647550
647550
647550
647551
647551
647551
647551
647552
647552
647552
647552
647553
647553
647553
647553
647554
647554
647554
647554
647555
647555
647555
647555
647555
647555
647556
647556
647556
647556
647557
647557
647557
647557
647557
647557
647558
647558
647558
647558
647559
647559
647559
647559
647559
647559
647560
647560
647560
647560
647561
647561
647561
647561
647561
647561
647562
647562
647562
647562
647563
647563
647563
647563
647563
647563
647564
647564
647564
647564
647565
647565
647565
647565
647566
647566
647566
647566
647567
647567
647567
647567
647568
647568
647568
647568
647568
647568
647569
647569
647569
647569
647570
647570
647570
647570
647570
647570
647571
647571
647571
647571
647572
647572
647572
647572
647572
647572
647573
647573
647573
647573
647574
647574
647574
647574
647574
647574
647575
647575
647575
647575
647576
647576
647576
647576
647576
647576
647577
647577
647577
647577
647578
647578
647578
647578
647579
647579
647579
647579
647579
647579
647580
647580
647580
647580
647580
647580
647581
647581
647581
647581
647581
647581
647581
647581
647581
647582
647582
647582
647582
647582
647582
647583
647583
647583
647583
647583
647583
647583
647583
647583
647584
647584
647584
647584
647584
647584
647585
647585
647585
647585
647585
647585
647585
647585
647585
647586
647586
647586
647586
647586
647586
647587
647587
647587
647587
647587
647587
647587
647587
647587
647588
647588
647588
647588
647588
647588
647589
647589
647589
647589
647589
647589
647589
647589
647589
647590
647590
647590
647590
647590
647590
647591
647591
647591
647591
647591
647591
647592
647592
647592
647592
647593
647593
647593
647593
647594
647594
647594
647594
647594
647594
647595
647595
647595
647595
647596
647596
647596
647596
647596
647596
647597
647597
647597
647597
647598
647598
647598
647598
647598
647598
647599
647599
647599
647599
647600
647600
647600
647600
647600
647600
647601
647601
647601
647601
647602
647602
647602
647602
647602
647602
647603
647603
647603
647603
647604
647604
647604
647604
647605
647605
647605
647605
647606
647606
647606
647606
647607
647607
647607
647607
647607
647607
647608
647608
647608
647608
647609
647609
647609
647609
647609
647609
647610
647610
647610
647610
647611
647611
647611
647611
647611
647611
647612
647612
647612
647612
647613
647613
647613
647613
647613
647613
647614
647614
647614
647614
647615
647615
647615
647615
647615
647615
647616
647616
647616
647616
647617
647617
647617
647617
647618
647618
647618
647618
647619
647619
647619
647619
647620
647620
647620
647620
647620
647620
647621
647621
647621
647621
647622
647622
647622
647622
647622
647622
647623
647623
647623
647623
647624
647624
647624
647624
647624
647624
647625
647625
647625
647625
647626
647626
647626
647626
647626
647626
647627
647627
647627
647627
647628
647628
647628
647628
647628
647628
647629
647629
647629
647629
647630
647630
647630
647630
647631
647631
647631
647631
647632
647632
647632
647632
647633
647633
647633
647633
647633
647633
647634
647634
647634
647634
647635
647635
647635
647635
647635
647635
647636
647636
647636
647636
647637
647637
647637
647637
647637
647637
647638
647638
647638
647638
647639
647639
647639
647639
647639
647639
647640
647640
647640
647640
647641
647641
647641
647641
647641
647641
647642
647642
647642
647642
647643
647643
647643
647643
647644
647644
647644
647644
647645
647645
647645
647645
647646
647646
647646
647646
647646
647646
647647
647647
647647
647647
647648
647648
647648
647648
647648
647648
647649
647649
647649
647649
647650
647650
647650
647650
647650
647650
647651
647651
647651
647651
647652
647652
647652
647652
647652
647652
647653
647653
647653
647653
647654
647654
647654
647654
647654
647654
647655
647655
647655
647655
647656
647656
647656
647656
647657
647657
647657
647657
647657
647657
647658
647658
647658
647658
647658
647658
647659
647659
647659
647659
647659
647659
647659
647659
647659
647660
647660
647660
647660
647660
647660
647661
647661
647661
647661
647661
647661
647661
647661
647661
647662
647662
647662
647662
647662
647662
647663
647663
647663
647663
647663
647663
647663
647663
647663
647664
647664
647664
647664
647664
647664
647665
647665
647665
647665
647665
647665
647665
647665
647665
647666
647666
647666
647666
647666
647666
647667
647667
647667
647667
647667
647667
647667
647667
647667
647668
647668
647668
647668
647668
647668
647669
647669
647669
647669
647669
647669
647670
647670
647670
647670
647671
647671
647671
647671
647672
647672
647672
647672
647672
647672
647673
647673
647673
647673
647674
647674
647674
647674
647674
647674
647675
647675
647675
647675
647676
647676
647676
647676
647676
647676
647677
647677
647677
647677
647678
647678
647678
647678
647678
647678
647679
647679
647679
647679
647680
647680
647680
647680
647680
647680
647681
647681
647681
647681
647682
647682
647682
647682
647683
647683
647683
647683
647684
647684
647684
647684
647685
647685
647685
647685
647685
647685
647686
647686
647686
647686
647687
647687
647687
647687
647687
647687
647688
647688
647688
647688
647689
647689
647689
647689
647689
647689
647690
647690
647690
647690
647691
647691
647691
647691
647691
647691
647692
647692
647692
647692
647693
647693
647693
647693
647693
647693
647694
647694
647694
647694
647695
647695
647695
647695
647696
647696
647696
647696
647697
647697
647697
647697
647698
647698
647698
647698
647698
647698
647699
647699
647699
647699
647700
647700
647700
647700
647700
647700
647701
647701
647701
647701
647702
647702
647702
647702
647702
647702
647703
647703
647703
647703
647704
647704
647704
647704
647704
647704
647705
647705
647705
647705
647706
647706
647706
647706
647706
647706
647707
647707
647707
647707
647708
647708
647708
647708
647709
647709
647709
647709
647710
647710
647710
647710
647711
647711
647711
647711
647711
647711
647712
647712
647712
647712
647713
647713
647713
647713
647713
647713
647714
647714
647714
647714
647715
647715
647715
647715
647715
647715
647716
647716
647716
647716
647717
647717
647717
647717
647717
647717
647718
647718
647718
647718
647719
647719
647719
647719
647719
647719
647720
647720
647720
647720
647721
647721
647721
647721
647722
647722
647722
647722
647723
647723
647723
647723
647724
647724
647724
647724
647724
647724
647725
647725
647725
647725
647726
647726
647726
647726
647726
647726
647727
647727
647727
647727
647728
647728
647728
647728
647728
647728
647729
647729
647729
647729
647730
647730
647730
647730
647730
647730
647731
647731
647731
647731
647732
647732
647732
647732
647732
647732
647733
647733
647733
647733
647734
647734
647734
647734
647735
647735
647735
647735
647735
647735
647736
647736
647736
647736
647736
647736
647737
647737
647737
647737
647737
647737
647737
647737
647737
647738
647738
647738
647738
647738
647738
647739
647739
647739
647739
647739
647739
647739
647739
647739
647740
647740
647740
647740
647740
647740
647741
647741
647741
647741
647741
647741
647741
647741
647741
647742
647742
647742
647742
647742
647742
647743
647743
647743
647743
647743
647743
647743
647743
647743
647744
647744
647744
647744
647744
647744
647745
647745
647745
647745
647745
647745
647745
647745
647745
647746
647746
647746
647746
647746
647746
647747
647747
647747
647747
647747
647747
647748
647748
647748
647748
647749
647749
647749
647749
647750
647750
647750
647750
647750
647750
647751
647751
647751
647751
647752
647752
647752
647752
647752
647752
647753
647753
647753
647753
647754
647754
647754
647754
647754
647754
647755
647755
647755
647755
647756
647756
647756
647756
647756
647756
647757
647757
647757
647757
647758
647758
647758
647758
647758
647758
647759
647759
647759
647759
647760
647760
647760
647760
647761
647761
647761
647761
647762
647762
647762
647762
647763
647763
647763
647763
647763
647763
647764
647764
647764
647764
647765
647765
647765
647765
647765
647765
647766
647766
647766
647766
647767
647767
647767
647767
647767
647767
647768
647768
647768
647768
647769
647769
647769
647769
647769
647769
647770
647770
647770
647770
647771
647771
647771
647771
647771
647771
647772
647772
647772
647772
647773
647773
647773
647773
647774
647774
647774
647774
647775
647775
647775
647775
647776
647776
647776
647776
647776
647776
647777
647777
647777
647777
647778
647778
647778
647778
647778
647778
647779
647779
647779
647779
647780
647780
647780
647780
647780
647780
647781
647781
647781
647781
647782
647782
647782
647782
647782
647782
647783
647783
647783
647783
647784
647784
647784
647784
647784
647784
647785
647785
647785
647785
647786
647786
647786
647786
647787
647787
647787
647787
647788
647788
647788
647788
647789
647789
647789
647789
647789
647789
647790
647790
647790
647790
647791
647791
647791
647791
647791
647791
647792
647792
647792
647792
647793
647793
647793
647793
647793
647793
647794
647794
647794
647794
647795
647795
647795
647795
647795
647795
647796
647796
647796
647796
647797
647797
647797
647797
647797
647797
647798
647798
647798
647798
647799
647799
647799
647799
647800
647800
647800
647800
647801
647801
647801
647801
647802
647802
647802
647802
647802
647802
647803
647803
647803
647803
647804
647804
647804
647804
647804
647804
647805
647805
647805
647805
647806
647806
647806
647806
647806
647806
647807
647807
647807
647807
647808
647808
647808
647808
647808
647808
647809
647809
647809
647809
647810
647810
647810
647810
647810
647810
647811
647811
647811
647811
647812
647812
647812
647812
647813
647813
647813
647813
647813
647813
647814
647814
647814
647814
647814
647814
647815
647815
647815
647815
647815
647815
647815
647815
647815
647816
647816
647816
647816
647816
647816
647817
647817
647817
647817
647817
647817
647817
647817
647817
647818
647818
647818
647818
647818
647818
647819
647819
647819
647819
647819
647819
647819
647819
647819
647820
647820
647820
647820
647820
647820
647821
647821
647821
647821
647821
647821
647821
647821
647821
647822
647822
647822
647822
647822
647822
647823
647823
647823
647823
647823
647823
647823
647823
647823
647824
647824
647824
647824
647824
647824
647825
647825
647825
647825
647825
647825
647826
647826
647826
647826
647826
647826
647827
647827
647827
647827
647827
647827
647828
647828
647828
647828
647828
647828
647828
647828
647828
647829
647829
647829
647829
647829
647829
647830
647830
647830
647830
647830
647830
647830
647830
647830
647831
647831
647831
647831
647831
647831
647832
647832
647832
647832
647832
647832
647832
647832
647832
647833
647833
647833
647833
647833
647833
647834
647834
647834
647834
647834
647834
647834
647834
647834
647835
647835
647835
647835
647835
647835
647836
647836
647836
647836
647836
647836
647836
647836
647836
647837
647837
647837
647837
647837
647837
647838
647838
647838
647838
647838
647838
647839
647839
647839
647839
647840
647840
647840
647840
647841
647841
647841
647841
647841
647841
647842
647842
647842
647842
647843
647843
647843
647843
647843
647843
647844
647844
647844
647844
647845
647845
647845
647845
647845
647845
647846
647846
647846
647846
647847
647847
647847
647847
647847
647847
647848
647848
647848
647848
647849
647849
647849
647849
647849
647849
647850
647850
647850
647850
647851
647851
647851
647851
647852
647852
647852
647852
647853
647853
647853
647853
647854
647854
647854
647854
647854
647854
647855
647855
647855
647855
647856
647856
647856
647856
647856
647856
647857
647857
647857
647857
647858
647858
647858
647858
647858
647858
647859
647859
647859
647859
647860
647860
647860
647860
647860
647860
647861
647861
647861
647861
647862
647862
647862
647862
647862
647862
647863
647863
647863
647863
647864
647864
647864
647864
647865
647865
647865
647865
647866
647866
647866
647866
647867
647867
647867
647867
647867
647867
647868
647868
647868
647868
647869
647869
647869
647869
647869
647869
647870
647870
647870
647870
647871
647871
647871
647871
647871
647871
647872
647872
647872
647872
647873
647873
647873
647873
647873
647873
647874
647874
647874
647874
647875
647875
647875
647875
647875
647875
647876
647876
647876
647876
647877
647877
647877
647877
647878
647878
647878
647878
647879
647879
647879
647879
647880
647880
647880
647880
647880
647880
647881
647881
647881
647881
647882
647882
647882
647882
647882
647882
647883
647883
647883
647883
647884
647884
647884
647884
647884
647884
647885
647885
647885
647885
647886
647886
647886
647886
647886
647886
647887
647887
647887
647887
647888
647888
647888
647888
647888
647888
647889
647889
647889
647889
647890
647890
647890
647890
647891
647891
647891
647891
647892
647892
647892
647892
647893
647893
647893
647893
647893
647893
647894
647894
647894
647894
647895
647895
647895
647895
647895
647895
647896
647896
647896
647896
647897
647897
647897
647897
647897
647897
647898
647898
647898
647898
647899
647899
647899
647899
647899
647899
647900
647900
647900
647900
647901
647901
647901
647901
647901
647901
647902
647902
647902
647902
647903
647903
647903
647903
647904
647904
647904
647904
647904
647904
647905
647905
647905
647905
647905
647905
647906
647906
647906
647906
647906
647906
647906
647906
647906
647907
647907
647907
647907
647907
647907
647908
647908
647908
647908
647908
647908
647908
647908
647908
647909
647909
647909
647909
647909
647909
647910
647910
647910
647910
647910
647910
647910
647910
647910
647911
647911
647911
647911
647911
647911
647912
647912
647912
647912
647912
647912
647912
647912
647912
647913
647913
647913
647913
647913
647913
647914
647914
647914
647914
647914
647914
647914
647914
647914
647915
647915
647915
647915
647915
647915
647916
647916
647916
647916
647916
647916
647917
647917
647917
647917
647918
647918
647918
647918
647919
647919
647919
647919
647919
647919
647920
647920
647920
647920
647921
647921
647921
647921
647921
647921
647922
647922
647922
647922
647923
647923
647923
647923
647923
647923
647924
647924
647924
647924
647925
647925
647925
647925
647925
647925
647926
647926
647926
647926
647927
647927
647927
647927
647927
647927
647928
647928
647928
647928
647929
647929
647929
647929
647930
647930
647930
647930
647931
647931
647931
647931
647932
647932
647932
647932
647932
647932
647933
647933
647933
647933
647934
647934
647934
647934
647934
647934
647935
647935
647935
647935
647936
647936
647936
647936
647936
647936
647937
647937
647937
647937
647938
647938
647938
647938
647938
647938
647939
647939
647939
647939
647940
647940
647940
647940
647940
647940
647941
647941
647941
647941
647942
647942
647942
647942
647943
647943
647943
647943
647944
647944
647944
647944
647945
647945
647945
647945
647945
647945
647946
647946
647946
647946
647947
647947
647947
647947
647947
647947
647948
647948
647948
647948
647949
647949
647949
647949
647949
647949
647950
647950
647950
647950
647951
647951
647951
647951
647951
647951
647952
647952
647952
647952
647953
647953
647953
647953
647953
647953
647954
647954
647954
647954
647955
647955
647955
647955
647956
647956
647956
647956
647957
647957
647957
647957
647958
647958
647958
647958
647958
647958
647959
647959
647959
647959
647960
647960
647960
647960
647960
647960
647961
647961
647961
647961
647962
647962
647962
647962
647962
647962
647963
647963
647963
647963
647964
647964
647964
647964
647964
647964
647965
647965
647965
647965
647966
647966
647966
647966
647966
647966
647967
647967
647967
647967
647968
647968
647968
647968
647969
647969
647969
647969
647970
647970
647970
647970
647971
647971
647971
647971
647971
647971
647972
647972
647972
647972
647973
647973
647973
647973
647973
647973
647974
647974
647974
647974
647975
647975
647975
647975
647975
647975
647976
647976
647976
647976
647977
647977
647977
647977
647977
647977
647978
647978
647978
647978
647979
647979
647979
647979
647979
647979
647980
647980
647980
647980
647981
647981
647981
647981
647982
647982
647982
647982
647982
647982
647983
647983
647983
647983
647983
647983
647984
647984
647984
647984
647984
647984
647984
647984
647984
647985
647985
647985
647985
647985
647985
647986
647986
647986
647986
647986
647986
647986
647986
647986
647987
647987
647987
647987
647987
647987
647988
647988
647988
647988
647988
647988
647988
647988
647988
647989
647989
647989
647989
647989
647989
647990
647990
647990
647990
647990
647990
647990
647990
647990
647991
647991
647991
647991
647991
647991
647992
647992
647992
647992
647992
647992
647992
647992
647992
647993
647993
647993
647993
647993
647993
647994
647994
647994
647994
647994
647994
647995
647995
647995
647995
647996
647996
647996
647996
647997
647997
647997
647997
647997
647997
647998
647998
647998
647998
647999
647999
647999
647999
647999
647999
648000
648000
648000
648000
648001
648001
648001
648001
648001
648001
648002
648002
648002
648002
648003
648003
648003
648003
648003
648003
648004
648004
648004
648004
648005
648005
648005
648005
648005
648005
648006
648006
648006
648006
648007
648007
648007
648007
648008
648008
648008
648008
648009
648009
648009
648009
648010
648010
648010
648010
648010
648010
648011
648011
648011
648011
648012
648012
648012
648012
648012
648012
648013
648013
648013
648013
648014
648014
648014
648014
648014
648014
648015
648015
648015
648015
648016
648016
648016
648016
648016
648016
648017
648017
648017
648017
648018
648018
648018
648018
648018
648018
648019
648019
648019
648019
648020
648020
648020
648020
648021
648021
648021
648021
648022
648022
648022
648022
648023
648023
648023
648023
648023
648023
648024
648024
648024
648024
648025
648025
648025
648025
648025
648025
648026
648026
648026
648026
648027
648027
648027
648027
648027
648027
648028
648028
648028
648028
648029
648029
648029
648029
648029
648029
648030
648030
648030
648030
648031
648031
648031
648031
648031
648031
648032
648032
648032
648032
648033
648033
648033
648033
648034
648034
648034
648034
648035
648035
648035
648035
648036
648036
648036
648036
648036
648036
648037
648037
648037
648037
648038
648038
648038
648038
648038
648038
648039
648039
648039
648039
648040
648040
648040
648040
648040
648040
648041
648041
648041
648041
648042
648042
648042
648042
648042
648042
648043
648043
648043
648043
648044
648044
648044
648044
648044
648044
648045
648045
648045
648045
648046
648046
648046
648046
648047
648047
648047
648047
648048
648048
648048
648048
648049
648049
648049
648049
648049
648049
648050
648050
648050
648050
648051
648051
648051
648051
648051
648051
648052
648052
648052
648052
648053
648053
648053
648053
648053
648053
648054
648054
648054
648054
648055
648055
648055
648055
648055
648055
648056
648056
648056
648056
648057
648057
648057
648057
648057
648057
648058
648058
648058
648058
648059
648059
648059
648059
648060
648060
648060
648060
648060
648060
648061
648061
648061
648061
648061
648061
648062
648062
648062
648062
648062
648062
648062
648062
648062
648063
648063
648063
648063
648063
648063
648064
648064
648064
648064
648064
648064
648064
648064
648064
648065
648065
648065
648065
648065
648065
648066
648066
648066
648066
648066
648066
648066
648066
648066
648067
648067
648067
648067
648067
648067
648068
648068
648068
648068
648068
648068
648068
648068
648068
648069
648069
648069
648069
648069
648069
648070
648070
648070
648070
648070
648070
648070
648070
648070
648071
648071
648071
648071
648071
648071
648072
648072
648072
648072
648072
648072
648073
648073
648073
648073
648074
648074
648074
648074
648075
648075
648075
648075
648075
648075
648076
648076
648076
648076
648077
648077
648077
648077
648077
648077
648078
648078
648078
648078
648079
648079
648079
648079
648079
648079
648080
648080
648080
648080
648081
648081
648081
648081
648081
648081
648082
648082
648082
648082
648083
648083
648083
648083
648083
648083
648084
648084
648084
648084
648085
648085
648085
648085
648086
648086
648086
648086
648087
648087
648087
648087
648088
648088
648088
648088
648088
648088
648089
648089
648089
648089
648090
648090
648090
648090
648090
648090
648091
648091
648091
648091
648092
648092
648092
648092
648092
648092
648093
648093
648093
648093
648094
648094
648094
648094
648094
648094
648095
648095
648095
648095
648096
648096
648096
648096
648096
648096
648097
648097
648097
648097
648098
648098
648098
648098
648099
648099
648099
648099
648100
648100
648100
648100
648101
648101
648101
648101
648101
648101
648102
648102
648102
648102
648103
648103
648103
648103
648103
648103
648104
648104
648104
648104
648105
648105
648105
648105
648105
648105
648106
648106
648106
648106
648107
648107
648107
648107
648107
648107
648108
648108
648108
648108
648109
648109
648109
648109
648109
648109
648110
648110
648110
648110
648111
648111
648111
648111
648112
648112
648112
648112
648113
648113
648113
648113
648114
648114
648114
648114
648114
648114
648115
648115
648115
648115
648116
648116
648116
648116
648116
648116
648117
648117
648117
648117
648118
648118
648118
648118
648118
648118
648119
648119
648119
648119
648120
648120
648120
648120
648120
648120
648121
648121
648121
648121
648122
648122
648122
648122
648122
648122
648123
648123
648123
648123
648124
648124
648124
648124
648125
648125
648125
648125
648126
648126
648126
648126
648127
648127
648127
648127
648127
648127
648128
648128
648128
648128
648129
648129
648129
648129
648129
648129
648130
648130
648130
648130
648131
648131
648131
648131
648131
648131
648132
648132
648132
648132
648133
648133
648133
648133
648133
648133
648134
648134
648134
648134
648135
648135
648135
648135
648135
648135
648136
648136
648136
648136
648137
648137
648137
648137
648138
648138
648138
648138
648138
648138
648139
648139
648139
648139
648139
648139
648140
648140
648140
648140
648140
648140
648140
648140
648140
648141
648141
648141
648141
648141
648141
648142
648142
648142
648142
648142
648142
648142
648142
648142
648143
648143
648143
648143
648143
648143
648144
648144
648144
648144
648144
648144
648144
648144
648144
648145
648145
648145
648145
648145
648145
648146
648146
648146
648146
648146
648146
648146
648146
648146
648147
648147
648147
648147
648147
648147
648148
648148
648148
648148
648148
648148
648148
648148
648148
648149
648149
648149
648149
648149
648149
648150
648150
648150
648150
648150
648150
648151
648151
648151
648151
648152
648152
648152
648152
648153
648153
648153
648153
648153
648153
648154
648154
648154
648154
648155
648155
648155
648155
648155
648155
648156
648156
648156
648156
648157
648157
648157
648157
648157
648157
648158
648158
648158
648158
648159
648159
648159
648159
648159
648159
648160
648160
648160
648160
648161
648161
648161
648161
648161
648161
648162
648162
648162
648162
648163
648163
648163
648163
648164
648164
648164
648164
648165
648165
648165
648165
648166
648166
648166
648166
648166
648166
648167
648167
648167
648167
648168
648168
648168
648168
648168
648168
648169
648169
648169
648169
648170
648170
648170
648170
648170
648170
648171
648171
648171
648171
648172
648172
648172
648172
648172
648172
648173
648173
648173
648173
648174
648174
648174
648174
648174
648174
648175
648175
648175
648175
648176
648176
648176
648176
648177
648177
648177
648177
648178
648178
648178
648178
648179
648179
648179
648179
648179
648179
648180
648180
648180
648180
648181
648181
648181
648181
648181
648181
648182
648182
648182
648182
648183
648183
648183
648183
648183
648183
648184
648184
648184
648184
648185
648185
648185
648185
648185
648185
648186
648186
648186
648186
648187
648187
648187
648187
648187
648187
648188
648188
648188
648188
648189
648189
648189
648189
648190
648190
648190
648190
648191
648191
648191
648191
648192
648192
648192
648192
648192
648192
648193
648193
648193
648193
648194
648194
648194
648194
648194
648194
648195
648195
648195
648195
648196
648196
648196
648196
648196
648196
648197
648197
648197
648197
648198
648198
648198
648198
648198
648198
648199
648199
648199
648199
648200
648200
648200
648200
648200
648200
648201
648201
648201
648201
648202
648202
648202
648202
648203
648203
648203
648203
648204
648204
648204
648204
648205
648205
648205
648205
648205
648205
648206
648206
648206
648206
648207
648207
648207
648207
648207
648207
648208
648208
648208
648208
648209
648209
648209
648209
648209
648209
648210
648210
648210
648210
648211
648211
648211
648211
648211
648211
648212
648212
648212
648212
648213
648213
648213
648213
648213
648213
648214
648214
648214
648214
648215
648215
648215
648215
648216
648216
648216
648216
648216
648216
648217
648217
648217
648217
648217
648217
648218
648218
648218
648218
648218
648218
648218
648218
648218
648219
648219
648219
648219
648219
648219
648220
648220
648220
648220
648220
648220
648220
648220
648220
648221
648221
648221
648221
648221
648221
648222
648222
648222
648222
648222
648222
648222
648222
648222
648223
648223
648223
648223
648223
648223
648224
648224
648224
648224
648224
648224
648224
648224
648224
648225
648225
648225
648225
648225
648225
648226
648226
648226
648226
648226
648226
648226
648226
648226
648227
648227
648227
648227
648227
648227
648228
648228
648228
648228
648228
648228
648229
648229
648229
648229
648230
648230
648230
648230
648231
648231
648231
648231
648231
648231
648232
648232
648232
648232
648233
648233
648233
648233
648233
648233
648234
648234
648234
648234
648235
648235
648235
648235
648235
648235
648236
648236
648236
648236
648237
648237
648237
648237
648237
648237
648238
648238
648238
648238
648239
648239
648239
648239
648239
648239
648240
648240
648240
648240
648241
648241
648241
648241
648242
648242
648242
648242
648243
648243
648243
648243
648244
648244
648244
648244
648244
648244
648245
648245
648245
648245
648246
648246
648246
648246
648246
648246
648247
648247
648247
648247
648248
648248
648248
648248
648248
648248
648249
648249
648249
648249
648250
648250
648250
648250
648250
648250
648251
648251
648251
648251
648252
648252
648252
648252
648252
648252
648253
648253
648253
648253
648254
648254
648254
648254
648255
648255
648255
648255
648256
648256
648256
648256
648257
648257
648257
648257
648257
648257
648258
648258
648258
648258
648259
648259
648259
648259
648259
648259
648260
648260
648260
648260
648261
648261
648261
648261
648261
648261
648262
648262
648262
648262
648263
648263
648263
648263
648263
648263
648264
648264
648264
648264
648265
648265
648265
648265
648265
648265
648266
648266
648266
648266
648267
648267
648267
648267
648268
648268
648268
648268
648269
648269
648269
648269
648270
648270
648270
648270
648270
648270
648271
648271
648271
648271
648272
648272
648272
648272
648272
648272
648273
648273
648273
648273
648274
648274
648274
648274
648274
648274
648275
648275
648275
648275
648276
648276
648276
648276
648276
648276
648277
648277
648277
648277
648278
648278
648278
648278
648278
648278
648279
648279
648279
648279
648280
648280
648280
648280
648281
648281
648281
648281
648282
648282
648282
648282
648283
648283
648283
648283
648283
648283
648284
648284
648284
648284
648285
648285
648285
648285
648285
648285
648286
648286
648286
648286
648287
648287
648287
648287
648287
648287
648288
648288
648288
648288
648289
648289
648289
648289
648289
648289
648290
648290
648290
648290
648291
648291
648291
648291
648291
648291
648292
648292
648292
648292
648293
648293
648293
648293
648294
648294
648294
648294
648294
648294
648295
648295
648295
648295
648295
648295
648296
648296
648296
648296
648296
648296
648296
648296
648296
648297
648297
648297
648297
648297
648297
648298
648298
648298
648298
648298
648298
648298
648298
648298
648299
648299
648299
648299
648299
648299
648300
648300
648300
648300
648300
648300
648300
648300
648300
648301
648301
648301
648301
648301
648301
648302
648302
648302
648302
648302
648302
648302
648302
648302
648303
648303
648303
648303
648303
648303
648304
648304
648304
648304
648304
648304
648305
648305
648305
648305
648306
648306
648306
648306
648307
648307
648307
648307
648308
648308
648308
648308
648309
648309
648309
648309
648309
648309
648310
648310
648310
648310
648311
648311
648311
648311
648311
648311
648312
648312
648312
648312
648313
648313
648313
648313
648313
648313
648314
648314
648314
648314
648315
648315
648315
648315
648315
648315
648316
648316
648316
648316
648316
648317
648317
648317
648317
648317
648317
648317
648317
648317
648318
648318
648318
648318
648318
648318
648319
648319
648319
648319
648319
648319
648320
648320
648320
648320
648321
648321
648321
648321
648322
648322
648322
648322
648322
648322
648323
648323
648323
648323
648324
648324
648324
648324
648324
648324
648325
648325
648325
648325
648326
648326
648326
648326
648326
648326
648327
648327
648327
648327
648328
648328
648328
648328
648328
648328
648329
648329
648329
648329
648330
648330
648330
648330
648330
648330
648331
648331
648331
648331
648332
648332
648332
648332
648333
648333
648333
648333
648334
648334
648334
648334
648335
648335
648335
648335
648335
648335
648336
648336
648336
648336
648337
648337
648337
648337
648337
648337
648338
648338
648338
648338
648339
648339
648339
648339
648339
648339
648340
648340
648340
648340
648341
648341
648341
648341
648341
648341
648342
648342
648342
648342
648343
648343
648343
648343
648343
648343
648344
648344
648344
648344
648345
648345
648345
648345
648346
648346
648346
648346
648347
648347
648347
648347
648348
648348
648348
648348
648348
648348
648349
648349
648349
648349
648350
648350
648350
648350
648350
648350
648351
648351
648351
648351
648352
648352
648352
648352
648352
648352
648353
648353
648353
648353
648354
648354
648354
648354
648354
648354
648355
648355
648355
648355
648356
648356
648356
648356
648356
648356
648357
648357
648357
648357
648358
648358
648358
648358
648359
648359
648359
648359
648360
648360
648360
648360
648361
648361
648361
648361
648361
648361
648362
648362
648362
648362
648363
648363
648363
648363
648363
648363
648364
648364
648364
648364
648365
648365
648365
648365
648365
648365
648366
648366
648366
648366
648367
648367
648367
648367
648367
648367
648368
648368
648368
648368
648369
648369
648369
648369
648369
648369
648370
648370
648370
648370
648371
648371
648371
648371
648372
648372
648372
648372
648372
648373
648373
648373
648373
648374
648374
648374
648374
648374
648374
648375
648375
648375
648375
648376
648376
648376
648376
648376
648376
648377
648377
648377
648377
648378
648378
648378
648378
648378
648378
648379
648379
648379
648379
648380
648380
648380
648380
648380
648380
648381
648381
648381
648381
648382
648382
648382
648382
648382
648382
648383
648383
648383
648383
648384
648384
648384
648384
648385
648385
648385
648385
648385
648385
648386
648386
648386
648386
648386
648386
648387
648387
648387
648387
648387
648387
648387
648387
648387
648388
648388
648388
648388
648388
648388
648389
648389
648389
648389
648389
648389
648389
648389
648389
648390
648390
648390
648390
648390
648390
648391
648391
648391
648391
648391
648391
648391
648391
648391
648392
648392
648392
648392
648392
648392
648393
648393
648393
648393
648393
648393
648393
648393
648393
648394
648394
648394
648394
648394
648394
648395
648395
648395
648395
648395
648395
648395
648395
648395
648396
648396
648396
648396
648396
648396
648397
648397
648397
648397
648397
648397
648398
648398
648398
648398
648399
648399
648399
648399
648400
648400
648400
648400
648400
648400
648401
648401
648401
648401
648402
648402
648402
648402
648402
648402
648403
648403
648403
648403
648404
648404
648404
648404
648404
648404
648405
648405
648405
648405
648406
648406
648406
648406
648406
648406
648407
648407
648407
648407
648408
648408
648408
648408
648408
648408
648409
648409
648409
648409
648410
648410
648410
648410
648411
648411
648411
648411
648412
648412
648412
648412
648413
648413
648413
648413
648413
648413
648414
648414
648414
648414
648415
648415
648415
648415
648415
648415
648416
648416
648416
648416
648417
648417
648417
648417
648417
648417
648418
648418
648418
648418
648419
648419
648419
648419
648419
648419
648420
648420
648420
648420
648421
648421
648421
648421
648421
648421
648422
648422
648422
648422
648423
648423
648423
648423
648424
648424
648424
648424
648425
648425
648425
648425
648426
648426
648426
648426
648426
648426
648427
648427
648427
648427
648428
648428
648428
648428
648428
648428
648429
648429
648429
648429
648430
648430
648430
648430
648430
648430
648431
648431
648431
648431
648432
648432
648432
648432
648432
648432
648433
648433
648433
648433
648434
648434
648434
648434
648434
648434
648435
648435
648435
648435
648436
648436
648436
648436
648437
648437
648437
648437
648438
648438
648438
648438
648439
648439
648439
648439
648439
648439
648440
648440
648440
648440
648441
648441
648441
648441
648441
648441
648442
648442
648442
648442
648443
648443
648443
648443
648443
648443
648444
648444
648444
648444
648445
648445
648445
648445
648445
648445
648446
648446
648446
648446
648447
648447
648447
648447
648447
648447
648448
648448
648448
648448
648449
648449
648449
648449
648450
648450
648450
648450
648451
648451
648451
648451
648452
648452
648452
648452
648452
648452
648453
648453
648453
648453
648454
648454
648454
648454
648454
648454
648455
648455
648455
648455
648456
648456
648456
648456
648456
648456
648457
648457
648457
648457
648458
648458
648458
648458
648458
648458
648459
648459
648459
648459
648460
648460
648460
648460
648460
648460
648461
648461
648461
648461
648462
648462
648462
648462
648463
648463
648463
648463
648463
648463
648464
648464
648464
648464
648464
648464
648465
648465
648465
648465
648465
648465
648465
648465
648465
648466
648466
648466
648466
648466
648466
648467
648467
648467
648467
648467
648467
648467
648467
648467
648468
648468
648468
648468
648468
648468
648469
648469
648469
648469
648469
648469
648469
648469
648469
648470
648470
648470
648470
648470
648470
648471
648471
648471
648471
648471
648471
648471
648471
648471
648472
648472
648472
648472
648472
648472
648473
648473
648473
648473
648473
648473
648473
648473
648473
648474
648474
648474
648474
648474
648474
648475
648475
648475
648475
648475
648475
648476
648476
648476
648476
648477
648477
648477
648477
648478
648478
648478
648478
648478
648478
648479
648479
648479
648479
648480
648480
648480
648480
648480
648480
648481
648481
648481
648481
648482
648482
648482
648482
648482
648482
648483
648483
648483
648483
648484
648484
648484
648484
648484
648484
648485
648485
648485
648485
648486
648486
648486
648486
648486
648486
648487
648487
648487
648487
648488
648488
648488
648488
648489
648489
648489
648489
648490
648490
648490
648490
648491
648491
648491
648491
648491
648491
648492
648492
648492
648492
648493
648493
648493
648493
648493
648493
648494
648494
648494
648494
648495
648495
648495
648495
648495
648495
648496
648496
648496
648496
648497
648497
648497
648497
648497
648497
648498
648498
648498
648498
648499
648499
648499
648499
648499
648499
648500
648500
648500
648500
648501
648501
648501
648501
648502
648502
648502
648502
648503
648503
648503
648503
648504
648504
648504
648504
648504
648504
648505
648505
648505
648505
648506
648506
648506
648506
648506
648506
648507
648507
648507
648507
648508
648508
648508
648508
648508
648508
648509
648509
648509
648509
648510
648510
648510
648510
648510
648510
648511
648511
648511
648511
648512
648512
648512
648512
648512
648512
648513
648513
648513
648513
648514
648514
648514
648514
648515
648515
648515
648515
648516
648516
648516
648516
648517
648517
648517
648517
648517
648517
648518
648518
648518
648518
648519
648519
648519
648519
648519
648519
648520
648520
648520
648520
648521
648521
648521
648521
648521
648521
648522
648522
648522
648522
648523
648523
648523
648523
648523
648523
648524
648524
648524
648524
648525
648525
648525
648525
648525
648525
648526
648526
648526
648526
648527
648527
648527
648527
648528
648528
648528
648528
648529
648529
648529
648529
648530
648530
648530
648530
648530
648530
648531
648531
648531
648531
648532
648532
648532
648532
648532
648532
648533
648533
648533
648533
648534
648534
648534
648534
648534
648534
648535
648535
648535
648535
648536
648536
648536
648536
648536
648536
648537
648537
648537
648537
648538
648538
648538
648538
648538
648538
648539
648539
648539
648539
648540
648540
648540
648540
648541
648541
648541
648541
648541
648541
648542
648542
648542
648542
648542
648542
648543
648543
648543
648543
648543
648543
648543
648543
648543
648544
648544
648544
648544
648544
648544
648545
648545
648545
648545
648545
648545
648545
648545
648545
648546
648546
648546
648546
648546
648546
648547
648547
648547
648547
648547
648547
648547
648547
648547
648548
648548
648548
648548
648548
648548
648549
648549
648549
648549
648549
648549
648549
648549
648549
648550
648550
648550
648550
648550
648550
648551
648551
648551
648551
648551
648551
648551
648551
648551
648552
648552
648552
648552
648552
648552
648553
648553
648553
648553
648553
648553
648554
648554
648554
648554
648555
648555
648555
648555
648556
648556
648556
648556
648556
648556
648557
648557
648557
648557
648558
648558
648558
648558
648558
648558
648559
648559
648559
648559
648560
648560
648560
648560
648560
648560
648561
648561
648561
648561
648562
648562
648562
648562
648562
648562
648563
648563
648563
648563
648564
648564
648564
648564
648564
648564
648565
648565
648565
648565
648566
648566
648566
648566
648567
648567
648567
648567
648568
648568
648568
648568
648569
648569
648569
648569
648569
648569
648570
648570
648570
648570
648571
648571
648571
648571
648571
648571
648572
648572
648572
648572
648573
648573
648573
648573
648573
648573
648574
648574
648574
648574
648575
648575
648575
648575
648575
648575
648576
648576
648576
648576
648577
648577
648577
648577
648577
648577
648578
648578
648578
648578
648579
648579
648579
648579
648580
648580
648580
648580
648581
648581
648581
648581
648582
648582
648582
648582
648582
648582
648583
648583
648583
648583
648584
648584
648584
648584
648584
648584
648585
648585
648585
648585
648586
648586
648586
648586
648586
648586
648587
648587
648587
648587
648588
648588
648588
648588
648588
648588
648589
648589
648589
648589
648590
648590
648590
648590
648590
648590
648591
648591
648591
648591
648592
648592
648592
648592
648593
648593
648593
648593
648594
648594
648594
648594
648595
648595
648595
648595
648595
648595
648596
648596
648596
648596
648597
648597
648597
648597
648597
648597
648598
648598
648598
648598
648599
648599
648599
648599
648599
648599
648600
648600
648600
648600
648601
648601
648601
648601
648601
648601
648602
648602
648602
648602
648603
648603
648603
648603
648603
648603
648604
648604
648604
648604
648605
648605
648605
648605
648606
648606
648606
648606
648607
648607
648607
648607
648608
648608
648608
648608
648608
648608
648609
648609
648609
648609
648610
648610
648610
648610
648610
648610
648611
648611
648611
648611
648612
648612
648612
648612
648612
648612
648613
648613
648613
648613
648614
648614
648614
648614
648614
648614
648615
648615
648615
648615
648616
648616
648616
648616
648616
648616
648617
648617
648617
648617
648618
648618
648618
648618
648619
648619
648619
648619
648619
648619
648620
648620
648620
648620
648620
648620
648621
648621
648621
648621
648621
648621
648621
648621
648621
648622
648622
648622
648622
648622
648622
648623
648623
648623
648623
648623
648623
648623
648623
648623
648624
648624
648624
648624
648624
648624
648625
648625
648625
648625
648625
648625
648625
648625
648625
648626
648626
648626
648626
648626
648626
648627
648627
648627
648627
648627
648627
648627
648627
648627
648628
648628
648628
648628
648628
648628
648629
648629
648629
648629
648629
648629
648629
648629
648629
648630
648630
648630
648630
648630
648630
648631
648631
648631
648631
648631
648631
648632
648632
648632
648632
648633
648633
648633
648633
648634
648634
648634
648634
648634
648634
648635
648635
648635
648635
648636
648636
648636
648636
648636
648636
648637
648637
648637
648637
648638
648638
648638
648638
648638
648638
648639
648639
648639
648639
648640
648640
648640
648640
648640
648640
648641
648641
648641
648641
648642
648642
648642
648642
648642
648642
648643
648643
648643
648643
648644
648644
648644
648644
648645
648645
648645
648645
648646
648646
648646
648646
648647
648647
648647
648647
648647
648647
648648
648648
648648
648648
648649
648649
648649
648649
648649
648649
648650
648650
648650
648650
648651
648651
648651
648651
648651
648651
648652
648652
648652
648652
648653
648653
648653
648653
648653
648653
648654
648654
648654
648654
648655
648655
648655
648655
648655
648655
648656
648656
648656
648656
648657
648657
648657
648657
648658
648658
648658
648658
648659
648659
648659
648659
648660
648660
648660
648660
648660
648660
648661
648661
648661
648661
648662
648662
648662
648662
648662
648662
648663
648663
648663
648663
648664
648664
648664
648664
648664
648664
648665
648665
648665
648665
648666
648666
648666
648666
648666
648666
648667
648667
648667
648667
648668
648668
648668
648668
648668
648668
648669
648669
648669
648669
648670
648670
648670
648670
648671
648671
648671
648671
648672
648672
648672
648672
648673
648673
648673
648673
648673
648673
648674
648674
648674
648674
648675
648675
648675
648675
648675
648675
648676
648676
648676
648676
648677
648677
648677
648677
648677
648677
648678
648678
648678
648678
648679
648679
648679
648679
648679
648679
648680
648680
648680
648680
648681
648681
648681
648681
648681
648681
648682
648682
648682
648682
648683
648683
648683
648683
648684
648684
648684
648684
648685
648685
648685
648685
648686
648686
648686
648686
648686
648686
648687
648687
648687
648687
648688
648688
648688
648688
648688
648688
648689
648689
648689
648689
648690
648690
648690
648690
648690
648690
648691
648691
648691
648691
648692
648692
648692
648692
648692
648692
648693
648693
648693
648693
648694
648694
648694
648694
648694
648694
648695
648695
648695
648695
648696
648696
648696
648696
648697
648697
648697
648697
648697
648697
648698
648698
648698
648698
648698
648698
648699
648699
648699
648699
648699
648699
648699
648699
648699
648700
648700
648700
648700
648700
648700
648701
648701
648701
648701
648701
648701
648701
648701
648701
648702
648702
648702
648702
648702
648702
648703
648703
648703
648703
648703
648703
648703
648703
648703
648704
648704
648704
648704
648704
648704
648705
648705
648705
648705
648705
648705
648705
648705
648705
648706
648706
648706
648706
648706
648706
648707
648707
648707
648707
648707
648707
648707
648707
648707
648708
648708
648708
648708
648708
648708
648709
648709
648709
648709
648709
648709
648710
648710
648710
648710
648711
648711
648711
648711
648712
648712
648712
648712
648712
648712
648713
648713
648713
648713
648714
648714
648714
648714
648714
648714
648715
648715
648715
648715
648716
648716
648716
648716
648716
648716
648717
648717
648717
648717
648718
648718
648718
648718
648718
648718
648719
648719
648719
648719
648720
648720
648720
648720
648720
648720
648721
648721
648721
648721
648722
648722
648722
648722
648723
648723
648723
648723
648724
648724
648724
648724
648725
648725
648725
648725
648725
648725
648726
648726
648726
648726
648727
648727
648727
648727
648727
648727
648728
648728
648728
648728
648729
648729
648729
648729
648729
648729
648730
648730
648730
648730
648731
648731
648731
648731
648731
648731
648732
648732
648732
648732
648733
648733
648733
648733
648733
648733
648734
648734
648734
648734
648735
648735
648735
648735
648736
648736
648736
648736
648737
648737
648737
648737
648738
648738
648738
648738
648738
648738
648739
648739
648739
648739
648740
648740
648740
648740
648740
648740
648741
648741
648741
648741
648742
648742
648742
648742
648742
648742
648743
648743
648743
648743
648744
648744
648744
648744
648744
648744
648745
648745
648745
648745
648746
648746
648746
648746
648746
648746
648747
648747
648747
648747
648748
648748
648748
648748
648749
648749
648749
648749
648750
648750
648750
648750
648751
648751
648751
648751
648751
648751
648752
648752
648752
648752
648753
648753
648753
648753
648753
648753
648754
648754
648754
648754
648755
648755
648755
648755
648755
648755
648756
648756
648756
648756
648757
648757
648757
648757
648757
648757
648758
648758
648758
648758
648759
648759
648759
648759
648759
648759
648760
648760
648760
648760
648761
648761
648761
648761
648762
648762
648762
648762
648763
648763
648763
648763
648764
648764
648764
648764
648764
648764
648765
648765
648765
648765
648766
648766
648766
648766
648766
648766
648767
648767
648767
648767
648768
648768
648768
648768
648768
648768
648769
648769
648769
648769
648770
648770
648770
648770
648770
648770
648771
648771
648771
648771
648772
648772
648772
648772
648772
648772
648773
648773
648773
648773
648774
648774
648774
648774
648775
648775
648775
648775
648775
648775
648776
648776
648776
648776
648776
648776
648777
648777
648777
648777
648777
648777
648777
648777
648777
648778
648778
648778
648778
648778
648778
648779
648779
648779
648779
648779
648779
648779
648779
648779
648780
648780
648780
648780
648780
648780
648781
648781
648781
648781
648781
648781
648781
648781
648781
648782
648782
648782
648782
648782
648782
648783
648783
648783
648783
648783
648783
648783
648783
648783
648784
648784
648784
648784
648784
648784
648785
648785
648785
648785
648785
648785
648785
648785
648785
648786
648786
648786
648786
648786
648786
648787
648787
648787
648787
648787
648787
648788
648788
648788
648788
648789
648789
648789
648789
648790
648790
648790
648790
648790
648790
648791
648791
648791
648791
648792
648792
648792
648792
648792
648792
648793
648793
648793
648793
648794
648794
648794
648794
648794
648794
648795
648795
648795
648795
648796
648796
648796
648796
648796
648796
648797
648797
648797
648797
648798
648798
648798
648798
648798
648798
648799
648799
648799
648799
648800
648800
648800
648800
648801
648801
648801
648801
648802
648802
648802
648802
648803
648803
648803
648803
648803
648803
648804
648804
648804
648804
648805
648805
648805
648805
648805
648805
648806
648806
648806
648806
648807
648807
648807
648807
648807
648807
648808
648808
648808
648808
648809
648809
648809
648809
648809
648809
648810
648810
648810
648810
648811
648811
648811
648811
648811
648811
648812
648812
648812
648812
648813
648813
648813
648813
648814
648814
648814
648814
648815
648815
648815
648815
648816
648816
648816
648816
648816
648816
648817
648817
648817
648817
648818
648818
648818
648818
648818
648818
648819
648819
648819
648819
648820
648820
648820
648820
648820
648820
648821
648821
648821
648821
648822
648822
648822
648822
648822
648822
648823
648823
648823
648823
648824
648824
648824
648824
648824
648824
648825
648825
648825
648825
648826
648826
648826
648826
648827
648827
648827
648827
648828
648828
648828
648828
648829
648829
648829
648829
648829
648829
648830
648830
648830
648830
648831
648831
648831
648831
648831
648831
648832
648832
648832
648832
648833
648833
648833
648833
648833
648833
648834
648834
648834
648834
648835
648835
648835
648835
648835
648835
648836
648836
648836
648836
648837
648837
648837
648837
648837
648837
648838
648838
648838
648838
648839
648839
648839
648839
648840
648840
648840
648840
648841
648841
648841
648841
648842
648842
648842
648842
648842
648842
648843
648843
648843
648843
648844
648844
648844
648844
648844
648844
648845
648845
648845
648845
648846
648846
648846
648846
648846
648846
648847
648847
648847
648847
648848
648848
648848
648848
648848
648848
648849
648849
648849
648849
648850
648850
648850
648850
648850
648850
648851
648851
648851
648851
648852
648852
648852
648852
648853
648853
648853
648853
648853
648853
648854
648854
648854
648854
648854
648854
648855
648855
648855
648855
648855
648855
648855
648855
648855
648856
648856
648856
648856
648856
648856
648857
648857
648857
648857
648857
648857
648857
648857
648857
648858
648858
648858
648858
648858
648858
648859
648859
648859
648859
648859
648859
648859
648859
648859
648860
648860
648860
648860
648860
648860
648861
648861
648861
648861
648861
648861
648861
648861
648861
648862
648862
648862
648862
648862
648862
648863
648863
648863
648863
648863
648863
648864
648864
648864
648864
648865
648865
648865
648865
648866
648866
648866
648866
648867
648867
648867
648867
648868
648868
648868
648868
648868
648868
648869
648869
648869
648869
648870
648870
648870
648870
648870
648870
648871
648871
648871
648871
648872
648872
648872
648872
648872
648872
648873
648873
648873
648873
648874
648874
648874
648874
648874
648874
648875
648875
648875
648875
648875
648876
648876
648876
648876
648876
648876
648876
648876
648876
648877
648877
648877
648877
648877
648877
648878
648878
648878
648878
648878
648878
648879
648879
648879
648879
648880
648880
648880
648880
648881
648881
648881
648881
648881
648881
648882
648882
648882
648882
648883
648883
648883
648883
648883
648883
648884
648884
648884
648884
648885
648885
648885
648885
648885
648885
648886
648886
648886
648886
648887
648887
648887
648887
648887
648887
648888
648888
648888
648888
648889
648889
648889
648889
648889
648889
648890
648890
648890
648890
648891
648891
648891
648891
648892
648892
648892
648892
648893
648893
648893
648893
648894
648894
648894
648894
648894
648894
648895
648895
648895
648895
648896
648896
648896
648896
648896
648896
648897
648897
648897
648897
648898
648898
648898
648898
648898
648898
648899
648899
648899
648899
648900
648900
648900
648900
648900
648900
648901
648901
648901
648901
648902
648902
648902
648902
648902
648902
648903
648903
648903
648903
648904
648904
648904
648904
648905
648905
648905
648905
648906
648906
648906
648906
648907
648907
648907
648907
648907
648907
648908
648908
648908
648908
648909
648909
648909
648909
648909
648909
648910
648910
648910
648910
648911
648911
648911
648911
648911
648911
648912
648912
648912
648912
648913
648913
648913
648913
648913
648913
648914
648914
648914
648914
648915
648915
648915
648915
648915
648915
648916
648916
648916
648916
648917
648917
648917
648917
648918
648918
648918
648918
648919
648919
648919
648919
648920
648920
648920
648920
648920
648920
648921
648921
648921
648921
648922
648922
648922
648922
648922
648922
648923
648923
648923
648923
648924
648924
648924
648924
648924
648924
648925
648925
648925
648925
648926
648926
648926
648926
648926
648926
648927
648927
648927
648927
648928
648928
648928
648928
648928
648928
648929
648929
648929
648929
648930
648930
648930
648930
648931
648931
648931
648931
648932
648932
648932
648932
648933
648933
648933
648933
648933
648933
648934
648934
648934
648934
648935
648935
648935
648935
648935
648935
648936
648936
648936
648936
648937
648937
648937
648937
648937
648937
648938
648938
648938
648938
648939
648939
648939
648939
648939
648939
648940
648940
648940
648940
648941
648941
648941
648941
648941
648941
648942
648942
648942
648942
648943
648943
648943
648943
648944
648944
648944
648944
648944
648944
648945
648945
648945
648945
648946
648946
648946
648946
648947
648947
648947
648947
648948
648948
648948
648948
648949
648949
648949
648949
648950
648950
648950
648950
648950
648950
648951
648951
648951
648951
648952
648952
648952
648952
648953
648953
648953
648953
648954
648954
648954
648954
648955
648955
648955
648955
648956
648956
648956
648956
648956
648956
648957
648957
648957
648957
648958
648958
648958
648958
648959
648959
648959
648959
648960
648960
648960
648960
648961
648961
648961
648961
648962
648962
648962
648962
648962
648962
648963
648963
648963
648963
648964
648964
648964
648964
648965
648965
648965
648965
648966
648966
648966
648966
648967
648967
648967
648967
648968
648968
648968
648968
648968
648968
648969
648969
648969
648969
648970
648970
648970
648970
648971
648971
648971
648971
648972
648972
648972
648972
648973
648973
648973
648973
648974
648974
648974
648974
648974
648974
648975
648975
648975
648975
648976
648976
648976
648976
648977
648977
648977
648977
648978
648978
648978
648978
648979
648979
648979
648979
648980
648980
648980
648980
648980
648980
648981
648981
648981
648981
648982
648982
648982
648982
648983
648983
648983
648983
648984
648984
648984
648984
648985
648985
648985
648985
648986
648986
648986
648986
648986
648987
648987
648987
648987
648987
648987
648988
648988
648988
648988
648989
648989
648989
648989
648990
648990
648990
648990
648991
648991
648991
648991
648992
648992
648992
648992
648993
648993
648993
648993
648993
648993
648994
648994
648994
648994
648995
648995
648995
648995
648996
648996
648996
648996
648997
648997
648997
648997
648998
648998
648998
648998
648999
648999
648999
648999
648999
648999
649000
649000
649000
649000
649001
649001
649001
649001
649002
649002
649002
649002
649003
649003
649003
649003
649004
649004
649004
649004
649005
649005
649005
649005
649005
649005
649006
649006
649006
649006
649007
649007
649007
649007
649008
649008
649008
649008
649009
649009
649009
649009
649010
649010
649010
649010
649011
649011
649011
649011
649011
649011
649012
649012
649012
649012
649013
649013
649013
649013
649014
649014
649014
649014
649015
649015
649015
649015
649016
649016
649016
649016
649017
649017
649017
649017
649017
649017
649018
649018
649018
649018
649019
649019
649019
649019
649020
649020
649020
649020
649021
649021
649021
649021
649022
649022
649022
649022
649023
649023
649023
649023
649023
649023
649024
649024
649024
649024
649025
649025
649025
649025
649026
649026
649026
649026
649027
649027
649027
649027
649028
649028
649028
649028
649029
649029
649029
649029
649030
649030
649030
649030
649030
649030
649031
649031
649031
649031
649032
649032
649032
649032
649033
649033
649033
649033
649034
649034
649034
649034
649035
649035
649035
649035
649036
649036
649036
649036
649036
649036
649037
649037
649037
649037
649038
649038
649038
649038
649039
649039
649039
649039
649040
649040
649040
649040
649041
649041
649041
649041
649042
649042
649042
649042
649042
649042
649043
649043
649043
649043
649044
649044
649044
649044
649045
649045
649045
649045
649046
649046
649046
649046
649047
649047
649047
649047
649048
649048
649048
649048
649048
649048
649049
649049
649049
649049
649050
649050
649050
649050
649051
649051
649051
649051
649052
649052
649052
649052
649053
649053
649053
649053
649054
649054
649054
649054
649054
649054
649055
649055
649055
649055
649056
649056
649056
649056
649057
649057
649057
649057
649058
649058
649058
649058
649059
649059
649059
649059
649060
649060
649060
649060
649060
649060
649061
649061
649061
649061
649062
649062
649062
649062
649063
649063
649063
649063
649064
649064
649064
649064
649065
649065
649065
649065
649066
649066
649066
649066
649066
649066
649067
649067
649067
649067
649068
649068
649068
649068
649069
649069
649069
649069
649070
649070
649070
649070
649071
649071
649071
649071
649072
649072
649072
649072
649073
649073
649073
649073
649073
649073
649074
649074
649074
649074
649075
649075
649075
649075
649076
649076
649076
649076
649077
649077
649077
649077
649078
649078
649078
649078
649079
649079
649079
649079
649079
649079
649080
649080
649080
649080
649081
649081
649081
649081
649082
649082
649082
649082
649083
649083
649083
649083
649084
649084
649084
649084
649085
649085
649085
649085
649085
649085
649086
649086
649086
649086
649087
649087
649087
649087
649088
649088
649088
649088
649089
649089
649089
649089
649090
649090
649090
649090
649091
649091
649091
649091
649091
649091
649092
649092
649092
649092
649093
649093
649093
649093
649094
649094
649094
649094
649095
649095
649095
649095
649096
649096
649096
649096
649097
649097
649097
649097
649097
649097
649098
649098
649098
649098
649099
649099
649099
649099
649100
649100
649100
649100
649101
649101
649101
649101
649102
649102
649102
649102
649103
649103
649103
649103
649103
649103
649104
649104
649104
649104
649105
649105
649105
649105
649106
649106
649106
649106
649107
649107
649107
649107
649108
649108
649108
649108
649109
649109
649109
649109
649109
649109
649110
649110
649110
649110
649111
649111
649111
649111
649112
649112
649112
649112
649113
649113
649113
649113
649114
649114
649114
649114
649115
649115
649115
649115
649116
649116
649116
649116
649116
649116
649116
649116
649116
649117
649117
649117
649117
649117
649117
649118
649118
649118
649118
649118
649118
649119
649119
649119
649119
649119
649119
649120
649120
649120
649120
649120
649120
649121
649121
649121
649121
649121
649121
649122
649122
649122
649122
649122
649122
649122
649122
649122
649123
649123
649123
649123
649123
649123
649124
649124
649124
649124
649124
649124
649125
649125
649125
649125
649125
649125
649126
649126
649126
649126
649126
649126
649127
649127
649127
649127
649127
649127
649128
649128
649128
649128
649128
649128
649128
649128
649128
649129
649129
649129
649129
649129
649129
649130
649130
649130
649130
649130
649130
649131
649131
649131
649131
649131
649131
649132
649132
649132
649132
649132
649132
649133
649133
649133
649133
649133
649133
649134
649134
649134
649134
649134
649134
649134
649134
649134
649135
649135
649135
649135
649135
649135
649136
649136
649136
649136
649136
649136
649137
649137
649137
649137
649137
649137
649138
649138
649138
649138
649138
649138
649139
649139
649139
649139
649139
649139
649140
649140
649140
649140
649140
649140
649140
649140
649140
649141
649141
649141
649141
649141
649141
649142
649142
649142
649142
649142
649142
649143
649143
649143
649143
649143
649143
649144
649144
649144
649144
649144
649144
649145
649145
649145
649145
649145
649145
649146
649146
649146
649146
649146
649146
649146
649146
649146
649147
649147
649147
649147
649147
649147
649148
649148
649148
649148
649148
649148
649149
649149
649149
649149
649149
649149
649150
649150
649150
649150
649150
649150
649151
649151
649151
649151
649151
649151
649152
649152
649152
649152
649152
649152
649152
649152
649152
649153
649153
649153
649153
649153
649153
649154
649154
649154
649154
649154
649154
649155
649155
649155
649155
649155
649155
649156
649156
649156
649156
649156
649156
649157
649157
649157
649157
649157
649157
649158
649158
649158
649158
649158
649158
649159
649159
649159
649159
649159
649159
649159
649159
649159
649160
649160
649160
649160
649160
649160
649161
649161
649161
649161
649161
649161
649162
649162
649162
649162
649162
649162
649163
649163
649163
649163
649163
649163
649164
649164
649164
649164
649164
649164
649165
649165
649165
649165
649165
649165
649165
649165
649165
649166
649166
649166
649166
649166
649166
649167
649167
649167
649167
649167
649167
649168
649168
649168
649168
649168
649168
649169
649169
649169
649169
649169
649169
649170
649170
649170
649170
649170
649170
649171
649171
649171
649171
649171
649171
649171
649171
649171
649172
649172
649172
649172
649172
649172
649173
649173
649173
649173
649173
649173
649174
649174
649174
649174
649174
649174
649175
649175
649175
649175
649175
649175
649176
649176
649176
649176
649176
649176
649177
649177
649177
649177
649177
649177
649177
649177
649177
649178
649178
649178
649178
649178
649178
649179
649179
649179
649179
649179
649179
649180
649180
649180
649180
649180
649180
649181
649181
649181
649181
649181
649181
649182
649182
649182
649182
649182
649182
649183
649183
649183
649183
649183
649183
649183
649183
649183
649184
649184
649184
649184
649184
649184
649185
649185
649185
649185
649185
649185
649186
649186
649186
649186
649186
649186
649187
649187
649187
649187
649187
649187
649188
649188
649188
649188
649188
649188
649189
649189
649189
649189
649189
649189
649189
649189
649189
649190
649190
649190
649190
649190
649190
649191
649191
649191
649191
649191
649191
649192
649192
649192
649192
649192
649192
649193
649193
649193
649193
649193
649193
649194
649194
649194
649194
649194
649194
649195
649195
649195
649195
649195
649195
649195
649195
649195
649196
649196
649196
649196
649196
649196
649197
649197
649197
649197
649197
649197
649198
649198
649198
649198
649198
649198
649199
649199
649199
649199
649199
649199
649200
649200
649200
649200
649200
649200
649201
649201
649201
649201
649201
649201
649202
649202
649202
649202
649202
649202
649203
649203
649203
649203
649204
649204
649204
649204
649205
649205
649205
649205
649206
649206
649206
649206
649207
649207
649207
649207
649208
649208
649208
649208
649208
649208
649209
649209
649209
649209
649210
649210
649210
649210
649211
649211
649211
649211
649212
649212
649212
649212
649213
649213
649213
649213
649214
649214
649214
649214
649214
649214
649215
649215
649215
649215
649216
649216
649216
649216
649217
649217
649217
649217
649218
649218
649218
649218
649219
649219
649219
649219
649220
649220
649220
649220
649220
649220
649221
649221
649221
649221
649222
649222
649222
649222
649223
649223
649223
649223
649224
649224
649224
649224
649225
649225
649225
649225
649226
649226
649226
649226
649226
649226
649227
649227
649227
649227
649228
649228
649228
649228
649229
649229
649229
649229
649230
649230
649230
649230
649231
649231
649231
649231
649232
649232
649232
649232
649232
649232
649233
649233
649233
649233
649234
649234
649234
649234
649235
649235
649235
649235
649236
649236
649236
649236
649237
649237
649237
649237
649238
649238
649238
649238
649238
649238
649239
649239
649239
649239
649240
649240
649240
649240
649241
649241
649241
649241
649242
649242
649242
649242
649243
649243
649243
649243
649244
649244
649244
649244
649245
649245
649245
649245
649245
649245
649246
649246
649246
649246
649247
649247
649247
649247
649248
649248
649248
649248
649249
649249
649249
649249
649250
649250
649250
649250
649251
649251
649251
649251
649251
649251
649252
649252
649252
649252
649253
649253
649253
649253
649254
649254
649254
649254
649255
649255
649255
649255
649256
649256
649256
649256
649257
649257
649257
649257
649257
649257
649258
649258
649258
649258
649259
649259
649259
649259
649260
649260
649260
649260
649261
649261
649261
649261
649262
649262
649262
649262
649263
649263
649263
649263
649263
649263
649264
649264
649264
649264
649265
649265
649265
649265
649266
649266
649266
649266
649267
649267
649267
649267
649268
649268
649268
649268
649269
649269
649269
649269
649269
649269
649270
649270
649270
649270
649271
649271
649271
649271
649272
649272
649272
649272
649273
649273
649273
649273
649274
649274
649274
649274
649275
649275
649275
649275
649275
649275
649276
649276
649276
649276
649277
649277
649277
649277
649278
649278
649278
649278
649279
649279
649279
649279
649280
649280
649280
649280
649281
649281
649281
649281
649281
649281
649282
649282
649282
649282
649283
649283
649283
649283
649284
649284
649284
649284
649285
649285
649285
649285
649286
649286
649286
649286
649287
649287
649287
649287
649288
649288
649288
649288
649288
649288
649288
649288
649288
649289
649289
649289
649289
649289
649289
649290
649290
649290
649290
649290
649290
649291
649291
649291
649291
649291
649291
649292
649292
649292
649292
649292
649292
649293
649293
649293
649293
649293
649293
649294
649294
649294
649294
649294
649294
649294
649294
649294
649295
649295
649295
649295
649295
649295
649296
649296
649296
649296
649296
649296
649297
649297
649297
649297
649297
649297
649298
649298
649298
649298
649298
649298
649299
649299
649299
649299
649299
649299
649300
649300
649300
649300
649300
649300
649300
649300
649300
649301
649301
649301
649301
649301
649301
649302
649302
649302
649302
649302
649302
649303
649303
649303
649303
649303
649303
649304
649304
649304
649304
649304
649304
649305
649305
649305
649305
649305
649305
649306
649306
649306
649306
649306
649306
649306
649306
649306
649307
649307
649307
649307
649307
649307
649308
649308
649308
649308
649308
649308
649309
649309
649309
649309
649309
649309
649310
649310
649310
649310
649310
649310
649311
649311
649311
649311
649311
649311
649312
649312
649312
649312
649312
649312
649312
649312
649312
649313
649313
649313
649313
649313
649313
649314
649314
649314
649314
649314
649314
649315
649315
649315
649315
649315
649315
649316
649316
649316
649316
649316
649316
649317
649317
649317
649317
649317
649317
649318
649318
649318
649318
649318
649318
649318
649318
649318
649319
649319
649319
649319
649319
649319
649320
649320
649320
649320
649320
649320
649321
649321
649321
649321
649321
649321
649322
649322
649322
649322
649322
649322
649323
649323
649323
649323
649323
649323
649324
649324
649324
649324
649324
649324
649324
649324
649324
649325
649325
649325
649325
649325
649325
649326
649326
649326
649326
649326
649326
649327
649327
649327
649327
649327
649327
649328
649328
649328
649328
649328
649328
649329
649329
649329
649329
649329
649329
649330
649330
649330
649330
649330
649330
649331
649331
649331
649331
649331
649331
649331
649331
649331
649332
649332
649332
649332
649332
649332
649333
649333
649333
649333
649333
649333
649334
649334
649334
649334
649334
649334
649335
649335
649335
649335
649335
649335
649336
649336
649336
649336
649336
649336
649337
649337
649337
649337
649337
649337
649337
649337
649337
649338
649338
649338
649338
649338
649338
649339
649339
649339
649339
649339
649339
649340
649340
649340
649340
649340
649340
649341
649341
649341
649341
649341
649341
649342
649342
649342
649342
649342
649342
649343
649343
649343
649343
649343
649343
649343
649343
649343
649344
649344
649344
649344
649344
649344
649345
649345
649345
649345
649345
649345
649346
649346
649346
649346
649346
649346
649347
649347
649347
649347
649347
649347
649348
649348
649348
649348
649348
649348
649349
649349
649349
649349
649349
649349
649349
649349
649349
649350
649350
649350
649350
649350
649350
649351
649351
649351
649351
649351
649351
649352
649352
649352
649352
649352
649352
649353
649353
649353
649353
649353
649353
649354
649354
649354
649354
649354
649354
649355
649355
649355
649355
649355
649355
649355
649355
649355
649356
649356
649356
649356
649356
649356
649357
649357
649357
649357
649357
649357
649358
649358
649358
649358
649358
649358
649359
649359
649359
649359
649359
649359
649360
649360
649360
649360
649360
649360
649361
649361
649361
649361
649361
649361
649361
649361
649361
649362
649362
649362
649362
649362
649362
649363
649363
649363
649363
649363
649363
649364
649364
649364
649364
649364
649364
649365
649365
649365
649365
649365
649365
649366
649366
649366
649366
649366
649366
649367
649367
649367
649367
649367
649367
649367
649367
649367
649368
649368
649368
649368
649368
649368
649369
649369
649369
649369
649369
649369
649370
649370
649370
649370
649370
649370
649371
649371
649371
649371
649371
649371
649372
649372
649372
649372
649372
649372
649373
649373
649373
649373
649373
649373
649374
649374
649374
649374
649374
649374
649375
649375
649375
649375
649376
649376
649376
649376
649377
649377
649377
649377
649378
649378
649378
649378
649379
649379
649379
649379
649380
649380
649380
649380
649380
649380
649381
649381
649381
649381
649382
649382
649382
649382
649383
649383
649383
649383
649384
649384
649384
649384
649385
649385
649385
649385
649386
649386
649386
649386
649386
649386
649387
649387
649387
649387
649388
649388
649388
649388
649389
649389
649389
649389
649390
649390
649390
649390
649391
649391
649391
649391
649392
649392
649392
649392
649392
649392
649393
649393
649393
649393
649394
649394
649394
649394
649395
649395
649395
649395
649396
649396
649396
649396
649397
649397
649397
649397
649398
649398
649398
649398
649398
649398
649399
649399
649399
649399
649400
649400
649400
649400
649401
649401
649401
649401
649402
649402
649402
649402
649403
649403
649403
649403
649404
649404
649404
649404
649404
649404
649405
649405
649405
649405
649406
649406
649406
649406
649407
649407
649407
649407
649408
649408
649408
649408
649409
649409
649409
649409
649410
649410
649410
649410
649410
649410
649411
649411
649411
649411
649412
649412
649412
649412
649413
649413
649413
649413
649414
649414
649414
649414
649415
649415
649415
649415
649416
649416
649416
649416
649417
649417
649417
649417
649417
649417
649418
649418
649418
649418
649419
649419
649419
649419
649420
649420
649420
649420
649421
649421
649421
649421
649422
649422
649422
649422
649423
649423
649423
649423
649423
649423
649424
649424
649424
649424
649425
649425
649425
649425
649426
649426
649426
649426
649427
649427
649427
649427
649428
649428
649428
649428
649429
649429
649429
649429
649429
649429
649430
649430
649430
649430
649431
649431
649431
649431
649432
649432
649432
649432
649433
649433
649433
649433
649434
649434
649434
649434
649435
649435
649435
649435
649435
649435
649436
649436
649436
649436
649437
649437
649437
649437
649438
649438
649438
649438
649439
649439
649439
649439
649440
649440
649440
649440
649441
649441
649441
649441
649441
649441
649442
649442
649442
649442
649443
649443
649443
649443
649444
649444
649444
649444
649445
649445
649445
649445
649446
649446
649446
649446
649447
649447
649447
649447
649447
649447
649448
649448
649448
649448
649449
649449
649449
649449
649450
649450
649450
649450
649451
649451
649451
649451
649452
649452
649452
649452
649453
649453
649453
649453
649453
649453
649454
649454
649454
649454
649455
649455
649455
649455
649456
649456
649456
649456
649457
649457
649457
649457
649458
649458
649458
649458
649459
649459
649459
649459
649460
649460
649460
649460
649460
649460
649460
649460
649460
649461
649461
649461
649461
649461
649461
649462
649462
649462
649462
649462
649462
649463
649463
649463
649463
649463
649463
649464
649464
649464
649464
649464
649464
649465
649465
649465
649465
649465
649465
649466
649466
649466
649466
649466
649466
649466
649466
649466
649467
649467
649467
649467
649467
649467
649468
649468
649468
649468
649468
649468
649469
649469
649469
649469
649469
649469
649470
649470
649470
649470
649470
649470
649471
649471
649471
649471
649471
649471
649472
649472
649472
649472
649472
649472
649472
649472
649472
649473
649473
649473
649473
649473
649473
649474
649474
649474
649474
649474
649474
649475
649475
649475
649475
649475
649475
649476
649476
649476
649476
649476
649476
649477
649477
649477
649477
649477
649477
649478
649478
649478
649478
649478
649478
649478
649478
649478
649479
649479
649479
649479
649479
649479
649480
649480
649480
649480
649480
649480
649481
649481
649481
649481
649481
649481
649482
649482
649482
649482
649482
649482
649483
649483
649483
649483
649483
649483
649484
649484
649484
649484
649484
649484
649484
649484
649484
649485
649485
649485
649485
649485
649485
649486
649486
649486
649486
649486
649486
649487
649487
649487
649487
649487
649487
649488
649488
649488
649488
649488
649488
649489
649489
649489
649489
649489
649489
649490
649490
649490
649490
649490
649490
649490
649490
649490
649491
649491
649491
649491
649491
649491
649492
649492
649492
649492
649492
649492
649493
649493
649493
649493
649493
649493
649494
649494
649494
649494
649494
649494
649495
649495
649495
649495
649495
649495
649496
649496
649496
649496
649496
649496
649496
649496
649496
649497
649497
649497
649497
649497
649497
649498
649498
649498
649498
649498
649498
649499
649499
649499
649499
649499
649499
649500
649500
649500
649500
649500
649500
649501
649501
649501
649501
649501
649501
649502
649502
649502
649502
649502
649502
649503
649503
649503
649503
649503
649503
649503
649503
649503
649504
649504
649504
649504
649504
649504
649505
649505
649505
649505
649505
649505
649506
649506
649506
649506
649506
649506
649507
649507
649507
649507
649507
649507
649508
649508
649508
649508
649508
649508
649509
649509
649509
649509
649509
649509
649509
649509
649509
649510
649510
649510
649510
649510
649510
649511
649511
649511
649511
649511
649511
649512
649512
649512
649512
649512
649512
649513
649513
649513
649513
649513
649513
649514
649514
649514
649514
649514
649514
649515
649515
649515
649515
649515
649515
649515
649515
649515
649516
649516
649516
649516
649516
649516
649517
649517
649517
649517
649517
649517
649518
649518
649518
649518
649518
649518
649519
649519
649519
649519
649519
649519
649520
649520
649520
649520
649520
649520
649521
649521
649521
649521
649521
649521
649521
649521
649521
649522
649522
649522
649522
649522
649522
649523
649523
649523
649523
649523
649523
649524
649524
649524
649524
649524
649524
649525
649525
649525
649525
649525
649525
649526
649526
649526
649526
649526
649526
649527
649527
649527
649527
649527
649527
649527
649527
649527
649528
649528
649528
649528
649528
649528
649529
649529
649529
649529
649529
649529
649530
649530
649530
649530
649530
649530
649531
649531
649531
649531
649531
649531
649532
649532
649532
649532
649532
649532
649533
649533
649533
649533
649533
649533
649533
649533
649533
649534
649534
649534
649534
649534
649534
649535
649535
649535
649535
649535
649535
649536
649536
649536
649536
649536
649536
649537
649537
649537
649537
649537
649537
649538
649538
649538
649538
649538
649538
649539
649539
649539
649539
649539
649539
649539
649539
649539
649540
649540
649540
649540
649540
649540
649541
649541
649541
649541
649541
649541
649542
649542
649542
649542
649542
649542
649543
649543
649543
649543
649543
649543
649544
649544
649544
649544
649544
649544
649545
649545
649545
649545
649545
649545
649546
649546
649546
649546
649546
649546
649547
649547
649547
649547
649548
649548
649548
649548
649549
649549
649549
649549
649550
649550
649550
649550
649551
649551
649551
649551
649552
649552
649552
649552
649552
649552
649553
649553
649553
649553
649554
649554
649554
649554
649555
649555
649555
649555
649556
649556
649556
649556
649557
649557
649557
649557
649558
649558
649558
649558
649558
649558
649559
649559
649559
649559
649560
649560
649560
649560
649561
649561
649561
649561
649562
649562
649562
649562
649563
649563
649563
649563
649564
649564
649564
649564
649564
649564
649565
649565
649565
649565
649566
649566
649566
649566
649567
649567
649567
649567
649568
649568
649568
649568
649569
649569
649569
649569
649570
649570
649570
649570
649570
649570
649571
649571
649571
649571
649572
649572
649572
649572
649573
649573
649573
649573
649574
649574
649574
649574
649575
649575
649575
649575
649576
649576
649576
649576
649576
649576
649577
649577
649577
649577
649578
649578
649578
649578
649579
649579
649579
649579
649580
649580
649580
649580
649581
649581
649581
649581
649582
649582
649582
649582
649582
649582
649583
649583
649583
649583
649584
649584
649584
649584
649585
649585
649585
649585
649586
649586
649586
649586
649587
649587
649587
649587
649588
649588
649588
649588
649589
649589
649589
649589
649589
649589
649590
649590
649590
649590
649591
649591
649591
649591
649592
649592
649592
649592
649593
649593
649593
649593
649594
649594
649594
649594
649595
649595
649595
649595
649595
649595
649596
649596
649596
649596
649597
649597
649597
649597
649598
649598
649598
649598
649599
649599
649599
649599
649600
649600
649600
649600
649601
649601
649601
649601
649601
649601
649602
649602
649602
649602
649603
649603
649603
649603
649604
649604
649604
649604
649605
649605
649605
649605
649606
649606
649606
649606
649607
649607
649607
649607
649607
649607
649608
649608
649608
649608
649609
649609
649609
649609
649610
649610
649610
649610
649611
649611
649611
649611
649612
649612
649612
649612
649613
649613
649613
649613
649613
649613
649614
649614
649614
649614
649615
649615
649615
649615
649616
649616
649616
649616
649617
649617
649617
649617
649618
649618
649618
649618
649619
649619
649619
649619
649619
649619
649620
649620
649620
649620
649621
649621
649621
649621
649622
649622
649622
649622
649623
649623
649623
649623
649624
649624
649624
649624
649625
649625
649625
649625
649625
649625
649626
649626
649626
649626
649627
649627
649627
649627
649628
649628
649628
649628
649629
649629
649629
649629
649630
649630
649630
649630
649631
649631
649631
649631
649632
649632
649632
649632
649632
649632
649632
649632
649632
649633
649633
649633
649633
649633
649633
649634
649634
649634
649634
649634
649634
649635
649635
649635
649635
649635
649635
649636
649636
649636
649636
649636
649636
649637
649637
649637
649637
649637
649637
649638
649638
649638
649638
649638
649638
649638
649638
649638
649639
649639
649639
649639
649639
649639
649640
649640
649640
649640
649640
649640
649641
649641
649641
649641
649641
649641
649642
649642
649642
649642
649642
649642
649643
649643
649643
649643
649643
649643
649644
649644
649644
649644
649644
649644
649644
649644
649644
649645
649645
649645
649645
649645
649645
649646
649646
649646
649646
649646
649646
649647
649647
649647
649647
649647
649647
649648
649648
649648
649648
649648
649648
649649
649649
649649
649649
649649
649649
649650
649650
649650
649650
649650
649650
649650
649650
649650
649651
649651
649651
649651
649651
649651
649652
649652
649652
649652
649652
649652
649653
649653
649653
649653
649653
649653
649654
649654
649654
649654
649654
649654
649655
649655
649655
649655
649655
649655
649656
649656
649656
649656
649656
649656
649656
649656
649656
649657
649657
649657
649657
649657
649657
649658
649658
649658
649658
649658
649658
649659
649659
649659
649659
649659
649659
649660
649660
649660
649660
649660
649660
649661
649661
649661
649661
649661
649661
649662
649662
649662
649662
649662
649662
649662
649662
649662
649663
649663
649663
649663
649663
649663
649664
649664
649664
649664
649664
649664
649665
649665
649665
649665
649665
649665
649666
649666
649666
649666
649666
649666
649667
649667
649667
649667
649667
649667
649668
649668
649668
649668
649668
649668
649668
649668
649668
649669
649669
649669
649669
649669
649669
649670
649670
649670
649670
649670
649670
649671
649671
649671
649671
649671
649671
649672
649672
649672
649672
649672
649672
649673
649673
649673
649673
649673
649673
649674
649674
649674
649674
649674
649674
649675
649675
649675
649675
649675
649675
649675
649675
649675
649676
649676
649676
649676
649676
649676
649677
649677
649677
649677
649677
649677
649678
649678
649678
649678
649678
649678
649679
649679
649679
649679
649679
649679
649680
649680
649680
649680
649680
649680
649681
649681
649681
649681
649681
649681
649681
649681
649681
649682
649682
649682
649682
649682
649682
649683
649683
649683
649683
649683
649683
649684
649684
649684
649684
649684
649684
649685
649685
649685
649685
649685
649685
649686
649686
649686
649686
649686
649686
649687
649687
649687
649687
649687
649687
649687
649687
649687
649688
649688
649688
649688
649688
649688
649689
649689
649689
649689
649689
649689
649690
649690
649690
649690
649690
649690
649691
649691
649691
649691
649691
649691
649692
649692
649692
649692
649692
649692
649693
649693
649693
649693
649693
649693
649693
649693
649693
649694
649694
649694
649694
649694
649694
649695
649695
649695
649695
649695
649695
649696
649696
649696
649696
649696
649696
649697
649697
649697
649697
649697
649697
649698
649698
649698
649698
649698
649698
649699
649699
649699
649699
649699
649699
649699
649699
649699
649700
649700
649700
649700
649700
649700
649701
649701
649701
649701
649701
649701
649702
649702
649702
649702
649702
649702
649703
649703
649703
649703
649703
649703
649704
649704
649704
649704
649704
649704
649705
649705
649705
649705
649705
649705
649705
649705
649705
649706
649706
649706
649706
649706
649706
649707
649707
649707
649707
649707
649707
649708
649708
649708
649708
649708
649708
649709
649709
649709
649709
649709
649709
649710
649710
649710
649710
649710
649710
649711
649711
649711
649711
649711
649711
649711
649711
649711
649712
649712
649712
649712
649712
649712
649713
649713
649713
649713
649713
649713
649714
649714
649714
649714
649714
649714
649715
649715
649715
649715
649715
649715
649716
649716
649716
649716
649716
649716
649717
649717
649717
649717
649717
649717
649718
649718
649718
649718
649718
649718
649719
649719
649719
649719
649720
649720
649720
649720
649721
649721
649721
649721
649722
649722
649722
649722
649723
649723
649723
649723
649724
649724
649724
649724
649724
649724
649725
649725
649725
649725
649726
649726
649726
649726
649727
649727
649727
649727
649728
649728
649728
649728
649729
649729
649729
649729
649730
649730
649730
649730
649730
649730
649731
649731
649731
649731
649732
649732
649732
649732
649733
649733
649733
649733
649734
649734
649734
649734
649735
649735
649735
649735
649736
649736
649736
649736
649736
649736
649737
649737
649737
649737
649738
649738
649738
649738
649739
649739
649739
649739
649740
649740
649740
649740
649741
649741
649741
649741
649742
649742
649742
649742
649742
649742
649743
649743
649743
649743
649744
649744
649744
649744
649745
649745
649745
649745
649746
649746
649746
649746
649747
649747
649747
649747
649748
649748
649748
649748
649748
649748
649749
649749
649749
649749
649750
649750
649750
649750
649751
649751
649751
649751
649752
649752
649752
649752
649753
649753
649753
649753
649754
649754
649754
649754
649754
649754
649755
649755
649755
649755
649755
649756
649756
649756
649756
649757
649757
649757
649757
649758
649758
649758
649758
649759
649759
649759
649759
649760
649760
649760
649760
649761
649761
649761
649761
649761
649761
649762
649762
649762
649762
649763
649763
649763
649763
649764
649764
649764
649764
649765
649765
649765
649765
649766
649766
649766
649766
649767
649767
649767
649767
649767
649767
649768
649768
649768
649768
649769
649769
649769
649769
649770
649770
649770
649770
649771
649771
649771
649771
649772
649772
649772
649772
649773
649773
649773
649773
649773
649773
649774
649774
649774
649774
649775
649775
649775
649775
649776
649776
649776
649776
649777
649777
649777
649777
649778
649778
649778
649778
649779
649779
649779
649779
649779
649779
649780
649780
649780
649780
649781
649781
649781
649781
649782
649782
649782
649782
649783
649783
649783
649783
649784
649784
649784
649784
649785
649785
649785
649785
649785
649785
649786
649786
649786
649786
649787
649787
649787
649787
649788
649788
649788
649788
649789
649789
649789
649789
649790
649790
649790
649790
649791
649791
649791
649791
649791
649791
649792
649792
649792
649792
649793
649793
649793
649793
649794
649794
649794
649794
649795
649795
649795
649795
649796
649796
649796
649796
649797
649797
649797
649797
649797
649797
649798
649798
649798
649798
649798
649799
649799
649799
649799
649800
649800
649800
649800
649801
649801
649801
649801
649802
649802
649802
649802
649803
649803
649803
649803
649804
649804
649804
649804
649804
649804
649804
649804
649804
649805
649805
649805
649805
649805
649805
649806
649806
649806
649806
649806
649806
649807
649807
649807
649807
649807
649807
649808
649808
649808
649808
649808
649808
649809
649809
649809
649809
649809
649809
649810
649810
649810
649810
649810
649810
649810
649810
649810
649811
649811
649811
649811
649811
649811
649812
649812
649812
649812
649812
649812
649813
649813
649813
649813
649813
649813
649814
649814
649814
649814
649814
649814
649815
649815
649815
649815
649815
649815
649816
649816
649816
649816
649816
649816
649816
649816
649816
649817
649817
649817
649817
649817
649817
649818
649818
649818
649818
649818
649818
649819
649819
649819
649819
649819
649819
649820
649820
649820
649820
649820
649820
649821
649821
649821
649821
649821
649821
649822
649822
649822
649822
649822
649822
649822
649822
649822
649823
649823
649823
649823
649823
649823
649824
649824
649824
649824
649824
649824
649825
649825
649825
649825
649825
649825
649826
649826
649826
649826
649826
649826
649827
649827
649827
649827
649827
649827
649828
649828
649828
649828
649828
649828
649828
649828
649828
649829
649829
649829
649829
649829
649829
649830
649830
649830
649830
649830
649830
649831
649831
649831
649831
649831
649831
649832
649832
649832
649832
649832
649832
649833
649833
649833
649833
649833
649833
649834
649834
649834
649834
649834
649834
649834
649834
649834
649835
649835
649835
649835
649835
649835
649836
649836
649836
649836
649836
649836
649837
649837
649837
649837
649837
649837
649838
649838
649838
649838
649838
649838
649839
649839
649839
649839
649839
649839
649840
649840
649840
649840
649840
649840
649841
649841
649841
649841
649841
649841
649841
649841
649841
649842
649842
649842
649842
649842
649842
649843
649843
649843
649843
649843
649843
649844
649844
649844
649844
649844
649844
649845
649845
649845
649845
649845
649845
649846
649846
649846
649846
649846
649846
649847
649847
649847
649847
649847
649847
649847
649847
649847
649848
649848
649848
649848
649848
649848
649849
649849
649849
649849
649849
649849
649850
649850
649850
649850
649850
649850
649851
649851
649851
649851
649851
649851
649852
649852
649852
649852
649852
649852
649853
649853
649853
649853
649853
649853
649853
649853
649853
649854
649854
649854
649854
649854
649854
649855
649855
649855
649855
649855
649855
649856
649856
649856
649856
649856
649856
649857
649857
649857
649857
649857
649857
649858
649858
649858
649858
649858
649858
649859
649859
649859
649859
649859
649859
649859
649859
649859
649860
649860
649860
649860
649860
649860
649861
649861
649861
649861
649861
649861
649862
649862
649862
649862
649862
649862
649863
649863
649863
649863
649863
649863
649864
649864
649864
649864
649864
649864
649865
649865
649865
649865
649865
649865
649865
649865
649865
649866
649866
649866
649866
649866
649866
649867
649867
649867
649867
649867
649867
649868
649868
649868
649868
649868
649868
649869
649869
649869
649869
649869
649869
649870
649870
649870
649870
649870
649870
649871
649871
649871
649871
649871
649871
649871
649871
649871
649872
649872
649872
649872
649872
649872
649873
649873
649873
649873
649873
649873
649874
649874
649874
649874
649874
649874
649875
649875
649875
649875
649875
649875
649876
649876
649876
649876
649876
649876
649877
649877
649877
649877
649877
649877
649877
649877
649877
649878
649878
649878
649878
649878
649878
649879
649879
649879
649879
649879
649879
649880
649880
649880
649880
649880
649880
649881
649881
649881
649881
649881
649881
649882
649882
649882
649882
649882
649882
649883
649883
649883
649883
649883
649883
649884
649884
649884
649884
649884
649884
649884
649884
649884
649885
649885
649885
649885
649885
649885
649886
649886
649886
649886
649886
649886
649887
649887
649887
649887
649887
649887
649888
649888
649888
649888
649888
649888
649889
649889
649889
649889
649889
649889
649890
649890
649890
649890
649890
649890
649891
649891
649891
649891
649892
649892
649892
649892
649893
649893
649893
649893
649894
649894
649894
649894
649895
649895
649895
649895
649896
649896
649896
649896
649896
649896
649897
649897
649897
649897
649898
649898
649898
649898
649899
649899
649899
649899
649900
649900
649900
649900
649901
649901
649901
649901
649902
649902
649902
649902
649902
649902
649903
649903
649903
649903
649904
649904
649904
649904
649905
649905
649905
649905
649906
649906
649906
649906
649907
649907
649907
649907
649908
649908
649908
649908
649908
649908
649909
649909
649909
649909
649910
649910
649910
649910
649911
649911
649911
649911
649912
649912
649912
649912
649913
649913
649913
649913
649914
649914
649914
649914
649914
649914
649915
649915
649915
649915
649916
649916
649916
649916
649917
649917
649917
649917
649918
649918
649918
649918
649919
649919
649919
649919
649920
649920
649920
649920
649920
649920
649921
649921
649921
649921
649922
649922
649922
649922
649923
649923
649923
649923
649924
649924
649924
649924
649925
649925
649925
649925
649926
649926
649926
649926
649927
649927
649927
649927
649927
649927
649928
649928
649928
649928
649929
649929
649929
649929
649930
649930
649930
649930
649931
649931
649931
649931
649932
649932
649932
649932
649933
649933
649933
649933
649933
649933
649934
649934
649934
649934
649935
649935
649935
649935
649936
649936
649936
649936
649937
649937
649937
649937
649938
649938
649938
649938
649939
649939
649939
649939
649939
649939
649940
649940
649940
649940
649941
649941
649941
649941
649942
649942
649942
649942
649943
649943
649943
649943
649944
649944
649944
649944
649945
649945
649945
649945
649945
649945
649946
649946
649946
649946
649947
649947
649947
649947
649948
649948
649948
649948
649949
649949
649949
649949
649950
649950
649950
649950
649951
649951
649951
649951
649951
649951
649952
649952
649952
649952
649953
649953
649953
649953
649954
649954
649954
649954
649955
649955
649955
649955
649956
649956
649956
649956
649957
649957
649957
649957
649957
649957
649958
649958
649958
649958
649959
649959
649959
649959
649960
649960
649960
649960
649961
649961
649961
649961
649962
649962
649962
649962
649963
649963
649963
649963
649963
649963
649964
649964
649964
649964
649965
649965
649965
649965
649966
649966
649966
649966
649967
649967
649967
649967
649968
649968
649968
649968
649969
649969
649969
649969
649970
649970
649970
649970
649970
649970
649971
649971
649971
649971
649972
649972
649972
649972
649973
649973
649973
649973
649974
649974
649974
649974
649975
649975
649975
649975
649976
649976
649976
649976
649976
649976
649977
649977
649977
649977
649978
649978
649978
649978
649979
649979
649979
649979
649980
649980
649980
649980
649981
649981
649981
649981
649982
649982
649982
649982
649982
649982
649983
649983
649983
649983
649984
649984
649984
649984
649985
649985
649985
649985
649986
649986
649986
649986
649987
649987
649987
649987
649988
649988
649988
649988
649988
649988
649989
649989
649989
649989
649990
649990
649990
649990
649991
649991
649991
649991
649992
649992
649992
649992
649993
649993
649993
649993
649994
649994
649994
649994
649994
649994
649995
649995
649995
649995
649996
649996
649996
649996
649997
649997
649997
649997
649998
649998
649998
649998
649999
649999
649999
649999
650000
650000
650000
650000
650000
650000
650001
650001
650001
650001
650002
650002
650002
650002
650003
650003
650003
650003
650004
650004
650004
650004
650005
650005
650005
650005
650006
650006
650006
650006
650006
650006
650007
650007
650007
650007
650008
650008
650008
650008
650009
650009
650009
650009
650010
650010
650010
650010
650011
650011
650011
650011
650012
650012
650012
650012
650013
650013
650013
650013
650013
650013
650014
650014
650014
650014
650015
650015
650015
650015
650016
650016
650016
650016
650017
650017
650017
650017
650018
650018
650018
650018
650019
650019
650019
650019
650019
650019
650020
650020
650020
650020
650021
650021
650021
650021
650022
650022
650022
650022
650023
650023
650023
650023
650024
650024
650024
650024
650025
650025
650025
650025
650025
650025
650026
650026
650026
650026
650027
650027
650027
650027
650028
650028
650028
650028
650029
650029
650029
650029
650030
650030
650030
650030
650031
650031
650031
650031
650031
650031
650032
650032
650032
650032
650033
650033
650033
650033
650034
650034
650034
650034
650035
650035
650035
650035
650036
650036
650036
650036
650037
650037
650037
650037
650037
650037
650038
650038
650038
650038
650039
650039
650039
650039
650040
650040
650040
650040
650041
650041
650041
650041
650042
650042
650042
650042
650043
650043
650043
650043
650043
650043
650044
650044
650044
650044
650045
650045
650045
650045
650046
650046
650046
650046
650047
650047
650047
650047
650048
650048
650048
650048
650049
650049
650049
650049
650049
650049
650050
650050
650050
650050
650051
650051
650051
650051
650052
650052
650052
650052
650053
650053
650053
650053
650054
650054
650054
650054
650055
650055
650055
650055
650056
650056
650056
650056
650056
650056
650057
650057
650057
650057
650058
650058
650058
650058
650059
650059
650059
650059
650060
650060
650060
650060
650061
650061
650061
650061
650062
650062
650062
650062
650063
650063
650063
650063
650064
650064
650064
650064
650065
650065
650065
650065
650066
650066
650066
650066
650067
650067
650067
650067
650068
650068
650068
650068
650068
650068
650069
650069
650069
650069
650070
650070
650070
650070
650071
650071
650071
650071
650072
650072
650072
650072
650073
650073
650073
650073
650074
650074
650074
650074
650074
650074
650075
650075
650075
650075
650076
650076
650076
650076
650077
650077
650077
650077
650078
650078
650078
650078
650079
650079
650079
650079
650080
650080
650080
650080
650080
650080
650081
650081
650081
650081
650082
650082
650082
650082
650083
650083
650083
650083
650084
650084
650084
650084
650085
650085
650085
650085
650086
650086
650086
650086
650086
650086
650087
650087
650087
650087
650088
650088
650088
650088
650089
650089
650089
650089
650090
650090
650090
650090
650091
650091
650091
650091
650092
650092
650092
650092
650092
650092
650093
650093
650093
650093
650094
650094
650094
650094
650095
650095
650095
650095
650096
650096
650096
650096
650097
650097
650097
650097
650098
650098
650098
650098
650098
650098
650099
650099
650099
650099
650100
650100
650100
650100
650101
650101
650101
650101
650102
650102
650102
650102
650103
650103
650103
650103
650104
650104
650104
650104
650104
650104
650105
650105
650105
650105
650105
650106
650106
650106
650106
650107
650107
650107
650107
650108
650108
650108
650108
650109
650109
650109
650109
650110
650110
650110
650110
650111
650111
650111
650111
650111
650111
650112
650112
650112
650112
650113
650113
650113
650113
650114
650114
650114
650114
650115
650115
650115
650115
650116
650116
650116
650116
650117
650117
650117
650117
650117
650117
650118
650118
650118
650118
650119
650119
650119
650119
650120
650120
650120
650120
650121
650121
650121
650121
650122
650122
650122
650122
650123
650123
650123
650123
650123
650123
650124
650124
650124
650124
650125
650125
650125
650125
650126
650126
650126
650126
650127
650127
650127
650127
650128
650128
650128
650128
650129
650129
650129
650129
650129
650129
650130
650130
650130
650130
650131
650131
650131
650131
650132
650132
650132
650132
650133
650133
650133
650133
650134
650134
650134
650134
650135
650135
650135
650135
650135
650135
650136
650136
650136
650136
650137
650137
650137
650137
650138
650138
650138
650138
650139
650139
650139
650139
650140
650140
650140
650140
650141
650141
650141
650141
650141
650141
650142
650142
650142
650142
650143
650143
650143
650143
650144
650144
650144
650144
650145
650145
650145
650145
650146
650146
650146
650146
650147
650147
650147
650147
650147
650147
650148
650148
650148
650148
650149
650149
650149
650149
650150
650150
650150
650150
650151
650151
650151
650151
650152
650152
650152
650152
650153
650153
650153
650153
650154
650154
650154
650154
650154
650154
650155
650155
650155
650155
650156
650156
650156
650156
650157
650157
650157
650157
650158
650158
650158
650158
650159
650159
650159
650159
650160
650160
650160
650160
650160
650160
650161
650161
650161
650161
650162
650162
650162
650162
650163
650163
650163
650163
650164
650164
650164
650164
650165
650165
650165
650165
650166
650166
650166
650166
650166
650166
650167
650167
650167
650167
650168
650168
650168
650168
650169
650169
650169
650169
650170
650170
650170
650170
650171
650171
650171
650171
650172
650172
650172
650172
650172
650172
650173
650173
650173
650173
650174
650174
650174
650174
650175
650175
650175
650175
650176
650176
650176
650176
650177
650177
650177
650177
650178
650178
650178
650178
650178
650178
650179
650179
650179
650179
650180
650180
650180
650180
650181
650181
650181
650181
650182
650182
650182
650182
650183
650183
650183
650183
650184
650184
650184
650184
650184
650184
650185
650185
650185
650185
650186
650186
650186
650186
650187
650187
650187
650187
650188
650188
650188
650188
650189
650189
650189
650189
650190
650190
650190
650190
650190
650190
650191
650191
650191
650191
650192
650192
650192
650192
650193
650193
650193
650193
650194
650194
650194
650194
650195
650195
650195
650195
650196
650196
650196
650196
650197
650197
650197
650197
650197
650197
650198
650198
650198
650198
650199
650199
650199
650199
650200
650200
650200
650200
650201
650201
650201
650201
650202
650202
650202
650202
650203
650203
650203
650203
650203
650203
650204
650204
650204
650204
650205
650205
650205
650205
650206
650206
650206
650206
650207
650207
650207
650207
650208
650208
650208
650208
650209
650209
650209
650209
650209
650209
650210
650210
650210
650210
650211
650211
650211
650211
650212
650212
650212
650212
650213
650213
650213
650213
650214
650214
650214
650214
650215
650215
650215
650215
650215
650215
650216
650216
650216
650216
650217
650217
650217
650217
650218
650218
650218
650218
650219
650219
650219
650219
650220
650220
650220
650220
650221
650221
650221
650221
650221
650221
650222
650222
650222
650222
650223
650223
650223
650223
650224
650224
650224
650224
650225
650225
650225
650225
650226
650226
650226
650226
650227
650227
650227
650227
650227
650227
650228
650228
650228
650228
650229
650229
650229
650229
650230
650230
650230
650230
650231
650231
650231
650231
650232
650232
650232
650232
650233
650233
650233
650233
650233
650233
650234
650234
650234
650234
650234
650234
650235
650235
650235
650235
650235
650235
650236
650236
650236
650236
650236
650236
650237
650237
650237
650237
650237
650237
650238
650238
650238
650238
650238
650238
650239
650239
650239
650239
650239
650239
650240
650240
650240
650240
650240
650240
650240
650240
650240
650241
650241
650241
650241
650241
650241
650242
650242
650242
650242
650242
650242
650243
650243
650243
650243
650243
650243
650244
650244
650244
650244
650244
650244
650245
650245
650245
650245
650245
650245
650246
650246
650246
650246
650246
650246
650246
650246
650246
650247
650247
650247
650247
650247
650247
650248
650248
650248
650248
650248
650248
650249
650249
650249
650249
650249
650249
650250
650250
650250
650250
650250
650250
650251
650251
650251
650251
650251
650251
650252
650252
650252
650252
650252
650252
650252
650252
650252
650253
650253
650253
650253
650253
650253
650254
650254
650254
650254
650254
650254
650255
650255
650255
650255
650255
650255
650256
650256
650256
650256
650256
650256
650257
650257
650257
650257
650257
650257
650258
650258
650258
650258
650258
650258
650258
650258
650258
650259
650259
650259
650259
650259
650259
650260
650260
650260
650260
650260
650260
650261
650261
650261
650261
650261
650261
650262
650262
650262
650262
650262
650262
650263
650263
650263
650263
650263
650263
650264
650264
650264
650264
650264
650264
650264
650264
650264
650265
650265
650265
650265
650265
650265
650266
650266
650266
650266
650266
650266
650267
650267
650267
650267
650267
650267
650268
650268
650268
650268
650268
650268
650269
650269
650269
650269
650269
650269
650270
650270
650270
650270
650270
650270
650270
650270
650270
650271
650271
650271
650271
650271
650271
650272
650272
650272
650272
650272
650272
650273
650273
650273
650273
650273
650273
650274
650274
650274
650274
650274
650274
650275
650275
650275
650275
650275
650275
650276
650276
650276
650276
650276
650276
650276
650276
650276
650277
650277
650277
650277
650277
650277
650278
650278
650278
650278
650278
650278
650279
650279
650279
650279
650279
650279
650280
650280
650280
650280
650280
650280
650281
650281
650281
650281
650281
650281
650282
650282
650282
650282
650282
650282
650283
650283
650283
650283
650283
650283
650283
650283
650283
650284
650284
650284
650284
650284
650284
650285
650285
650285
650285
650285
650285
650286
650286
650286
650286
650286
650286
650287
650287
650287
650287
650287
650287
650288
650288
650288
650288
650288
650288
650289
650289
650289
650289
650289
650289
650289
650289
650289
650290
650290
650290
650290
650290
650290
650291
650291
650291
650291
650291
650291
650292
650292
650292
650292
650292
650292
650293
650293
650293
650293
650293
650293
650294
650294
650294
650294
650294
650294
650295
650295
650295
650295
650295
650295
650295
650295
650295
650296
650296
650296
650296
650296
650296
650297
650297
650297
650297
650297
650297
650298
650298
650298
650298
650298
650298
650299
650299
650299
650299
650299
650299
650300
650300
650300
650300
650300
650300
650301
650301
650301
650301
650301
650301
650301
650301
650301
650302
650302
650302
650302
650302
650302
650303
650303
650303
650303
650303
650303
650304
650304
650304
650304
650304
650304
650305
650305
650305
650305
650305
650305
650306
650306
650306
650306
650306
650306
650307
650307
650307
650307
650307
650307
650307
650307
650307
650308
650308
650308
650308
650308
650308
650309
650309
650309
650309
650309
650309
650310
650310
650310
650310
650310
650310
650311
650311
650311
650311
650311
650311
650312
650312
650312
650312
650312
650312
650313
650313
650313
650313
650313
650313
650313
650313
650313
650314
650314
650314
650314
650314
650314
650315
650315
650315
650315
650315
650315
650316
650316
650316
650316
650316
650316
650317
650317
650317
650317
650317
650317
650318
650318
650318
650318
650318
650318
650319
650319
650319
650319
650319
650319
650319
650319
650319
650320
650320
650320
650320
650321
650321
650321
650321
650322
650322
650322
650322
650323
650323
650323
650323
650324
650324
650324
650324
650325
650325
650325
650325
650326
650326
650326
650326
650326
650326
650327
650327
650327
650327
650328
650328
650328
650328
650329
650329
650329
650329
650330
650330
650330
650330
650331
650331
650331
650331
650332
650332
650332
650332
650332
650332
650333
650333
650333
650333
650334
650334
650334
650334
650335
650335
650335
650335
650336
650336
650336
650336
650337
650337
650337
650337
650338
650338
650338
650338
650338
650338
650339
650339
650339
650339
650340
650340
650340
650340
650341
650341
650341
650341
650342
650342
650342
650342
650343
650343
650343
650343
650344
650344
650344
650344
650344
650344
650345
650345
650345
650345
650346
650346
650346
650346
650347
650347
650347
650347
650348
650348
650348
650348
650349
650349
650349
650349
650350
650350
650350
650350
650350
650350
650351
650351
650351
650351
650352
650352
650352
650352
650353
650353
650353
650353
650354
650354
650354
650354
650355
650355
650355
650355
650356
650356
650356
650356
650356
650356
650357
650357
650357
650357
650358
650358
650358
650358
650359
650359
650359
650359
650360
650360
650360
650360
650361
650361
650361
650361
650362
650362
650362
650362
650362
650362
650363
650363
650363
650363
650364
650364
650364
650364
650365
650365
650365
650365
650366
650366
650366
650366
650367
650367
650367
650367
650368
650368
650368
650368
650369
650369
650369
650369
650369
650369
650370
650370
650370
650370
650371
650371
650371
650371
650372
650372
650372
650372
650373
650373
650373
650373
650374
650374
650374
650374
650375
650375
650375
650375
650375
650375
650376
650376
650376
650376
650377
650377
650377
650377
650378
650378
650378
650378
650379
650379
650379
650379
650380
650380
650380
650380
650381
650381
650381
650381
650381
650381
650382
650382
650382
650382
650383
650383
650383
650383
650384
650384
650384
650384
650385
650385
650385
650385
650386
650386
650386
650386
650387
650387
650387
650387
650387
650387
650388
650388
650388
650388
650389
650389
650389
650389
650390
650390
650390
650390
650391
650391
650391
650391
650392
650392
650392
650392
650393
650393
650393
650393
650393
650393
650394
650394
650394
650394
650395
650395
650395
650395
650396
650396
650396
650396
650397
650397
650397
650397
650398
650398
650398
650398
650399
650399
650399
650399
650399
650399
650400
650400
650400
650400
650401
650401
650401
650401
650402
650402
650402
650402
650403
650403
650403
650403
650404
650404
650404
650404
650405
650405
650405
650405
650405
650405
650406
650406
650406
650406
650406
650406
650407
650407
650407
650407
650407
650407
650408
650408
650408
650408
650408
650408
650409
650409
650409
650409
650409
650409
650410
650410
650410
650410
650410
650410
650411
650411
650411
650411
650411
650411
650412
650412
650412
650412
650412
650412
650412
650412
650412
650413
650413
650413
650413
650413
650413
650414
650414
650414
650414
650414
650414
650415
650415
650415
650415
650415
650415
650416
650416
650416
650416
650416
650416
650417
650417
650417
650417
650417
650417
650418
650418
650418
650418
650418
650418
650418
650418
650418
650419
650419
650419
650419
650419
650419
650420
650420
650420
650420
650420
650420
650421
650421
650421
650421
650421
650421
650422
650422
650422
650422
650422
650422
650423
650423
650423
650423
650423
650423
650424
650424
650424
650424
650424
650424
650424
650424
650424
650425
650425
650425
650425
650425
650425
650426
650426
650426
650426
650426
650426
650427
650427
650427
650427
650427
650427
650428
650428
650428
650428
650428
650428
650429
650429
650429
650429
650429
650429
650430
650430
650430
650430
650430
650430
650430
650430
650430
650431
650431
650431
650431
650431
650431
650432
650432
650432
650432
650432
650432
650433
650433
650433
650433
650433
650433
650434
650434
650434
650434
650434
650434
650435
650435
650435
650435
650435
650435
650436
650436
650436
650436
650436
650436
650436
650436
650436
650437
650437
650437
650437
650437
650437
650438
650438
650438
650438
650438
650438
650439
650439
650439
650439
650439
650439
650440
650440
650440
650440
650440
650440
650441
650441
650441
650441
650441
650441
650442
650442
650442
650442
650442
650442
650442
650442
650442
650443
650443
650443
650443
650443
650443
650444
650444
650444
650444
650444
650444
650445
650445
650445
650445
650445
650445
650446
650446
650446
650446
650446
650446
650447
650447
650447
650447
650447
650447
650448
650448
650448
650448
650448
650448
650448
650448
650448
650449
650449
650449
650449
650449
650449
650450
650450
650450
650450
650450
650450
650451
650451
650451
650451
650451
650451
650452
650452
650452
650452
650452
650452
650453
650453
650453
650453
650453
650453
650454
650454
650454
650454
650454
650454
650455
650455
650455
650455
650455
650455
650455
650455
650455
650456
650456
650456
650456
650456
650456
650457
650457
650457
650457
650457
650457
650458
650458
650458
650458
650458
650458
650459
650459
650459
650459
650459
650459
650460
650460
650460
650460
650460
650460
650461
650461
650461
650461
650461
650461
650461
650461
650461
650462
650462
650462
650462
650462
650462
650463
650463
650463
650463
650463
650463
650464
650464
650464
650464
650464
650464
650465
650465
650465
650465
650465
650465
650466
650466
650466
650466
650466
650466
650467
650467
650467
650467
650467
650467
650467
650467
650467
650468
650468
650468
650468
650468
650468
650469
650469
650469
650469
650469
650469
650470
650470
650470
650470
650470
650470
650471
650471
650471
650471
650471
650471
650472
650472
650472
650472
650472
650472
650473
650473
650473
650473
650473
650473
650473
650473
650473
650474
650474
650474
650474
650474
650474
650475
650475
650475
650475
650475
650475
650476
650476
650476
650476
650476
650476
650477
650477
650477
650477
650477
650477
650478
650478
650478
650478
650478
650478
650479
650479
650479
650479
650479
650479
650479
650479
650479
650480
650480
650480
650480
650480
650480
650481
650481
650481
650481
650481
650481
650482
650482
650482
650482
650482
650482
650483
650483
650483
650483
650483
650483
650484
650484
650484
650484
650484
650484
650485
650485
650485
650485
650485
650485
650485
650485
650485
650486
650486
650486
650486
650486
650486
650487
650487
650487
650487
650487
650487
650488
650488
650488
650488
650488
650488
650489
650489
650489
650489
650489
650489
650490
650490
650490
650490
650490
650490
650491
650491
650491
650491
650491
650491
650491
650491
650491
650492
650492
650492
650492
650493
650493
650493
650493
650494
650494
650494
650494
650495
650495
650495
650495
650496
650496
650496
650496
650497
650497
650497
650497
650498
650498
650498
650498
650498
650498
650499
650499
650499
650499
650500
650500
650500
650500
650501
650501
650501
650501
650502
650502
650502
650502
650503
650503
650503
650503
650504
650504
650504
650504
650504
650504
650505
650505
650505
650505
650506
650506
650506
650506
650507
650507
650507
650507
650508
650508
650508
650508
650509
650509
650509
650509
650510
650510
650510
650510
650510
650510
650511
650511
650511
650511
650512
650512
650512
650512
650513
650513
650513
650513
650514
650514
650514
650514
650515
650515
650515
650515
650516
650516
650516
650516
650516
650516
650517
650517
650517
650517
650518
650518
650518
650518
650519
650519
650519
650519
650520
650520
650520
650520
650521
650521
650521
650521
650522
650522
650522
650522
650522
650522
650523
650523
650523
650523
650524
650524
650524
650524
650525
650525
650525
650525
650526
650526
650526
650526
650527
650527
650527
650527
650528
650528
650528
650528
650528
650528
650529
650529
650529
650529
650530
650530
650530
650530
650531
650531
650531
650531
650532
650532
650532
650532
650533
650533
650533
650533
650534
650534
650534
650534
650534
650534
650535
650535
650535
650535
650536
650536
650536
650536
650537
650537
650537
650537
650538
650538
650538
650538
650539
650539
650539
650539
650540
650540
650540
650540
650541
650541
650541
650541
650541
650541
650542
650542
650542
650542
650543
650543
650543
650543
650544
650544
650544
650544
650545
650545
650545
650545
650546
650546
650546
650546
650547
650547
650547
650547
650547
650547
650548
650548
650548
650548
650549
650549
650549
650549
650550
650550
650550
650550
650551
650551
650551
650551
650552
650552
650552
650552
650553
650553
650553
650553
650553
650553
650554
650554
650554
650554
650555
650555
650555
650555
650556
650556
650556
650556
650557
650557
650557
650557
650558
650558
650558
650558
650559
650559
650559
650559
650559
650559
650560
650560
650560
650560
650561
650561
650561
650561
650562
650562
650562
650562
650563
650563
650563
650563
650564
650564
650564
650564
650565
650565
650565
650565
650565
650565
650566
650566
650566
650566
650567
650567
650567
650567
650568
650568
650568
650568
650569
650569
650569
650569
650570
650570
650570
650570
650571
650571
650571
650571
650571
650571
650572
650572
650572
650572
650573
650573
650573
650573
650574
650574
650574
650574
650575
650575
650575
650575
650576
650576
650576
650576
650577
650577
650577
650577
650577
650577
650578
650578
650578
650578
650578
650578
650579
650579
650579
650579
650579
650579
650580
650580
650580
650580
650580
650580
650581
650581
650581
650581
650581
650581
650582
650582
650582
650582
650582
650582
650583
650583
650583
650583
650583
650583
650584
650584
650584
650584
650584
650584
650584
650584
650584
650585
650585
650585
650585
650585
650585
650586
650586
650586
650586
650586
650586
650587
650587
650587
650587
650587
650587
650588
650588
650588
650588
650588
650588
650589
650589
650589
650589
650589
650589
650590
650590
650590
650590
650590
650590
650590
650590
650590
650591
650591
650591
650591
650591
650591
650592
650592
650592
650592
650592
650592
650593
650593
650593
650593
650593
650593
650594
650594
650594
650594
650594
650594
650595
650595
650595
650595
650595
650595
650596
650596
650596
650596
650596
650596
650596
650596
650596
650597
650597
650597
650597
650597
650597
650598
650598
650598
650598
650598
650598
650599
650599
650599
650599
650599
650599
650600
650600
650600
650600
650600
650600
650601
650601
650601
650601
650601
650601
650602
650602
650602
650602
650602
650602
650602
650602
650602
650603
650603
650603
650603
650603
650603
650604
650604
650604
650604
650604
650604
650605
650605
650605
650605
650605
650605
650606
650606
650606
650606
650606
650606
650607
650607
650607
650607
650607
650607
650608
650608
650608
650608
650608
650608
650608
650608
650608
650609
650609
650609
650609
650609
650609
650610
650610
650610
650610
650610
650610
650611
650611
650611
650611
650611
650611
650612
650612
650612
650612
650612
650612
650613
650613
650613
650613
650613
650613
650614
650614
650614
650614
650614
650614
650614
650614
650614
650615
650615
650615
650615
650615
650615
650616
650616
650616
650616
650616
650616
650617
650617
650617
650617
650617
650617
650618
650618
650618
650618
650618
650618
650619
650619
650619
650619
650619
650619
650620
650620
650620
650620
650620
650620
650620
650620
650620
650621
650621
650621
650621
650621
650621
650622
650622
650622
650622
650622
650622
650623
650623
650623
650623
650623
650623
650624
650624
650624
650624
650624
650624
650625
650625
650625
650625
650625
650625
650626
650626
650626
650626
650626
650626
650627
650627
650627
650627
650627
650627
650627
650627
650627
650628
650628
650628
650628
650628
650628
650629
650629
650629
650629
650629
650629
650630
650630
650630
650630
650630
650630
650631
650631
650631
650631
650631
650631
650632
650632
650632
650632
650632
650632
650633
650633
650633
650633
650633
650633
650633
650633
650633
650634
650634
650634
650634
650634
650634
650635
650635
650635
650635
650635
650635
650636
650636
650636
650636
650636
650636
650637
650637
650637
650637
650637
650637
650638
650638
650638
650638
650638
650638
650639
650639
650639
650639
650639
650639
650639
650639
650639
650640
650640
650640
650640
650640
650640
650641
650641
650641
650641
650641
650641
650642
650642
650642
650642
650642
650642
650643
650643
650643
650643
650643
650643
650644
650644
650644
650644
650644
650644
650645
650645
650645
650645
650645
650645
650645
650645
650645
650646
650646
650646
650646
650646
650646
650647
650647
650647
650647
650647
650647
650648
650648
650648
650648
650648
650648
650649
650649
650649
650649
650649
650649
650650
650650
650650
650650
650650
650650
650651
650651
650651
650651
650651
650651
650651
650651
650651
650652
650652
650652
650652
650652
650652
650653
650653
650653
650653
650653
650653
650654
650654
650654
650654
650654
650654
650655
650655
650655
650655
650655
650655
650656
650656
650656
650656
650656
650656
650657
650657
650657
650657
650657
650657
650657
650657
650657
650658
650658
650658
650658
650658
650658
650659
650659
650659
650659
650659
650659
650660
650660
650660
650660
650660
650660
650661
650661
650661
650661
650661
650661
650662
650662
650662
650662
650662
650662
650663
650663
650663
650663
650663
650663
650663
650663
650663
650664
650664
650664
650664
650665
650665
650665
650665
650666
650666
650666
650666
650667
650667
650667
650667
650668
650668
650668
650668
650669
650669
650669
650669
650670
650670
650670
650670
650670
650670
650671
650671
650671
650671
650672
650672
650672
650672
650673
650673
650673
650673
650674
650674
650674
650674
650675
650675
650675
650675
650676
650676
650676
650676
650676
650676
650677
650677
650677
650677
650678
650678
650678
650678
650679
650679
650679
650679
650680
650680
650680
650680
650681
650681
650681
650681
650682
650682
650682
650682
650682
650682
650683
650683
650683
650683
650684
650684
650684
650684
650685
650685
650685
650685
650686
650686
650686
650686
650687
650687
650687
650687
650688
650688
650688
650688
650688
650688
650689
650689
650689
650689
650690
650690
650690
650690
650691
650691
650691
650691
650692
650692
650692
650692
650693
650693
650693
650693
650694
650694
650694
650694
650694
650694
650695
650695
650695
650695
650696
650696
650696
650696
650697
650697
650697
650697
650698
650698
650698
650698
650699
650699
650699
650699
650700
650700
650700
650700
650700
650700
650701
650701
650701
650701
650702
650702
650702
650702
650703
650703
650703
650703
650704
650704
650704
650704
650705
650705
650705
650705
650706
650706
650706
650706
650706
650706
650707
650707
650707
650707
650708
650708
650708
650708
650709
650709
650709
650709
650710
650710
650710
650710
650711
650711
650711
650711
650712
650712
650712
650712
650713
650713
650713
650713
650713
650713
650714
650714
650714
650714
650715
650715
650715
650715
650716
650716
650716
650716
650717
650717
650717
650717
650718
650718
650718
650718
650719
650719
650719
650719
650719
650719
650720
650720
650720
650720
650721
650721
650721
650721
650722
650722
650722
650722
650723
650723
650723
650723
650724
650724
650724
650724
650725
650725
650725
650725
650725
650725
650726
650726
650726
650726
650727
650727
650727
650727
650728
650728
650728
650728
650729
650729
650729
650729
650730
650730
650730
650730
650731
650731
650731
650731
650731
650731
650732
650732
650732
650732
650733
650733
650733
650733
650734
650734
650734
650734
650735
650735
650735
650735
650736
650736
650736
650736
650737
650737
650737
650737
650737
650737
650738
650738
650738
650738
650739
650739
650739
650739
650740
650740
650740
650740
650741
650741
650741
650741
650742
650742
650742
650742
650743
650743
650743
650743
650743
650743
650744
650744
650744
650744
650745
650745
650745
650745
650746
650746
650746
650746
650747
650747
650747
650747
650748
650748
650748
650748
650749
650749
650749
650749
650749
650749
650750
650750
650750
650750
650750
650750
650751
650751
650751
650751
650751
650751
650752
650752
650752
650752
650752
650752
650753
650753
650753
650753
650753
650753
650754
650754
650754
650754
650754
650754
650755
650755
650755
650755
650755
650755
650756
650756
650756
650756
650756
650756
650756
650756
650756
650757
650757
650757
650757
650757
650757
650758
650758
650758
650758
650758
650758
650759
650759
650759
650759
650759
650759
650760
650760
650760
650760
650760
650760
650761
650761
650761
650761
650761
650761
650762
650762
650762
650762
650762
650762
650762
650762
650762
650763
650763
650763
650763
650763
650763
650764
650764
650764
650764
650764
650764
650765
650765
650765
650765
650765
650765
650766
650766
650766
650766
650766
650766
650767
650767
650767
650767
650767
650767
650768
650768
650768
650768
650768
650768
650768
650768
650768
650769
650769
650769
650769
650769
650769
650770
650770
650770
650770
650770
650770
650771
650771
650771
650771
650771
650771
650772
650772
650772
650772
650772
650772
650773
650773
650773
650773
650773
650773
650774
650774
650774
650774
650774
650774
650774
650774
650774
650775
650775
650775
650775
650775
650775
650776
650776
650776
650776
650776
650776
650777
650777
650777
650777
650777
650777
650778
650778
650778
650778
650778
650778
650779
650779
650779
650779
650779
650779
650780
650780
650780
650780
650780
650780
650780
650780
650780
650781
650781
650781
650781
650781
650781
650782
650782
650782
650782
650782
650782
650783
650783
650783
650783
650783
650783
650784
650784
650784
650784
650784
650784
650785
650785
650785
650785
650785
650785
650786
650786
650786
650786
650786
650786
650786
650786
650786
650787
650787
650787
650787
650787
650787
650788
650788
650788
650788
650788
650788
650789
650789
650789
650789
650789
650789
650790
650790
650790
650790
650790
650790
650791
650791
650791
650791
650791
650791
650792
650792
650792
650792
650792
650792
650792
650792
650792
650793
650793
650793
650793
650793
650793
650794
650794
650794
650794
650794
650794
650795
650795
650795
650795
650795
650795
650796
650796
650796
650796
650796
650796
650797
650797
650797
650797
650797
650797
650798
650798
650798
650798
650798
650798
650799
650799
650799
650799
650799
650799
650799
650799
650799
650800
650800
650800
650800
650800
650800
650801
650801
650801
650801
650801
650801
650802
650802
650802
650802
650802
650802
650803
650803
650803
650803
650803
650803
650804
650804
650804
650804
650804
650804
650805
650805
650805
650805
650805
650805
650805
650805
650805
650806
650806
650806
650806
650806
650806
650807
650807
650807
650807
650807
650807
650808
650808
650808
650808
650808
650808
650809
650809
650809
650809
650809
650809
650810
650810
650810
650810
650810
650810
650811
650811
650811
650811
650811
650811
650811
650811
650811
650812
650812
650812
650812
650812
650812
650813
650813
650813
650813
650813
650813
650814
650814
650814
650814
650814
650814
650815
650815
650815
650815
650815
650815
650816
650816
650816
650816
650816
650816
650817
650817
650817
650817
650817
650817
650817
650817
650817
650818
650818
650818
650818
650818
650818
650819
650819
650819
650819
650819
650819
650820
650820
650820
650820
650820
650820
650821
650821
650821
650821
650821
650821
650822
650822
650822
650822
650822
650822
650823
650823
650823
650823
650823
650823
650823
650823
650823
650824
650824
650824
650824
650824
650824
650825
650825
650825
650825
650825
650825
650826
650826
650826
650826
650826
650826
650827
650827
650827
650827
650827
650827
650828
650828
650828
650828
650828
650828
650829
650829
650829
650829
650829
650829
650829
650829
650829
650830
650830
650830
650830
650830
650830
650831
650831
650831
650831
650831
650831
650832
650832
650832
650832
650832
650832
650833
650833
650833
650833
650833
650833
650834
650834
650834
650834
650834
650834
650835
650835
650835
650835
650835
650835
650835
650835
650835
650836
650836
650836
650836
650837
650837
650837
650837
650838
650838
650838
650838
650839
650839
650839
650839
650840
650840
650840
650840
650841
650841
650841
650841
650841
650842
650842
650842
650842
650842
650842
650843
650843
650843
650843
650844
650844
650844
650844
650845
650845
650845
650845
650846
650846
650846
650846
650847
650847
650847
650847
650848
650848
650848
650848
650848
650848
650849
650849
650849
650849
650850
650850
650850
650850
650851
650851
650851
650851
650852
650852
650852
650852
650853
650853
650853
650853
650854
650854
650854
650854
650854
650854
650855
650855
650855
650855
650856
650856
650856
650856
650857
650857
650857
650857
650858
650858
650858
650858
650859
650859
650859
650859
650860
650860
650860
650860
650860
650860
650861
650861
650861
650861
650862
650862
650862
650862
650863
650863
650863
650863
650864
650864
650864
650864
650865
650865
650865
650865
650866
650866
650866
650866
650866
650866
650867
650867
650867
650867
650868
650868
650868
650868
650869
650869
650869
650869
650870
650870
650870
650870
650871
650871
650871
650871
650872
650872
650872
650872
650872
650872
650873
650873
650873
650873
650874
650874
650874
650874
650875
650875
650875
650875
650876
650876
650876
650876
650877
650877
650877
650877
650878
650878
650878
650878
650878
650878
650879
650879
650879
650879
650880
650880
650880
650880
650881
650881
650881
650881
650882
650882
650882
650882
650883
650883
650883
650883
650884
650884
650884
650884
650884
650885
650885
650885
650885
650885
650885
650886
650886
650886
650886
650887
650887
650887
650887
650888
650888
650888
650888
650889
650889
650889
650889
650890
650890
650890
650890
650891
650891
650891
650891
650891
650891
650892
650892
650892
650892
650893
650893
650893
650893
650894
650894
650894
650894
650895
650895
650895
650895
650896
650896
650896
650896
650897
650897
650897
650897
650897
650897
650898
650898
650898
650898
650899
650899
650899
650899
650900
650900
650900
650900
650901
650901
650901
650901
650902
650902
650902
650902
650903
650903
650903
650903
650903
650903
650904
650904
650904
650904
650905
650905
650905
650905
650906
650906
650906
650906
650907
650907
650907
650907
650908
650908
650908
650908
650909
650909
650909
650909
650909
650909
650910
650910
650910
650910
650911
650911
650911
650911
650912
650912
650912
650912
650913
650913
650913
650913
650914
650914
650914
650914
650915
650915
650915
650915
650915
650915
650916
650916
650916
650916
650917
650917
650917
650917
650918
650918
650918
650918
650919
650919
650919
650919
650920
650920
650920
650920
650921
650921
650921
650921
650921
650921
650922
650922
650922
650922
650922
650922
650923
650923
650923
650923
650923
650923
650924
650924
650924
650924
650924
650924
650925
650925
650925
650925
650925
650925
650926
650926
650926
650926
650926
650926
650927
650927
650927
650927
650927
650927
650927
650927
650927
650928
650928
650928
650928
650928
650928
650929
650929
650929
650929
650929
650929
650930
650930
650930
650930
650930
650930
650931
650931
650931
650931
650931
650931
650932
650932
650932
650932
650932
650932
650933
650933
650933
650933
650933
650933
650934
650934
650934
650934
650934
650934
650934
650934
650934
650935
650935
650935
650935
650935
650935
650936
650936
650936
650936
650936
650936
650937
650937
650937
650937
650937
650937
650938
650938
650938
650938
650938
650938
650939
650939
650939
650939
650939
650939
650940
650940
650940
650940
650940
650940
650940
650940
650940
650941
650941
650941
650941
650941
650941
650942
650942
650942
650942
650942
650942
650943
650943
650943
650943
650943
650943
650944
650944
650944
650944
650944
650944
650945
650945
650945
650945
650945
650945
650946
650946
650946
650946
650946
650946
650946
650946
650946
650947
650947
650947
650947
650947
650947
650948
650948
650948
650948
650948
650948
650949
650949
650949
650949
650949
650949
650950
650950
650950
650950
650950
650950
650951
650951
650951
650951
650951
650951
650952
650952
650952
650952
650952
650952
650952
650952
650952
650953
650953
650953
650953
650953
650953
650954
650954
650954
650954
650954
650954
650955
650955
650955
650955
650955
650955
650956
650956
650956
650956
650956
650956
650957
650957
650957
650957
650957
650957
650958
650958
650958
650958
650958
650958
650958
650958
650958
650959
650959
650959
650959
650959
650959
650960
650960
650960
650960
650960
650960
650961
650961
650961
650961
650961
650961
650962
650962
650962
650962
650962
650962
650963
650963
650963
650963
650963
650963
650964
650964
650964
650964
650964
650964
650964
650964
650964
650965
650965
650965
650965
650965
650965
650966
650966
650966
650966
650966
650966
650967
650967
650967
650967
650967
650967
650968
650968
650968
650968
650968
650968
650969
650969
650969
650969
650969
650969
650970
650970
650970
650970
650970
650970
650970
650970
650970
650971
650971
650971
650971
650971
650971
650972
650972
650972
650972
650972
650972
650973
650973
650973
650973
650973
650973
650974
650974
650974
650974
650974
650974
650975
650975
650975
650975
650975
650975
650976
650976
650976
650976
650976
650976
650977
650977
650977
650977
650977
650977
650977
650977
650977
650978
650978
650978
650978
650978
650978
650979
650979
650979
650979
650979
650979
650980
650980
650980
650980
650980
650980
650981
650981
650981
650981
650981
650981
650982
650982
650982
650982
650982
650982
650983
650983
650983
650983
650983
650983
650983
650983
650983
650984
650984
650984
650984
650984
650984
650985
650985
650985
650985
650985
650985
650986
650986
650986
650986
650986
650986
650987
650987
650987
650987
650987
650987
650988
650988
650988
650988
650988
650988
650989
650989
650989
650989
650989
650989
650989
650989
650989
650990
650990
650990
650990
650990
650990
650991
650991
650991
650991
650991
650991
650992
650992
650992
650992
650992
650992
650993
650993
650993
650993
650993
650993
650994
650994
650994
650994
650994
650994
650995
650995
650995
650995
650995
650995
650995
650995
650995
650996
650996
650996
650996
650996
650996
650997
650997
650997
650997
650997
650997
650998
650998
650998
650998
650998
650998
650999
650999
650999
650999
650999
650999
651000
651000
651000
651000
651000
651000
651001
651001
651001
651001
651001
651001
651001
651001
651001
651002
651002
651002
651002
651002
651002
651003
651003
651003
651003
651003
651003
651004
651004
651004
651004
651004
651004
651005
651005
651005
651005
651005
651005
651006
651006
651006
651006
651006
651006
651007
651007
651007
651007
651007
651007
651007
651007
651007
651008
651008
651008
651008
651009
651009
651009
651009
651010
651010
651010
651010
651011
651011
651011
651011
651012
651012
651012
651012
651013
651013
651013
651013
651013
651013
651014
651014
651014
651014
651015
651015
651015
651015
651016
651016
651016
651016
651017
651017
651017
651017
651018
651018
651018
651018
651019
651019
651019
651019
651020
651020
651020
651020
651020
651020
651021
651021
651021
651021
651022
651022
651022
651022
651023
651023
651023
651023
651024
651024
651024
651024
651025
651025
651025
651025
651026
651026
651026
651026
651026
651026
651027
651027
651027
651027
651028
651028
651028
651028
651029
651029
651029
651029
651030
651030
651030
651030
651031
651031
651031
651031
651032
651032
651032
651032
651032
651032
651033
651033
651033
651033
651034
651034
651034
651034
651035
651035
651035
651035
651036
651036
651036
651036
651037
651037
651037
651037
651038
651038
651038
651038
651038
651038
651039
651039
651039
651039
651040
651040
651040
651040
651041
651041
651041
651041
651042
651042
651042
651042
651043
651043
651043
651043
651044
651044
651044
651044
651044
651044
651045
651045
651045
651045
651046
651046
651046
651046
651047
651047
651047
651047
651048
651048
651048
651048
651049
651049
651049
651049
651050
651050
651050
651050
651050
651050
651051
651051
651051
651051
651052
651052
651052
651052
651053
651053
651053
651053
651054
651054
651054
651054
651055
651055
651055
651055
651056
651056
651056
651056
651056
651056
651057
651057
651057
651057
651058
651058
651058
651058
651059
651059
651059
651059
651060
651060
651060
651060
651061
651061
651061
651061
651062
651062
651062
651062
651063
651063
651063
651063
651063
651063
651064
651064
651064
651064
651065
651065
651065
651065
651066
651066
651066
651066
651067
651067
651067
651067
651068
651068
651068
651068
651069
651069
651069
651069
651069
651069
651070
651070
651070
651070
651071
651071
651071
651071
651072
651072
651072
651072
651073
651073
651073
651073
651074
651074
651074
651074
651075
651075
651075
651075
651075
651075
651076
651076
651076
651076
651077
651077
651077
651077
651078
651078
651078
651078
651079
651079
651079
651079
651080
651080
651080
651080
651081
651081
651081
651081
651081
651081
651082
651082
651082
651082
651083
651083
651083
651083
651084
651084
651084
651084
651085
651085
651085
651085
651086
651086
651086
651086
651087
651087
651087
651087
651087
651087
651088
651088
651088
651088
651089
651089
651089
651089
651090
651090
651090
651090
651091
651091
651091
651091
651092
651092
651092
651092
651093
651093
651093
651093
651093
651093
651094
651094
651094
651094
651095
651095
651095
651095
651096
651096
651096
651096
651097
651097
651097
651097
651098
651098
651098
651098
651099
651099
651099
651099
651099
651099
651100
651100
651100
651100
651101
651101
651101
651101
651102
651102
651102
651102
651103
651103
651103
651103
651104
651104
651104
651104
651105
651105
651105
651105
651106
651106
651106
651106
651106
651106
651107
651107
651107
651107
651108
651108
651108
651108
651109
651109
651109
651109
651110
651110
651110
651110
651111
651111
651111
651111
651112
651112
651112
651112
651112
651112
651113
651113
651113
651113
651114
651114
651114
651114
651115
651115
651115
651115
651116
651116
651116
651116
651117
651117
651117
651117
651118
651118
651118
651118
651118
651118
651119
651119
651119
651119
651120
651120
651120
651120
651121
651121
651121
651121
651122
651122
651122
651122
651123
651123
651123
651123
651124
651124
651124
651124
651124
651124
651125
651125
651125
651125
651126
651126
651126
651126
651127
651127
651127
651127
651128
651128
651128
651128
651129
651129
651129
651129
651130
651130
651130
651130
651130
651130
651131
651131
651131
651131
651132
651132
651132
651132
651133
651133
651133
651133
651134
651134
651134
651134
651135
651135
651135
651135
651136
651136
651136
651136
651136
651136
651137
651137
651137
651137
651138
651138
651138
651138
651139
651139
651139
651139
651140
651140
651140
651140
651141
651141
651141
651141
651142
651142
651142
651142
651142
651142
651143
651143
651143
651143
651144
651144
651144
651144
651145
651145
651145
651145
651146
651146
651146
651146
651147
651147
651147
651147
651148
651148
651148
651148
651149
651149
651149
651149
651149
651149
651150
651150
651150
651150
651151
651151
651151
651151
651152
651152
651152
651152
651153
651153
651153
651153
651154
651154
651154
651154
651155
651155
651155
651155
651155
651155
651156
651156
651156
651156
651157
651157
651157
651157
651158
651158
651158
651158
651159
651159
651159
651159
651160
651160
651160
651160
651161
651161
651161
651161
651161
651161
651162
651162
651162
651162
651163
651163
651163
651163
651164
651164
651164
651164
651165
651165
651165
651165
651166
651166
651166
651166
651167
651167
651167
651167
651167
651167
651168
651168
651168
651168
651169
651169
651169
651169
651170
651170
651170
651170
651171
651171
651171
651171
651172
651172
651172
651172
651173
651173
651173
651173
651173
651173
651174
651174
651174
651174
651175
651175
651175
651175
651176
651176
651176
651176
651177
651177
651177
651177
651178
651178
651178
651178
651179
651179
651179
651179
651179
651179
)
;
    }
    nonConformalCyclic_on_ROTOR_TO_OUT
    {
        type            nonConformalPolyFaces;
        patchType       nonConformalCyclic;
        size            23076;
        value           nonuniform List<label> 
23076
(
663180
663181
663199
663200
663181
663182
663200
663201
663182
663183
663184
663201
663202
663203
663184
663185
663203
663204
663185
663186
663187
663204
663205
663206
663187
663188
663206
663207
663188
663189
663190
663207
663208
663209
663190
663191
663209
663210
663191
663192
663193
663210
663211
663212
663193
663194
663212
663213
663194
663195
663196
663213
663214
663215
663196
663197
663215
663216
663197
663198
663216
663217
663199
663200
663218
663219
663200
663201
663219
663220
663201
663202
663203
663220
663221
663222
663203
663204
663222
663223
663204
663205
663206
663223
663224
663225
663206
663207
663225
663226
663207
663208
663209
663226
663227
663228
663209
663210
663228
663229
663210
663211
663212
663229
663230
663231
663212
663213
663231
663232
663213
663214
663215
663232
663233
663234
663215
663216
663234
663235
663216
663217
663235
663236
663218
663219
663237
663238
663219
663220
663238
663239
663220
663221
663222
663239
663240
663241
663222
663223
663241
663242
663223
663224
663225
663242
663243
663244
663225
663226
663244
663245
663226
663227
663228
663245
663246
663247
663228
663229
663247
663248
663229
663230
663231
663248
663249
663250
663231
663232
663250
663251
663232
663233
663234
663251
663252
663253
663234
663235
663253
663254
663235
663236
663254
663255
663237
663238
663256
663257
663238
663239
663257
663258
663239
663240
663241
663258
663259
663260
663241
663242
663260
663261
663242
663243
663244
663261
663262
663263
663244
663245
663263
663264
663245
663246
663247
663264
663265
663266
663247
663248
663266
663267
663248
663249
663250
663267
663268
663269
663250
663251
663269
663270
663251
663252
663253
663270
663271
663272
663253
663254
663272
663273
663254
663255
663273
663274
663256
663257
663275
663276
663257
663258
663276
663277
663258
663259
663260
663277
663278
663279
663260
663261
663279
663280
663261
663262
663263
663280
663281
663282
663263
663264
663282
663283
663264
663265
663266
663283
663284
663285
663266
663267
663285
663286
663267
663268
663269
663286
663287
663288
663269
663270
663288
663289
663270
663271
663272
663289
663290
663291
663272
663273
663291
663292
663273
663274
663292
663293
663275
663276
663294
663295
663276
663277
663295
663296
663277
663278
663279
663296
663297
663298
663279
663280
663298
663299
663280
663281
663282
663299
663300
663301
663282
663283
663301
663302
663283
663284
663285
663302
663303
663304
663285
663286
663304
663305
663286
663287
663288
663305
663306
663307
663288
663289
663307
663308
663327
663289
663290
663291
663308
663309
663310
663327
663328
663329
663291
663292
663310
663311
663329
663330
663292
663293
663311
663312
663330
663331
663294
663295
663313
663314
663332
663333
663295
663296
663314
663315
663333
663334
663296
663297
663298
663315
663316
663317
663334
663335
663336
663298
663299
663317
663318
663336
663337
663299
663300
663301
663318
663319
663320
663337
663338
663339
663301
663302
663320
663321
663339
663340
663302
663303
663304
663321
663322
663323
663340
663341
663342
663304
663305
663323
663324
663342
663343
663305
663306
663307
663324
663325
663326
663343
663344
663345
663307
663308
663326
663327
663345
663346
663327
663328
663329
663346
663347
663348
663329
663330
663348
663349
663330
663331
663349
663350
663332
663333
663351
663352
663333
663334
663352
663353
663334
663335
663336
663353
663354
663355
663336
663337
663355
663356
663337
663338
663339
663356
663357
663358
663339
663340
663358
663359
663340
663341
663342
663359
663360
663361
663342
663343
663361
663362
663343
663344
663345
663362
663363
663364
663345
663346
663364
663365
663346
663347
663348
663365
663366
663367
663348
663349
663367
663368
663349
663350
663368
663369
663351
663352
663370
663371
663352
663353
663371
663372
663353
663354
663355
663372
663373
663374
663355
663356
663374
663375
663356
663357
663358
663375
663376
663377
663358
663359
663377
663378
663359
663360
663361
663378
663379
663380
663361
663362
663380
663381
663362
663363
663364
663381
663382
663383
663364
663365
663383
663384
663365
663366
663367
663384
663385
663386
663367
663368
663386
663387
663368
663369
663387
663388
663370
663371
663389
663390
663371
663372
663390
663391
663372
663373
663374
663391
663392
663393
663374
663375
663393
663394
663375
663376
663377
663394
663395
663396
663377
663378
663396
663397
663378
663379
663380
663397
663398
663399
663380
663381
663399
663400
663381
663382
663383
663400
663401
663402
663383
663384
663402
663403
663384
663385
663386
663403
663404
663405
663386
663387
663405
663406
663387
663388
663406
663407
663389
663390
663408
663409
663390
663391
663409
663410
663391
663392
663393
663410
663411
663412
663393
663394
663412
663413
663394
663395
663396
663413
663414
663415
663396
663397
663415
663416
663397
663398
663399
663416
663417
663418
663399
663400
663418
663419
663400
663401
663402
663419
663420
663421
663402
663403
663421
663422
663403
663404
663405
663422
663423
663424
663405
663406
663424
663425
663406
663407
663425
663426
663408
663409
663427
663428
663409
663410
663428
663429
663410
663411
663412
663429
663430
663431
663412
663413
663431
663432
663413
663414
663415
663432
663433
663434
663415
663416
663434
663435
663416
663417
663418
663435
663436
663437
663418
663419
663437
663438
663419
663420
663421
663438
663439
663440
663421
663422
663440
663441
663422
663423
663424
663441
663442
663443
663424
663425
663443
663444
663425
663426
663444
663445
663427
663428
663446
663447
663465
663466
663428
663429
663447
663448
663466
663467
663429
663430
663431
663448
663449
663450
663467
663468
663469
663431
663432
663450
663451
663469
663470
663432
663433
663434
663451
663452
663453
663470
663471
663472
663434
663435
663453
663454
663472
663473
663435
663436
663437
663454
663455
663456
663473
663474
663475
663437
663438
663456
663457
663475
663476
663438
663439
663440
663457
663458
663459
663476
663477
663478
663440
663441
663459
663460
663478
663479
663441
663442
663443
663460
663461
663462
663479
663480
663481
663443
663444
663462
663463
663481
663482
663444
663445
663463
663464
663482
663483
663465
663466
663484
663485
663466
663467
663485
663486
663467
663468
663469
663486
663487
663488
663469
663470
663488
663489
663470
663471
663472
663489
663490
663491
663472
663473
663491
663492
663473
663474
663475
663492
663493
663494
663475
663476
663494
663495
663476
663477
663478
663495
663496
663497
663478
663479
663497
663498
663479
663480
663481
663498
663499
663500
663481
663482
663500
663501
663482
663483
663501
663502
663484
663485
663503
663504
663485
663486
663504
663505
663486
663487
663488
663505
663506
663507
663488
663489
663507
663508
663489
663490
663491
663508
663509
663510
663491
663492
663510
663511
663492
663493
663494
663511
663512
663513
663494
663495
663513
663514
663495
663496
663497
663514
663515
663516
663497
663498
663516
663517
663498
663499
663500
663517
663518
663519
663500
663501
663519
663520
663501
663502
663520
663521
663503
663504
663522
663523
663504
663505
663523
663524
663505
663506
663507
663524
663525
663526
663507
663508
663526
663527
663508
663509
663510
663527
663528
663529
663510
663511
663529
663530
663511
663512
663513
663530
663531
663532
663513
663514
663532
663533
663514
663515
663516
663533
663534
663535
663516
663517
663535
663536
663517
663518
663519
663536
663537
663538
663519
663520
663538
663539
663520
663521
663539
663540
663522
663523
663541
663542
663523
663524
663542
663543
663524
663525
663526
663543
663544
663545
663526
663527
663545
663546
663527
663528
663529
663546
663547
663548
663529
663530
663548
663549
663530
663531
663532
663549
663550
663551
663532
663533
663551
663552
663533
663534
663535
663552
663553
663554
663535
663536
663554
663555
663536
663537
663538
663555
663556
663557
663538
663539
663557
663558
663539
663540
663558
663559
663541
663542
663560
663561
663542
663543
663561
663562
663543
663544
663545
663562
663563
663564
663545
663546
663564
663565
663546
663547
663548
663565
663566
663567
663548
663549
663567
663568
663549
663550
663551
663568
663569
663570
663551
663552
663570
663571
663552
663553
663554
663571
663572
663573
663554
663555
663573
663574
663555
663556
663557
663574
663575
663576
663557
663558
663576
663577
663558
663559
663577
663578
663560
663561
663579
663580
663598
663599
663561
663562
663580
663581
663599
663600
663562
663563
663564
663581
663582
663583
663600
663601
663602
663564
663565
663583
663584
663602
663603
663565
663566
663567
663584
663585
663586
663603
663604
663605
663567
663568
663586
663587
663605
663606
663568
663569
663570
663587
663588
663589
663606
663607
663608
663570
663571
663589
663590
663608
663609
663571
663572
663573
663590
663591
663592
663609
663610
663611
663573
663574
663592
663593
663611
663612
663574
663575
663576
663593
663594
663595
663612
663613
663614
663576
663577
663595
663596
663614
663615
663577
663578
663596
663597
663615
663616
663598
663599
663617
663618
663599
663600
663618
663619
663600
663601
663602
663619
663620
663621
663602
663603
663621
663622
663603
663604
663605
663622
663623
663624
663605
663606
663624
663625
663606
663607
663608
663625
663626
663627
663608
663609
663627
663628
663609
663610
663611
663628
663629
663630
663611
663612
663630
663631
663612
663613
663614
663631
663632
663633
663614
663615
663633
663634
663615
663616
663634
663635
663617
663618
663636
663637
663618
663619
663637
663638
663619
663620
663621
663638
663639
663640
663621
663622
663640
663641
663622
663623
663624
663641
663642
663643
663624
663625
663643
663644
663625
663626
663627
663644
663645
663646
663627
663628
663646
663647
663628
663629
663630
663647
663648
663649
663630
663631
663649
663650
663631
663632
663633
663650
663651
663652
663633
663634
663652
663653
663634
663635
663653
663654
663636
663637
663655
663656
663637
663638
663656
663657
663638
663639
663640
663657
663658
663659
663640
663641
663659
663660
663641
663642
663643
663660
663661
663662
663643
663644
663662
663663
663644
663645
663646
663663
663664
663665
663646
663647
663665
663666
663647
663648
663649
663666
663667
663668
663649
663650
663668
663669
663650
663651
663652
663669
663670
663671
663652
663653
663671
663672
663653
663654
663672
663673
663655
663656
663674
663675
663656
663657
663675
663676
663657
663658
663659
663676
663677
663678
663659
663660
663678
663679
663660
663661
663662
663679
663680
663681
663662
663663
663681
663682
663663
663664
663665
663682
663683
663684
663665
663666
663684
663685
663666
663667
663668
663685
663686
663687
663668
663669
663687
663688
663669
663670
663671
663688
663689
663690
663671
663672
663690
663691
663672
663673
663691
663692
663674
663675
663693
663694
663675
663676
663694
663695
663676
663677
663678
663695
663696
663697
663678
663679
663697
663698
663679
663680
663681
663698
663699
663700
663681
663682
663700
663701
663682
663683
663684
663701
663702
663703
663684
663685
663703
663704
663685
663686
663687
663704
663705
663706
663687
663688
663706
663707
663688
663689
663690
663707
663708
663709
663690
663691
663709
663710
663691
663692
663710
663711
663693
663694
663712
663713
663731
663732
663694
663695
663713
663714
663732
663733
663695
663696
663697
663714
663715
663716
663733
663734
663735
663697
663698
663716
663717
663735
663736
663698
663699
663700
663717
663718
663719
663736
663737
663738
663700
663701
663719
663720
663738
663739
663701
663702
663703
663720
663721
663722
663739
663740
663741
663703
663704
663722
663723
663741
663742
663704
663705
663706
663723
663724
663725
663742
663743
663744
663706
663707
663725
663726
663744
663745
663707
663708
663709
663726
663727
663728
663745
663746
663747
663709
663710
663728
663729
663747
663748
663710
663711
663729
663730
663748
663749
663731
663732
663750
663751
663732
663733
663751
663752
663733
663734
663735
663752
663753
663754
663735
663736
663754
663755
663736
663737
663738
663755
663756
663757
663738
663739
663757
663758
663739
663740
663741
663758
663759
663760
663741
663742
663760
663761
663742
663743
663744
663761
663762
663763
663744
663745
663763
663764
663745
663746
663747
663764
663765
663766
663747
663748
663766
663767
663748
663749
663767
663768
663750
663751
663769
663770
663751
663752
663770
663771
663752
663753
663754
663771
663772
663773
663754
663755
663773
663774
663755
663756
663757
663774
663775
663776
663757
663758
663776
663777
663758
663759
663760
663777
663778
663779
663760
663761
663779
663780
663761
663762
663763
663780
663781
663782
663763
663764
663782
663783
663764
663765
663766
663783
663784
663785
663766
663767
663785
663786
663767
663768
663786
663787
663769
663770
663788
663789
663770
663771
663789
663790
663771
663772
663773
663790
663791
663792
663773
663774
663792
663793
663774
663775
663776
663793
663794
663795
663776
663777
663795
663796
663777
663778
663779
663796
663797
663798
663779
663780
663798
663799
663780
663781
663782
663799
663800
663801
663782
663783
663801
663802
663783
663784
663785
663802
663803
663804
663785
663786
663804
663805
663786
663787
663805
663806
663788
663789
663807
663808
663789
663790
663808
663809
663790
663791
663792
663809
663810
663811
663792
663793
663811
663812
663793
663794
663795
663812
663813
663814
663795
663796
663814
663815
663796
663797
663798
663815
663816
663817
663798
663799
663817
663818
663799
663800
663801
663818
663819
663820
663801
663802
663820
663821
663802
663803
663804
663821
663822
663823
663804
663805
663823
663824
663805
663806
663824
663825
663807
663808
663826
663827
663808
663809
663827
663828
663809
663810
663811
663828
663829
663830
663811
663812
663830
663831
663812
663813
663814
663831
663832
663833
663814
663815
663833
663834
663815
663816
663817
663834
663835
663836
663817
663818
663836
663837
663818
663819
663820
663837
663838
663839
663820
663821
663839
663840
663821
663822
663823
663840
663841
663842
663823
663824
663842
663843
663824
663825
663843
663844
663826
663827
663845
663846
663864
663865
663827
663828
663846
663847
663865
663866
663828
663829
663830
663847
663848
663849
663866
663867
663868
663830
663831
663849
663850
663868
663869
663831
663832
663833
663850
663851
663852
663869
663870
663871
663833
663834
663852
663853
663871
663872
663834
663835
663836
663853
663854
663855
663872
663873
663874
663836
663837
663855
663856
663874
663875
663837
663838
663839
663856
663857
663858
663875
663876
663877
663839
663840
663858
663859
663877
663878
663840
663841
663842
663859
663860
663861
663878
663879
663880
663842
663843
663861
663862
663880
663881
663843
663844
663862
663863
663881
663882
663864
663865
663883
663884
663865
663866
663884
663885
663866
663867
663868
663885
663886
663887
663868
663869
663887
663888
663869
663870
663871
663888
663889
663890
663871
663872
663890
663891
663872
663873
663874
663891
663892
663893
663874
663875
663893
663894
663875
663876
663877
663894
663895
663896
663877
663878
663896
663897
663878
663879
663880
663897
663898
663899
663880
663881
663899
663900
663881
663882
663900
663901
663883
663884
663902
663903
663884
663885
663903
663904
663885
663886
663887
663904
663905
663906
663887
663888
663906
663907
663888
663889
663890
663907
663908
663909
663890
663891
663909
663910
663891
663892
663893
663910
663911
663912
663893
663894
663912
663913
663894
663895
663896
663913
663914
663915
663896
663897
663915
663916
663897
663898
663899
663916
663917
663918
663899
663900
663918
663919
663900
663901
663919
663920
663902
663903
663921
663922
663903
663904
663922
663923
663904
663905
663906
663923
663924
663925
663906
663907
663925
663926
663907
663908
663909
663926
663927
663928
663909
663910
663928
663929
663910
663911
663912
663929
663930
663931
663912
663913
663931
663932
663913
663914
663915
663932
663933
663934
663915
663916
663934
663935
663916
663917
663918
663935
663936
663937
663918
663919
663937
663938
663919
663920
663938
663939
663921
663922
663940
663941
663922
663923
663941
663942
663923
663924
663925
663942
663943
663944
663925
663926
663944
663945
663926
663927
663928
663945
663946
663947
663928
663929
663947
663948
663929
663930
663931
663948
663949
663950
663931
663932
663950
663951
663932
663933
663934
663951
663952
663953
663934
663935
663953
663954
663935
663936
663937
663954
663955
663956
663937
663938
663956
663957
663938
663939
663957
663958
663940
663941
663959
663960
663941
663942
663960
663961
663942
663943
663944
663961
663962
663963
663944
663945
663963
663964
663945
663946
663947
663964
663965
663966
663947
663948
663966
663967
663948
663949
663950
663967
663968
663969
663950
663951
663969
663970
663951
663952
663953
663970
663971
663972
663953
663954
663972
663973
663954
663955
663956
663973
663974
663975
663956
663957
663975
663976
663957
663958
663976
663977
663959
663960
663978
663979
663997
663998
663960
663961
663979
663980
663998
663999
663961
663962
663963
663980
663981
663982
663999
664000
664001
663963
663964
663982
663983
664001
664002
663964
663965
663966
663983
663984
663985
664002
664003
664004
663966
663967
663985
663986
664004
664005
663967
663968
663969
663986
663987
663988
664005
664006
664007
663969
663970
663988
663989
664007
664008
663970
663971
663972
663989
663990
663991
664008
664009
664010
663972
663973
663991
663992
664010
664011
663973
663974
663975
663992
663993
663994
664011
664012
664013
663975
663976
663994
663995
664013
664014
663976
663977
663995
663996
664014
664015
663997
663998
664016
664017
663998
663999
664017
664018
663999
664000
664001
664018
664019
664020
664001
664002
664020
664021
664002
664003
664004
664021
664022
664023
664004
664005
664023
664024
664005
664006
664007
664024
664025
664026
664007
664008
664026
664027
664008
664009
664010
664027
664028
664029
664010
664011
664029
664030
664011
664012
664013
664030
664031
664032
664013
664014
664032
664033
664014
664015
664033
664034
664016
664017
664035
664036
664017
664018
664036
664037
664018
664019
664020
664037
664038
664039
664020
664021
664039
664040
664021
664022
664023
664040
664041
664042
664023
664024
664042
664043
664024
664025
664026
664043
664044
664045
664026
664027
664045
664046
664027
664028
664029
664046
664047
664048
664029
664030
664048
664049
664030
664031
664032
664049
664050
664051
664032
664033
664051
664052
664033
664034
664052
664053
664035
664036
664054
664055
664036
664037
664055
664056
664037
664038
664039
664056
664057
664058
664039
664040
664058
664059
664040
664041
664042
664059
664060
664061
664042
664043
664061
664062
664043
664044
664045
664062
664063
664064
664045
664046
664064
664065
664046
664047
664048
664065
664066
664067
664048
664049
664067
664068
664049
664050
664051
664068
664069
664070
664051
664052
664070
664071
664052
664053
664071
664072
664054
664055
664073
664074
664055
664056
664074
664075
664056
664057
664058
664075
664076
664077
664058
664059
664077
664078
664059
664060
664061
664078
664079
664080
664061
664062
664080
664081
664062
664063
664064
664081
664082
664083
664064
664065
664083
664084
664065
664066
664067
664084
664085
664086
664067
664068
664086
664087
664068
664069
664070
664087
664088
664089
664070
664071
664089
664090
664071
664072
664090
664091
664073
664074
664092
664093
664074
664075
664093
664094
664075
664076
664077
664094
664095
664096
664077
664078
664096
664097
664078
664079
664080
664097
664098
664099
664080
664081
664099
664100
664081
664082
664083
664100
664101
664102
664083
664084
664102
664103
664084
664085
664086
664103
664104
664105
664086
664087
664105
664106
664087
664088
664089
664106
664107
664108
664089
664090
664108
664109
664090
664091
664109
664110
664092
664093
664111
664112
664130
664131
664093
664094
664112
664113
664131
664132
664094
664095
664096
664113
664114
664115
664132
664133
664134
664096
664097
664115
664116
664134
664135
664097
664098
664099
664116
664117
664118
664135
664136
664137
664099
664100
664118
664119
664137
664138
664100
664101
664102
664119
664120
664121
664138
664139
664140
664102
664103
664121
664122
664140
664141
664103
664104
664105
664122
664123
664124
664141
664142
664143
664105
664106
664124
664125
664143
664144
664106
664107
664108
664125
664126
664127
664144
664145
664146
664108
664109
664127
664128
664146
664147
664109
664110
664128
664129
664147
664148
664111
664130
664131
664149
664150
664131
664132
664150
664151
664132
664133
664134
664151
664152
664153
664134
664135
664153
664154
664135
664136
664137
664154
664155
664156
664137
664138
664156
664157
664138
664139
664140
664157
664158
664159
664140
664141
664159
664160
664141
664142
664143
664160
664161
664162
664143
664144
664162
664163
664144
664145
664146
664163
664164
664165
664146
664147
664165
664166
664147
664148
664166
664167
664149
664150
664168
664169
664150
664151
664169
664170
664151
664152
664153
664170
664171
664172
664153
664154
664172
664173
664154
664155
664156
664173
664174
664175
664156
664157
664175
664176
664157
664158
664159
664176
664177
664178
664159
664160
664178
664179
664160
664161
664162
664179
664180
664181
664162
664163
664181
664182
664163
664164
664165
664182
664183
664184
664165
664166
664184
664185
664166
664167
664185
664186
664168
664169
664187
664188
664169
664170
664188
664189
664170
664171
664172
664189
664190
664191
664172
664173
664191
664192
664173
664174
664175
664192
664193
664194
664175
664176
664194
664195
664176
664177
664178
664195
664196
664197
664178
664179
664197
664198
664179
664180
664181
664198
664199
664200
664181
664182
664200
664201
664182
664183
664184
664201
664202
664203
664184
664185
664203
664204
664185
664186
664204
664205
664187
664188
664206
664207
664188
664189
664207
664208
664189
664190
664191
664208
664209
664210
664191
664192
664210
664211
664192
664193
664194
664211
664212
664213
664194
664195
664213
664214
664195
664196
664197
664214
664215
664216
664197
664198
664216
664217
664198
664199
664200
664217
664218
664219
664200
664201
664219
664220
664201
664202
664203
664220
664221
664222
664203
664204
664222
664223
664204
664205
664223
664224
664206
664207
664225
664226
664207
664208
664226
664227
664208
664209
664210
664227
664228
664229
664210
664211
664229
664230
664211
664212
664213
664230
664231
664232
664213
664214
664232
664233
664214
664215
664216
664233
664234
664235
664216
664217
664235
664236
664217
664218
664219
664236
664237
664238
664219
664220
664238
664239
664220
664221
664222
664239
664240
664241
664222
664223
664241
664242
664223
664224
664242
664243
664225
664226
664244
664245
664226
664227
664245
664246
664227
664228
664229
664246
664247
664248
664229
664230
664248
664249
664230
664231
664232
664249
664250
664251
664232
664233
664251
664252
664233
664234
664235
664252
664253
664254
664235
664236
664254
664255
664236
664237
664238
664255
664256
664257
664238
664239
664257
664258
664277
664239
664240
664241
664258
664259
664260
664277
664278
664279
664241
664242
664260
664261
664279
664280
664242
664243
664261
664262
664280
664281
664244
664245
664263
664264
664282
664283
664245
664246
664264
664265
664283
664284
664246
664247
664248
664265
664266
664267
664284
664285
664286
664248
664249
664267
664268
664286
664287
664249
664250
664251
664268
664269
664270
664287
664288
664289
664251
664252
664270
664271
664289
664290
664252
664253
664254
664271
664272
664273
664290
664291
664292
664254
664255
664273
664274
664292
664293
664255
664256
664257
664274
664275
664276
664293
664294
664295
664257
664258
664276
664277
664295
664296
664277
664278
664279
664296
664297
664298
664279
664280
664298
664299
664280
664281
664299
664300
664282
664283
664301
664302
664283
664284
664302
664303
664284
664285
664286
664303
664304
664305
664286
664287
664305
664306
664287
664288
664289
664306
664307
664308
664289
664290
664308
664309
664290
664291
664292
664309
664310
664311
664292
664293
664311
664312
664293
664294
664295
664312
664313
664314
664295
664296
664314
664315
664296
664297
664298
664315
664316
664317
664298
664299
664317
664318
664299
664300
664318
664319
664301
664302
664320
664321
664302
664303
664321
664322
664303
664304
664305
664322
664323
664324
664305
664306
664324
664325
664306
664307
664308
664325
664326
664327
664308
664309
664327
664328
664309
664310
664311
664328
664329
664330
664311
664312
664330
664331
664312
664313
664314
664331
664332
664333
664314
664315
664333
664334
664315
664316
664317
664334
664335
664336
664317
664318
664336
664337
664318
664319
664337
664338
664320
664321
664339
664340
664321
664322
664340
664341
664322
664323
664324
664341
664342
664343
664324
664325
664343
664344
664325
664326
664327
664344
664345
664346
664327
664328
664346
664347
664328
664329
664330
664347
664348
664349
664330
664331
664349
664350
664331
664332
664333
664350
664351
664352
664333
664334
664352
664353
664334
664335
664336
664353
664354
664355
664336
664337
664355
664356
664337
664338
664356
664357
664339
664340
664358
664359
664340
664341
664359
664360
664341
664342
664343
664360
664361
664362
664343
664344
664362
664363
664344
664345
664346
664363
664364
664365
664346
664347
664365
664366
664347
664348
664349
664366
664367
664368
664349
664350
664368
664369
664350
664351
664352
664369
664370
664371
664352
664353
664371
664372
664353
664354
664355
664372
664373
664374
664355
664356
664374
664375
664356
664357
664375
664376
664358
664359
664377
664378
664359
664360
664378
664379
664360
664361
664362
664379
664380
664381
664362
664363
664381
664382
664363
664364
664365
664382
664383
664384
664365
664366
664384
664385
664366
664367
664368
664385
664386
664387
664368
664369
664387
664388
664369
664370
664371
664388
664389
664390
664371
664372
664390
664391
664372
664373
664374
664391
664392
664393
664374
664375
664393
664394
664375
664376
664394
664395
664377
664378
664396
664397
664415
664416
664378
664379
664397
664398
664416
664417
664379
664380
664381
664398
664399
664400
664417
664418
664419
664381
664382
664400
664401
664419
664420
664382
664383
664384
664401
664402
664403
664420
664421
664422
664384
664385
664403
664404
664422
664423
664385
664386
664387
664404
664405
664406
664423
664424
664425
664387
664388
664406
664407
664425
664426
664388
664389
664390
664407
664408
664409
664426
664427
664428
664390
664391
664409
664410
664428
664429
664391
664392
664393
664410
664411
664412
664429
664430
664431
664393
664394
664412
664413
664431
664432
664394
664395
664413
664414
664432
664433
664415
664416
664434
664435
664416
664417
664435
664436
664417
664418
664419
664436
664437
664438
664419
664420
664438
664439
664420
664421
664422
664439
664440
664441
664422
664423
664441
664442
664423
664424
664425
664442
664443
664444
664425
664426
664444
664445
664426
664427
664428
664445
664446
664447
664428
664429
664447
664448
664429
664430
664431
664448
664449
664450
664431
664432
664450
664451
664432
664433
664451
664452
664434
664435
664453
664454
664435
664436
664454
664455
664436
664437
664438
664455
664456
664457
664438
664439
664457
664458
664439
664440
664441
664458
664459
664460
664441
664442
664460
664461
664442
664443
664444
664461
664462
664463
664444
664445
664463
664464
664445
664446
664447
664464
664465
664466
664447
664448
664466
664467
664448
664449
664450
664467
664468
664469
664450
664451
664469
664470
664451
664452
664470
664471
664453
664454
664472
664473
664454
664455
664473
664474
664455
664456
664457
664474
664475
664476
664457
664458
664476
664477
664458
664459
664460
664477
664478
664479
664460
664461
664479
664480
664461
664462
664463
664480
664481
664482
664463
664464
664482
664483
664464
664465
664466
664483
664484
664485
664466
664467
664485
664486
664467
664468
664469
664486
664487
664488
664469
664470
664488
664489
664470
664471
664489
664490
664472
664473
664491
664492
664473
664474
664492
664493
664474
664475
664476
664493
664494
664495
664476
664477
664495
664496
664477
664478
664479
664496
664497
664498
664479
664480
664498
664499
664480
664481
664482
664499
664500
664501
664482
664483
664501
664502
664483
664484
664485
664502
664503
664504
664485
664486
664504
664505
664486
664487
664488
664505
664506
664507
664488
664489
664507
664508
664489
664490
664508
664509
664491
664492
664510
664511
664492
664493
664511
664512
664493
664494
664495
664512
664513
664514
664495
664496
664514
664515
664496
664497
664498
664515
664516
664517
664498
664499
664517
664518
664499
664500
664501
664518
664519
664520
664501
664502
664520
664521
664502
664503
664504
664521
664522
664523
664504
664505
664523
664524
664505
664506
664507
664524
664525
664526
664507
664508
664526
664527
664508
664509
664527
664528
664510
664511
664529
664530
664548
664549
664511
664512
664530
664531
664549
664550
664512
664513
664514
664531
664532
664533
664550
664551
664552
664514
664515
664533
664534
664552
664553
664515
664516
664517
664534
664535
664536
664553
664554
664555
664517
664518
664536
664537
664555
664556
664518
664519
664520
664537
664538
664539
664556
664557
664558
664520
664521
664539
664540
664558
664559
664521
664522
664523
664540
664541
664542
664559
664560
664561
664523
664524
664542
664543
664561
664562
664524
664525
664526
664543
664544
664545
664562
664563
664564
664526
664527
664545
664546
664564
664565
664527
664528
664546
664547
664565
664566
664548
664549
664567
664568
664549
664550
664568
664569
664550
664551
664552
664569
664570
664571
664552
664553
664571
664572
664553
664554
664555
664572
664573
664574
664555
664556
664574
664575
664556
664557
664558
664575
664576
664577
664558
664559
664577
664578
664559
664560
664561
664578
664579
664580
664561
664562
664580
664581
664562
664563
664564
664581
664582
664583
664564
664565
664583
664584
664565
664566
664584
664585
664567
664568
664586
664587
664568
664569
664587
664588
664569
664570
664571
664588
664589
664590
664571
664572
664590
664591
664572
664573
664574
664591
664592
664593
664574
664575
664593
664594
664575
664576
664577
664594
664595
664596
664577
664578
664596
664597
664578
664579
664580
664597
664598
664599
664580
664581
664599
664600
664581
664582
664583
664600
664601
664602
664583
664584
664602
664603
664584
664585
664603
664604
664586
664587
664605
664606
664587
664588
664606
664607
664588
664589
664590
664607
664608
664609
664590
664591
664609
664610
664591
664592
664593
664610
664611
664612
664593
664594
664612
664613
664594
664595
664596
664613
664614
664615
664596
664597
664615
664616
664597
664598
664599
664616
664617
664618
664599
664600
664618
664619
664600
664601
664602
664619
664620
664621
664602
664603
664621
664622
664603
664604
664622
664623
664605
664606
664624
664625
664606
664607
664625
664626
664607
664608
664609
664626
664627
664628
664609
664610
664628
664629
664610
664611
664612
664629
664630
664631
664612
664613
664631
664632
664613
664614
664615
664632
664633
664634
664615
664616
664634
664635
664616
664617
664618
664635
664636
664637
664618
664619
664637
664638
664619
664620
664621
664638
664639
664640
664621
664622
664640
664641
664622
664623
664641
664642
664624
664625
664643
664644
664625
664626
664644
664645
664626
664627
664628
664645
664646
664647
664628
664629
664647
664648
664629
664630
664631
664648
664649
664650
664631
664632
664650
664651
664632
664633
664634
664651
664652
664653
664634
664635
664653
664654
664635
664636
664637
664654
664655
664656
664637
664638
664656
664657
664638
664639
664640
664657
664658
664659
664640
664641
664659
664660
664641
664642
664660
664661
664643
664644
664662
664663
664681
664682
664644
664645
664663
664664
664682
664683
664645
664646
664647
664664
664665
664666
664683
664684
664685
664647
664648
664666
664667
664685
664686
664648
664649
664650
664667
664668
664669
664686
664687
664688
664650
664651
664669
664670
664688
664689
664651
664652
664653
664670
664671
664672
664689
664690
664691
664653
664654
664672
664673
664691
664692
664654
664655
664656
664673
664674
664675
664692
664693
664694
664656
664657
664675
664676
664694
664695
664657
664658
664659
664676
664677
664678
664695
664696
664697
664659
664660
664678
664679
664697
664698
664660
664661
664679
664680
664698
664699
664681
664682
664700
664701
664682
664683
664701
664702
664683
664684
664685
664702
664703
664704
664685
664686
664704
664705
664686
664687
664688
664705
664706
664707
664688
664689
664707
664708
664689
664690
664691
664708
664709
664710
664691
664692
664710
664711
664692
664693
664694
664711
664712
664713
664694
664695
664713
664714
664695
664696
664697
664714
664715
664716
664697
664698
664716
664717
664698
664699
664717
664718
664700
664701
664719
664720
664701
664702
664720
664721
664702
664703
664704
664721
664722
664723
664704
664705
664723
664724
664705
664706
664707
664724
664725
664726
664707
664708
664726
664727
664708
664709
664710
664727
664728
664729
664710
664711
664729
664730
664711
664712
664713
664730
664731
664732
664713
664714
664732
664733
664714
664715
664716
664733
664734
664735
664716
664717
664735
664736
664717
664718
664736
664737
664719
664720
664738
664739
664720
664721
664739
664740
664721
664722
664723
664740
664741
664742
664723
664724
664742
664743
664724
664725
664726
664743
664744
664745
664726
664727
664745
664746
664727
664728
664729
664746
664747
664748
664729
664730
664748
664749
664730
664731
664732
664749
664750
664751
664732
664733
664751
664752
664733
664734
664735
664752
664753
664754
664735
664736
664754
664755
664736
664737
664755
664756
664738
664739
664757
664758
664739
664740
664758
664759
664740
664741
664742
664759
664760
664761
664742
664743
664761
664762
664743
664744
664745
664762
664763
664764
664745
664746
664764
664765
664746
664747
664748
664765
664766
664767
664748
664749
664767
664768
664749
664750
664751
664768
664769
664770
664751
664752
664770
664771
664752
664753
664754
664771
664772
664773
664754
664755
664773
664774
664755
664756
664774
664775
664757
664758
664776
664777
664758
664759
664777
664778
664759
664760
664761
664778
664779
664780
664761
664762
664780
664781
664762
664763
664764
664781
664782
664783
664764
664765
664783
664784
664765
664766
664767
664784
664785
664786
664767
664768
664786
664787
664768
664769
664770
664787
664788
664789
664770
664771
664789
664790
664771
664772
664773
664790
664791
664792
664773
664774
664792
664793
664774
664775
664793
664794
664776
664777
664795
664796
664814
664815
664777
664778
664796
664797
664815
664816
664778
664779
664780
664797
664798
664799
664816
664817
664818
664780
664781
664799
664800
664818
664819
664781
664782
664783
664800
664801
664802
664819
664820
664821
664783
664784
664802
664803
664821
664822
664784
664785
664786
664803
664804
664805
664822
664823
664824
664786
664787
664805
664806
664824
664825
664787
664788
664789
664806
664807
664808
664825
664826
664827
664789
664790
664808
664809
664827
664828
664790
664791
664792
664809
664810
664811
664828
664829
664830
664792
664793
664811
664812
664830
664831
664793
664794
664812
664813
664831
664832
664814
664815
664833
664834
664815
664816
664834
664835
664816
664817
664818
664835
664836
664837
664818
664819
664837
664838
664819
664820
664821
664838
664839
664840
664821
664822
664840
664841
664822
664823
664824
664841
664842
664843
664824
664825
664843
664844
664825
664826
664827
664844
664845
664846
664827
664828
664846
664847
664828
664829
664830
664847
664848
664849
664830
664831
664849
664850
664831
664832
664850
664851
664833
664834
664852
664853
664834
664835
664853
664854
664835
664836
664837
664854
664855
664856
664837
664838
664856
664857
664838
664839
664840
664857
664858
664859
664840
664841
664859
664860
664841
664842
664843
664860
664861
664862
664843
664844
664862
664863
664844
664845
664846
664863
664864
664865
664846
664847
664865
664866
664847
664848
664849
664866
664867
664868
664849
664850
664868
664869
664850
664851
664869
664870
664852
664853
664871
664872
664853
664854
664872
664873
664854
664855
664856
664873
664874
664875
664856
664857
664875
664876
664857
664858
664859
664876
664877
664878
664859
664860
664878
664879
664860
664861
664862
664879
664880
664881
664862
664863
664881
664882
664863
664864
664865
664882
664883
664884
664865
664866
664884
664885
664866
664867
664868
664885
664886
664887
664868
664869
664887
664888
664869
664870
664888
664889
664871
664872
664890
664891
664872
664873
664891
664892
664873
664874
664875
664892
664893
664894
664875
664876
664894
664895
664876
664877
664878
664895
664896
664897
664878
664879
664897
664898
664879
664880
664881
664898
664899
664900
664881
664882
664900
664901
664882
664883
664884
664901
664902
664903
664884
664885
664903
664904
664885
664886
664887
664904
664905
664906
664887
664888
664906
664907
664888
664889
664907
664908
664890
664891
664909
664910
664891
664892
664910
664911
664892
664893
664894
664911
664912
664913
664894
664895
664913
664914
664895
664896
664897
664914
664915
664916
664897
664898
664916
664917
664898
664899
664900
664917
664918
664919
664900
664901
664919
664920
664901
664902
664903
664920
664921
664922
664903
664904
664922
664923
664904
664905
664906
664923
664924
664925
664906
664907
664925
664926
664907
664908
664926
664927
664909
664910
664928
664929
664947
664948
664910
664911
664929
664930
664948
664949
664911
664912
664913
664930
664931
664932
664949
664950
664951
664913
664914
664932
664933
664951
664952
664914
664915
664916
664933
664934
664935
664952
664953
664954
664916
664917
664935
664936
664954
664955
664917
664918
664919
664936
664937
664938
664955
664956
664957
664919
664920
664938
664939
664957
664958
664920
664921
664922
664939
664940
664941
664958
664959
664960
664922
664923
664941
664942
664960
664961
664923
664924
664925
664942
664943
664944
664961
664962
664963
664925
664926
664944
664945
664963
664964
664926
664927
664945
664946
664964
664965
664947
664948
664966
664967
664948
664949
664967
664968
664949
664950
664951
664968
664969
664970
664951
664952
664970
664971
664952
664953
664954
664971
664972
664973
664954
664955
664973
664974
664955
664956
664957
664974
664975
664976
664957
664958
664976
664977
664958
664959
664960
664977
664978
664979
664960
664961
664979
664980
664961
664962
664963
664980
664981
664982
664963
664964
664982
664983
664964
664965
664983
664984
664966
664967
664985
664986
664967
664968
664986
664987
664968
664969
664970
664987
664988
664989
664970
664971
664989
664990
664971
664972
664973
664990
664991
664992
664973
664974
664992
664993
664974
664975
664976
664993
664994
664995
664976
664977
664995
664996
664977
664978
664979
664996
664997
664998
664979
664980
664998
664999
664980
664981
664982
664999
665000
665001
664982
664983
665001
665002
664983
664984
665002
665003
664985
664986
665004
665005
664986
664987
665005
665006
664987
664988
664989
665006
665007
665008
664989
664990
665008
665009
664990
664991
664992
665009
665010
665011
664992
664993
665011
665012
664993
664994
664995
665012
665013
665014
664995
664996
665014
665015
664996
664997
664998
665015
665016
665017
664998
664999
665017
665018
664999
665000
665001
665018
665019
665020
665001
665002
665020
665021
665002
665003
665021
665022
665004
665005
665023
665024
665005
665006
665024
665025
665006
665007
665008
665025
665026
665027
665008
665009
665027
665028
665009
665010
665011
665028
665029
665030
665011
665012
665030
665031
665012
665013
665014
665031
665032
665033
665014
665015
665033
665034
665015
665016
665017
665034
665035
665036
665017
665018
665036
665037
665018
665019
665020
665037
665038
665039
665020
665021
665039
665040
665021
665022
665040
665041
665023
665024
665042
665043
665024
665025
665043
665044
665025
665026
665027
665044
665045
665046
665027
665028
665046
665047
665028
665029
665030
665047
665048
665049
665030
665031
665049
665050
665031
665032
665033
665050
665051
665052
665033
665034
665052
665053
665034
665035
665036
665053
665054
665055
665036
665037
665055
665056
665037
665038
665039
665056
665057
665058
665039
665040
665058
665059
665040
665041
665059
665060
665042
665043
665061
665062
668880
668980
665043
665044
665062
665063
668980
669080
665044
665045
665046
665063
665064
665065
669080
669180
669280
665046
665047
665065
665066
669280
669380
665047
665048
665049
665066
665067
665068
669380
669480
669580
665049
665050
665068
665069
669580
669680
665050
665051
665052
665069
665070
665071
669680
669780
669880
665052
665053
665071
665072
669880
669980
665053
665054
665055
665072
665073
665074
669980
670080
670180
665055
665056
665074
665075
670180
670280
665056
665057
665058
665075
665076
665077
670280
670380
670480
665058
665059
665077
665078
670480
670580
665059
665060
665078
665079
670580
670680
663180
663181
665080
665081
665099
665100
663181
663182
665081
665082
665100
665101
663182
663183
663184
665082
665083
665084
665101
665102
665103
663184
663185
665084
665085
665103
665104
663185
663186
663187
665085
665086
665087
665104
665105
665106
663187
663188
665087
665088
665106
665107
663188
663189
663190
665088
665089
665090
665107
665108
665109
663190
663191
665090
665091
665109
665110
663191
663192
663193
665091
665092
665093
665110
665111
665112
663193
663194
665093
665094
665112
665113
663194
663195
663196
665094
665095
665096
665113
665114
665115
663196
663197
665096
665097
665115
665116
663197
663198
665097
665098
665116
665117
665099
665100
665118
665119
665100
665101
665119
665120
665101
665102
665103
665120
665121
665122
665103
665104
665122
665123
665104
665105
665106
665123
665124
665125
665106
665107
665125
665126
665107
665108
665109
665126
665127
665128
665109
665110
665128
665129
665110
665111
665112
665129
665130
665131
665112
665113
665131
665132
665113
665114
665115
665132
665133
665134
665115
665116
665134
665135
665116
665117
665135
665136
665118
665119
665137
665138
665119
665120
665138
665139
665120
665121
665122
665139
665140
665141
665122
665123
665141
665142
665123
665124
665125
665142
665143
665144
665125
665126
665144
665145
665126
665127
665128
665145
665146
665147
665128
665129
665147
665148
665129
665130
665131
665148
665149
665150
665131
665132
665150
665151
665132
665133
665134
665151
665152
665153
665134
665135
665153
665154
665135
665136
665154
665155
665137
665138
665156
665157
665138
665139
665157
665158
665139
665140
665141
665158
665159
665160
665141
665142
665160
665161
665142
665143
665144
665161
665162
665163
665144
665145
665163
665164
665145
665146
665147
665164
665165
665166
665147
665148
665166
665167
665148
665149
665150
665167
665168
665169
665150
665151
665169
665170
665151
665152
665153
665170
665171
665172
665153
665154
665172
665173
665154
665155
665173
665174
665156
665157
665175
665176
665157
665158
665176
665177
665158
665159
665160
665177
665178
665179
665160
665161
665179
665180
665161
665162
665163
665180
665181
665182
665163
665164
665182
665183
665164
665165
665166
665183
665184
665185
665166
665167
665185
665186
665167
665168
665169
665186
665187
665188
665169
665170
665188
665189
665170
665171
665172
665189
665190
665191
665172
665173
665191
665192
665173
665174
665192
665193
665175
665176
665194
665195
665176
665177
665195
665196
665177
665178
665179
665196
665197
665198
665179
665180
665198
665199
665180
665181
665182
665199
665200
665201
665182
665183
665201
665202
665183
665184
665185
665202
665203
665204
665185
665186
665204
665205
665186
665187
665188
665205
665206
665207
665188
665189
665207
665208
665189
665190
665191
665208
665209
665210
665191
665192
665210
665211
665192
665193
665211
665212
665194
665195
665213
665214
665232
665233
665195
665196
665214
665215
665233
665234
665196
665197
665198
665215
665216
665217
665234
665235
665236
665198
665199
665217
665218
665236
665237
665199
665200
665201
665218
665219
665220
665237
665238
665239
665201
665202
665220
665221
665239
665240
665202
665203
665204
665221
665222
665223
665240
665241
665242
665204
665205
665223
665224
665242
665243
665205
665206
665207
665224
665225
665226
665243
665244
665245
665207
665208
665226
665227
665245
665246
665208
665209
665210
665227
665228
665229
665246
665247
665248
665210
665211
665229
665230
665248
665249
665211
665212
665230
665231
665249
665250
665232
665233
665251
665252
665233
665234
665252
665253
665234
665235
665236
665253
665254
665255
665236
665237
665255
665256
665237
665238
665239
665256
665257
665258
665239
665240
665258
665259
665240
665241
665242
665259
665260
665261
665242
665243
665261
665262
665243
665244
665245
665262
665263
665264
665245
665246
665264
665265
665246
665247
665248
665265
665266
665267
665248
665249
665267
665268
665249
665250
665268
665269
665251
665252
665270
665271
665252
665253
665271
665272
665253
665254
665255
665272
665273
665274
665255
665256
665274
665275
665256
665257
665258
665275
665276
665277
665258
665259
665277
665278
665259
665260
665261
665278
665279
665280
665261
665262
665280
665281
665262
665263
665264
665281
665282
665283
665264
665265
665283
665284
665265
665266
665267
665284
665285
665286
665267
665268
665286
665287
665268
665269
665287
665288
665270
665271
665289
665290
665271
665272
665290
665291
665272
665273
665274
665291
665292
665293
665274
665275
665293
665294
665275
665276
665277
665294
665295
665296
665277
665278
665296
665297
665278
665279
665280
665297
665298
665299
665280
665281
665299
665300
665281
665282
665283
665300
665301
665302
665283
665284
665302
665303
665284
665285
665286
665303
665304
665305
665286
665287
665305
665306
665287
665288
665306
665307
665289
665290
665308
665309
665290
665291
665309
665310
665291
665292
665293
665310
665311
665312
665293
665294
665312
665313
665294
665295
665296
665313
665314
665315
665296
665297
665315
665316
665297
665298
665299
665316
665317
665318
665299
665300
665318
665319
665300
665301
665302
665319
665320
665321
665302
665303
665321
665322
665303
665304
665305
665322
665323
665324
665305
665306
665324
665325
665306
665307
665325
665326
665308
665309
665327
665328
665309
665310
665328
665329
665310
665311
665312
665329
665330
665331
665312
665313
665331
665332
665313
665314
665315
665332
665333
665334
665315
665316
665334
665335
665316
665317
665318
665335
665336
665337
665318
665319
665337
665338
665319
665320
665321
665338
665339
665340
665321
665322
665340
665341
665322
665323
665324
665341
665342
665343
665324
665325
665343
665344
665325
665326
665344
665345
665327
665328
665346
665347
665365
665366
665328
665329
665347
665348
665366
665367
665329
665330
665331
665348
665349
665350
665367
665368
665369
665331
665332
665350
665351
665369
665370
665332
665333
665334
665351
665352
665353
665370
665371
665372
665334
665335
665353
665354
665372
665373
665335
665336
665337
665354
665355
665356
665373
665374
665375
665337
665338
665356
665357
665375
665376
665338
665339
665340
665357
665358
665359
665376
665377
665378
665340
665341
665359
665360
665378
665379
665341
665342
665343
665360
665361
665362
665379
665380
665381
665343
665344
665362
665363
665381
665382
665344
665345
665363
665364
665382
665383
665365
665366
665384
665385
665366
665367
665385
665386
665367
665368
665369
665386
665387
665388
665369
665370
665388
665389
665370
665371
665372
665389
665390
665391
665372
665373
665391
665392
665373
665374
665375
665392
665393
665394
665375
665376
665394
665395
665376
665377
665378
665395
665396
665397
665378
665379
665397
665398
665379
665380
665381
665398
665399
665400
665381
665382
665400
665401
665382
665383
665401
665402
665384
665385
665403
665404
665385
665386
665404
665405
665386
665387
665388
665405
665406
665407
665388
665389
665407
665408
665389
665390
665391
665408
665409
665410
665391
665392
665410
665411
665392
665393
665394
665411
665412
665413
665394
665395
665413
665414
665395
665396
665397
665414
665415
665416
665397
665398
665416
665417
665398
665399
665400
665417
665418
665419
665400
665401
665419
665420
665401
665402
665420
665421
665403
665404
665422
665423
665404
665405
665423
665424
665405
665406
665407
665424
665425
665426
665407
665408
665426
665427
665408
665409
665410
665427
665428
665429
665410
665411
665429
665430
665411
665412
665413
665430
665431
665432
665413
665414
665432
665433
665414
665415
665416
665433
665434
665435
665416
665417
665435
665436
665417
665418
665419
665436
665437
665438
665419
665420
665438
665439
665420
665421
665439
665440
665422
665423
665441
665442
665423
665424
665442
665443
665424
665425
665426
665443
665444
665445
665426
665427
665445
665446
665427
665428
665429
665446
665447
665448
665429
665430
665448
665449
665430
665431
665432
665449
665450
665451
665432
665433
665451
665452
665433
665434
665435
665452
665453
665454
665435
665436
665454
665455
665436
665437
665438
665455
665456
665457
665438
665439
665457
665458
665439
665440
665458
665459
665441
665442
665460
665461
665442
665443
665461
665462
665443
665444
665445
665462
665463
665464
665445
665446
665464
665465
665446
665447
665448
665465
665466
665467
665448
665449
665467
665468
665449
665450
665451
665468
665469
665470
665451
665452
665470
665471
665452
665453
665454
665471
665472
665473
665454
665455
665473
665474
665455
665456
665457
665474
665475
665476
665457
665458
665476
665477
665458
665459
665477
665478
665460
665461
665479
665480
665498
665499
665461
665462
665480
665481
665499
665500
665462
665463
665464
665481
665482
665483
665500
665501
665502
665464
665465
665483
665484
665502
665503
665465
665466
665467
665484
665485
665486
665503
665504
665505
665467
665468
665486
665487
665505
665506
665468
665469
665470
665487
665488
665489
665506
665507
665508
665470
665471
665489
665490
665508
665509
665471
665472
665473
665490
665491
665492
665509
665510
665511
665473
665474
665492
665493
665511
665512
665474
665475
665476
665493
665494
665495
665512
665513
665514
665476
665477
665495
665496
665514
665515
665477
665478
665496
665497
665515
665516
665498
665499
665517
665518
665499
665500
665518
665519
665500
665501
665502
665519
665520
665521
665502
665503
665521
665522
665503
665504
665505
665522
665523
665524
665505
665506
665524
665525
665506
665507
665508
665525
665526
665527
665508
665509
665527
665528
665509
665510
665511
665528
665529
665530
665511
665512
665530
665531
665512
665513
665514
665531
665532
665533
665514
665515
665533
665534
665515
665516
665534
665535
665517
665518
665536
665537
665518
665519
665537
665538
665519
665520
665521
665538
665539
665540
665521
665522
665540
665541
665522
665523
665524
665541
665542
665543
665524
665525
665543
665544
665525
665526
665527
665544
665545
665546
665527
665528
665546
665547
665528
665529
665530
665547
665548
665549
665530
665531
665549
665550
665531
665532
665533
665550
665551
665552
665533
665534
665552
665553
665534
665535
665553
665554
665536
665537
665555
665556
665537
665538
665556
665557
665538
665539
665540
665557
665558
665559
665540
665541
665559
665560
665541
665542
665543
665560
665561
665562
665543
665544
665562
665563
665544
665545
665546
665563
665564
665565
665546
665547
665565
665566
665547
665548
665549
665566
665567
665568
665549
665550
665568
665569
665550
665551
665552
665569
665570
665571
665552
665553
665571
665572
665553
665554
665572
665573
665555
665556
665574
665575
665556
665557
665575
665576
665557
665558
665559
665576
665577
665578
665559
665560
665578
665579
665560
665561
665562
665579
665580
665581
665562
665563
665581
665582
665563
665564
665565
665582
665583
665584
665565
665566
665584
665585
665566
665567
665568
665585
665586
665587
665568
665569
665587
665588
665569
665570
665571
665588
665589
665590
665571
665572
665590
665591
665572
665573
665591
665592
665574
665575
665593
665594
665575
665576
665594
665595
665576
665577
665578
665595
665596
665597
665578
665579
665597
665598
665579
665580
665581
665598
665599
665600
665581
665582
665600
665601
665582
665583
665584
665601
665602
665603
665584
665585
665603
665604
665585
665586
665587
665604
665605
665606
665587
665588
665606
665607
665588
665589
665590
665607
665608
665609
665590
665591
665609
665610
665591
665592
665610
665611
665593
665594
665612
665613
665631
665632
665594
665595
665613
665614
665632
665633
665595
665596
665597
665614
665615
665616
665633
665634
665635
665597
665598
665616
665617
665635
665636
665598
665599
665600
665617
665618
665619
665636
665637
665638
665600
665601
665619
665620
665638
665639
665601
665602
665603
665620
665621
665622
665639
665640
665641
665603
665604
665622
665623
665641
665642
665604
665605
665606
665623
665624
665625
665642
665643
665644
665606
665607
665625
665626
665644
665645
665607
665608
665609
665626
665627
665628
665645
665646
665647
665609
665610
665628
665629
665647
665648
665610
665611
665629
665630
665648
665649
665631
665632
665650
665651
665632
665633
665651
665652
665633
665634
665635
665652
665653
665654
665635
665636
665654
665655
665636
665637
665638
665655
665656
665657
665638
665639
665657
665658
665639
665640
665641
665658
665659
665660
665641
665642
665660
665661
665642
665643
665644
665661
665662
665663
665644
665645
665663
665664
665645
665646
665647
665664
665665
665666
665647
665648
665666
665667
665648
665649
665667
665668
665650
665651
665669
665670
665651
665652
665670
665671
665652
665653
665654
665671
665672
665673
665654
665655
665673
665674
665655
665656
665657
665674
665675
665676
665657
665658
665676
665677
665658
665659
665660
665677
665678
665679
665660
665661
665679
665680
665661
665662
665663
665680
665681
665682
665663
665664
665682
665683
665664
665665
665666
665683
665684
665685
665666
665667
665685
665686
665667
665668
665686
665687
665669
665670
665688
665689
665670
665671
665689
665690
665671
665672
665673
665690
665691
665692
665673
665674
665692
665693
665674
665675
665676
665693
665694
665695
665676
665677
665695
665696
665677
665678
665679
665696
665697
665698
665679
665680
665698
665699
665680
665681
665682
665699
665700
665701
665682
665683
665701
665702
665683
665684
665685
665702
665703
665704
665685
665686
665704
665705
665686
665687
665705
665706
665688
665689
665707
665708
665689
665690
665708
665709
665690
665691
665692
665709
665710
665711
665692
665693
665711
665712
665693
665694
665695
665712
665713
665714
665695
665696
665714
665715
665696
665697
665698
665715
665716
665717
665698
665699
665717
665718
665699
665700
665701
665718
665719
665720
665701
665702
665720
665721
665702
665703
665704
665721
665722
665723
665704
665705
665723
665724
665705
665706
665724
665725
665707
665708
665726
665727
665708
665709
665727
665728
665709
665710
665711
665728
665729
665730
665711
665712
665730
665731
665712
665713
665714
665731
665732
665733
665714
665715
665733
665734
665715
665716
665717
665734
665735
665736
665717
665718
665736
665737
665718
665719
665720
665737
665738
665739
665720
665721
665739
665740
665721
665722
665723
665740
665741
665742
665723
665724
665742
665743
665724
665725
665743
665744
665726
665727
665745
665746
665764
665765
665727
665728
665746
665747
665765
665766
665728
665729
665730
665747
665748
665749
665766
665767
665768
665730
665731
665749
665750
665768
665769
665731
665732
665733
665750
665751
665752
665769
665770
665771
665733
665734
665752
665753
665771
665772
665734
665735
665736
665753
665754
665755
665772
665773
665774
665736
665737
665755
665756
665774
665775
665737
665738
665739
665756
665757
665758
665775
665776
665777
665739
665740
665758
665759
665777
665778
665740
665741
665742
665759
665760
665761
665778
665779
665780
665742
665743
665761
665762
665780
665781
665743
665744
665762
665763
665781
665782
665764
665765
665783
665784
665765
665766
665784
665785
665766
665767
665768
665785
665786
665787
665768
665769
665787
665788
665769
665770
665771
665788
665789
665790
665771
665772
665790
665791
665772
665773
665774
665791
665792
665793
665774
665775
665793
665794
665775
665776
665777
665794
665795
665796
665777
665778
665796
665797
665778
665779
665780
665797
665798
665799
665780
665781
665799
665800
665781
665782
665800
665801
665783
665784
665802
665803
665784
665785
665803
665804
665785
665786
665787
665804
665805
665806
665787
665788
665806
665807
665788
665789
665790
665807
665808
665809
665790
665791
665809
665810
665791
665792
665793
665810
665811
665812
665793
665794
665812
665813
665794
665795
665796
665813
665814
665815
665796
665797
665815
665816
665797
665798
665799
665816
665817
665818
665799
665800
665818
665819
665800
665801
665819
665820
665802
665803
665821
665822
665803
665804
665822
665823
665804
665805
665806
665823
665824
665825
665806
665807
665825
665826
665807
665808
665809
665826
665827
665828
665809
665810
665828
665829
665810
665811
665812
665829
665830
665831
665812
665813
665831
665832
665813
665814
665815
665832
665833
665834
665815
665816
665834
665835
665816
665817
665818
665835
665836
665837
665818
665819
665837
665838
665819
665820
665838
665839
665821
665822
665840
665841
665822
665823
665841
665842
665823
665824
665825
665842
665843
665844
665825
665826
665844
665845
665826
665827
665828
665845
665846
665847
665828
665829
665847
665848
665829
665830
665831
665848
665849
665850
665831
665832
665850
665851
665832
665833
665834
665851
665852
665853
665834
665835
665853
665854
665835
665836
665837
665854
665855
665856
665837
665838
665856
665857
665838
665839
665857
665858
665840
665841
665859
665860
665841
665842
665860
665861
665842
665843
665844
665861
665862
665863
665844
665845
665863
665864
665845
665846
665847
665864
665865
665866
665847
665848
665866
665867
665848
665849
665850
665867
665868
665869
665850
665851
665869
665870
665851
665852
665853
665870
665871
665872
665853
665854
665872
665873
665854
665855
665856
665873
665874
665875
665856
665857
665875
665876
665857
665858
665876
665877
665859
665860
665878
665879
665897
665898
665860
665861
665879
665880
665898
665899
665861
665862
665863
665880
665881
665882
665899
665900
665901
665863
665864
665882
665883
665901
665902
665864
665865
665866
665883
665884
665885
665902
665903
665904
665866
665867
665885
665886
665904
665905
665867
665868
665869
665886
665887
665888
665905
665906
665907
665869
665870
665888
665889
665907
665908
665870
665871
665872
665889
665890
665891
665908
665909
665910
665872
665873
665891
665892
665910
665911
665873
665874
665875
665892
665893
665894
665875
665876
665894
665895
665876
665877
665895
665896
665897
665898
665916
665917
665898
665899
665917
665918
665899
665900
665901
665918
665919
665920
665901
665902
665920
665921
665902
665903
665904
665921
665922
665923
665904
665905
665923
665924
665905
665906
665907
665924
665925
665926
665907
665908
665926
665927
665908
665909
665910
665927
665928
665929
665892
665910
665911
665929
665930
665892
665893
665894
665911
665912
665913
665930
665931
665932
665894
665895
665913
665914
665932
665933
665895
665896
665914
665915
665933
665934
665916
665917
665935
665936
665917
665918
665936
665937
665918
665919
665920
665937
665938
665939
665920
665921
665939
665940
665921
665922
665923
665940
665941
665942
665923
665924
665942
665943
665924
665925
665926
665943
665944
665945
665926
665927
665945
665946
665927
665928
665929
665946
665947
665948
665929
665930
665948
665949
665930
665931
665932
665949
665950
665951
665932
665933
665951
665952
665933
665934
665952
665953
665935
665936
665954
665955
665936
665937
665955
665956
665937
665938
665939
665956
665957
665958
665939
665940
665958
665959
665940
665941
665942
665959
665960
665961
665942
665943
665961
665962
665943
665944
665945
665962
665963
665964
665945
665946
665964
665965
665946
665947
665948
665965
665966
665967
665948
665949
665967
665968
665949
665950
665951
665968
665969
665970
665951
665952
665970
665971
665952
665953
665971
665972
665954
665955
665973
665974
665955
665956
665974
665975
665956
665957
665958
665975
665976
665977
665958
665959
665977
665978
665959
665960
665961
665978
665979
665980
665961
665962
665980
665981
665962
665963
665964
665981
665982
665983
665964
665965
665983
665984
665965
665966
665967
665984
665985
665986
665967
665968
665986
665987
665968
665969
665970
665987
665988
665989
665970
665971
665989
665990
665971
665972
665990
665991
665973
665974
665992
665993
665974
665975
665993
665994
665975
665976
665977
665994
665995
665996
665977
665978
665996
665997
665978
665979
665980
665997
665998
665999
665980
665981
665999
666000
665981
665982
665983
666000
666001
666002
665983
665984
666002
666003
665984
665985
665986
666003
666004
666005
665986
665987
666005
666006
665987
665988
665989
666006
666007
666008
665989
665990
666008
666009
665990
665991
666009
666010
665992
665993
666011
666012
666030
665993
665994
666012
666013
665994
665995
665996
666013
666014
666015
665996
665997
666015
666016
665997
665998
665999
666016
666017
666018
665999
666000
666018
666019
666000
666001
666002
666019
666020
666021
666002
666003
666021
666022
666003
666004
666005
666022
666023
666024
666005
666006
666024
666025
666006
666007
666008
666025
666026
666027
666008
666009
666027
666028
666009
666010
666028
666029
666011
666012
666030
666031
666049
666050
666012
666013
666031
666032
666050
666051
666013
666014
666015
666032
666033
666034
666051
666052
666053
666015
666016
666034
666035
666053
666054
666016
666017
666018
666035
666036
666037
666054
666055
666056
666018
666019
666037
666038
666056
666057
666019
666020
666021
666038
666039
666040
666057
666058
666059
666021
666022
666040
666041
666059
666060
666022
666023
666024
666041
666042
666043
666060
666061
666062
666024
666025
666043
666044
666062
666063
666025
666026
666027
666044
666045
666046
666063
666064
666065
666027
666028
666046
666047
666065
666066
666028
666029
666047
666048
666066
666067
666049
666050
666068
666069
666050
666051
666069
666070
666051
666052
666053
666070
666071
666072
666053
666054
666072
666073
666054
666055
666056
666073
666074
666075
666056
666057
666075
666076
666057
666058
666059
666076
666077
666078
666059
666060
666078
666079
666060
666061
666062
666079
666080
666081
666062
666063
666081
666082
666063
666064
666065
666082
666083
666084
666065
666066
666084
666085
666066
666067
666085
666086
666068
666069
666087
666088
666069
666070
666088
666089
666070
666071
666072
666089
666090
666091
666072
666073
666091
666092
666073
666074
666075
666092
666093
666094
666075
666076
666094
666095
666076
666077
666078
666095
666096
666097
666078
666079
666097
666098
666079
666080
666081
666098
666099
666100
666081
666082
666100
666101
666082
666083
666084
666101
666102
666103
666084
666085
666103
666104
666085
666086
666104
666105
666087
666088
666106
666107
666088
666089
666107
666108
666089
666090
666091
666108
666109
666110
666091
666092
666110
666111
666092
666093
666094
666111
666112
666113
666094
666095
666113
666114
666095
666096
666097
666114
666115
666116
666097
666098
666116
666117
666098
666099
666100
666117
666118
666119
666100
666101
666119
666120
666101
666102
666103
666120
666121
666122
666103
666104
666122
666123
666104
666105
666123
666124
666106
666107
666125
666126
666107
666108
666126
666127
666108
666109
666110
666127
666128
666129
666110
666111
666129
666130
666111
666112
666113
666130
666131
666132
666113
666114
666132
666133
666114
666115
666116
666133
666134
666135
666116
666117
666135
666136
666117
666118
666119
666136
666137
666138
666119
666120
666138
666139
666120
666121
666122
666139
666140
666141
666122
666123
666141
666142
666123
666124
666142
666143
666125
666126
666144
666145
666126
666127
666145
666146
666127
666128
666129
666146
666147
666148
666129
666130
666148
666149
666130
666131
666132
666149
666150
666151
666132
666133
666151
666152
666133
666134
666135
666152
666153
666154
666135
666136
666154
666155
666136
666137
666138
666155
666156
666157
666138
666139
666157
666158
666139
666140
666141
666158
666159
666160
666141
666142
666160
666161
666142
666143
666161
666162
666144
666145
666163
666164
666182
666183
666145
666146
666164
666165
666183
666184
666146
666147
666148
666165
666166
666167
666184
666185
666186
666148
666149
666167
666168
666186
666187
666149
666150
666151
666168
666169
666170
666187
666188
666189
666151
666152
666170
666171
666189
666190
666152
666153
666154
666171
666172
666173
666190
666191
666192
666154
666155
666173
666174
666192
666193
666155
666156
666157
666174
666175
666176
666193
666194
666195
666157
666158
666176
666177
666195
666196
666158
666159
666160
666177
666178
666179
666196
666197
666198
666160
666161
666179
666180
666198
666199
666161
666162
666180
666181
666199
666200
666182
666183
666201
666202
666183
666184
666202
666203
666184
666185
666186
666203
666204
666205
666186
666187
666205
666206
666187
666188
666189
666206
666207
666208
666189
666190
666208
666209
666190
666191
666192
666209
666210
666211
666192
666193
666211
666212
666193
666194
666195
666212
666213
666214
666195
666196
666214
666215
666196
666197
666198
666215
666216
666217
666198
666199
666217
666218
666199
666200
666218
666219
666201
666202
666220
666221
666202
666203
666221
666222
666203
666204
666205
666222
666223
666224
666205
666206
666224
666225
666206
666207
666208
666225
666226
666227
666208
666209
666227
666228
666209
666210
666211
666228
666229
666230
666211
666212
666230
666231
666212
666213
666214
666231
666232
666233
666214
666215
666233
666234
666215
666216
666217
666234
666235
666236
666217
666218
666236
666237
666218
666219
666237
666238
666220
666221
666239
666240
666221
666222
666240
666241
666222
666223
666224
666241
666242
666243
666224
666225
666243
666244
666225
666226
666227
666244
666245
666246
666227
666228
666246
666247
666228
666229
666230
666247
666248
666249
666230
666231
666249
666250
666231
666232
666233
666250
666251
666252
666233
666234
666252
666253
666234
666235
666236
666253
666254
666255
666236
666237
666255
666256
666237
666238
666256
666257
666239
666240
666258
666259
666240
666241
666259
666260
666241
666242
666243
666260
666261
666262
666243
666244
666262
666263
666244
666245
666246
666263
666264
666265
666246
666247
666265
666266
666247
666248
666249
666266
666267
666268
666249
666250
666268
666269
666250
666251
666252
666269
666270
666271
666252
666253
666271
666272
666253
666254
666255
666272
666273
666274
666255
666256
666274
666275
666256
666257
666275
666276
666258
666259
666277
666278
666259
666260
666278
666279
666260
666261
666262
666279
666280
666281
666262
666263
666281
666282
666263
666264
666265
666282
666283
666284
666265
666266
666284
666285
666266
666267
666268
666285
666286
666287
666268
666269
666287
666288
666269
666270
666271
666288
666289
666290
666271
666272
666290
666291
666272
666273
666274
666291
666292
666293
666274
666275
666293
666294
666275
666276
666294
666295
666277
666278
666296
666297
666315
666316
666278
666279
666297
666298
666316
666317
666279
666280
666281
666298
666299
666300
666317
666318
666319
666281
666282
666300
666301
666319
666320
666282
666283
666284
666301
666302
666303
666320
666321
666322
666284
666285
666303
666304
666322
666323
666285
666286
666287
666304
666305
666306
666323
666324
666325
666287
666288
666306
666307
666325
666326
666288
666289
666290
666307
666308
666309
666326
666327
666328
666290
666291
666309
666310
666328
666329
666291
666292
666293
666310
666311
666312
666329
666330
666331
666293
666294
666312
666313
666331
666332
666294
666295
666313
666314
666332
666333
666315
666316
666334
666335
666316
666317
666335
666336
666317
666318
666319
666336
666337
666338
666319
666320
666338
666339
666320
666321
666322
666339
666340
666341
666322
666323
666341
666342
666323
666324
666325
666342
666343
666344
666325
666326
666344
666345
666326
666327
666328
666345
666346
666347
666328
666329
666347
666348
666329
666330
666331
666348
666349
666350
666331
666332
666350
666351
666332
666333
666351
666352
666334
666335
666353
666354
666335
666336
666354
666355
666336
666337
666338
666355
666356
666357
666338
666339
666357
666358
666339
666340
666341
666358
666359
666360
666341
666342
666360
666361
666342
666343
666344
666361
666362
666363
666344
666345
666363
666364
666345
666346
666347
666364
666365
666366
666347
666348
666366
666367
666348
666349
666350
666367
666368
666369
666350
666351
666369
666370
666351
666352
666370
666371
666353
666354
666372
666373
666354
666355
666373
666374
666355
666356
666357
666374
666375
666376
666357
666358
666376
666377
666358
666359
666360
666377
666378
666379
666360
666361
666379
666380
666361
666362
666363
666380
666381
666382
666363
666364
666382
666383
666364
666365
666366
666383
666384
666385
666366
666367
666385
666386
666367
666368
666369
666386
666387
666388
666369
666370
666388
666389
666370
666371
666389
666390
666372
666373
666391
666392
666373
666374
666392
666393
666374
666375
666376
666393
666394
666395
666376
666377
666395
666396
666377
666378
666379
666396
666397
666398
666379
666380
666398
666399
666380
666381
666382
666399
666400
666401
666382
666383
666401
666402
666383
666384
666385
666402
666403
666404
666385
666386
666404
666405
666386
666387
666388
666405
666406
666407
666388
666389
666407
666408
666389
666390
666408
666409
666391
666392
666410
666411
666392
666393
666411
666412
666393
666394
666395
666412
666413
666414
666395
666396
666414
666415
666396
666397
666398
666415
666416
666417
666398
666399
666417
666418
666399
666400
666401
666418
666419
666420
666401
666402
666420
666421
666402
666403
666404
666421
666422
666423
666404
666405
666423
666424
666405
666406
666407
666424
666425
666426
666407
666408
666426
666427
666408
666409
666427
666428
666410
666411
666429
666430
666448
666449
666411
666412
666430
666431
666449
666450
666412
666413
666414
666431
666432
666433
666450
666451
666452
666414
666415
666433
666434
666452
666453
666415
666416
666417
666434
666435
666436
666453
666454
666455
666417
666418
666436
666437
666455
666456
666418
666419
666420
666437
666438
666439
666456
666457
666458
666420
666421
666439
666440
666458
666459
666421
666422
666423
666440
666441
666442
666459
666460
666461
666423
666424
666442
666443
666461
666462
666424
666425
666426
666443
666444
666445
666462
666463
666464
666426
666427
666445
666446
666464
666465
666427
666428
666446
666447
666465
666466
666448
666449
666467
666468
666449
666450
666468
666469
666450
666451
666452
666469
666470
666471
666452
666453
666471
666472
666453
666454
666455
666472
666473
666474
666455
666456
666474
666475
666456
666457
666458
666475
666476
666477
666458
666459
666477
666478
666459
666460
666461
666478
666479
666480
666461
666462
666480
666481
666462
666463
666464
666481
666482
666483
666464
666465
666483
666484
666465
666466
666484
666485
666467
666468
666486
666487
666468
666469
666487
666488
666469
666470
666471
666488
666489
666490
666471
666472
666490
666491
666472
666473
666474
666491
666492
666493
666474
666475
666493
666494
666475
666476
666477
666494
666495
666496
666477
666478
666496
666497
666478
666479
666480
666497
666498
666499
666480
666481
666499
666500
666481
666482
666483
666500
666501
666502
666483
666484
666502
666503
666484
666485
666503
666504
666486
666487
666505
666506
666487
666488
666506
666507
666488
666489
666490
666507
666508
666509
666490
666491
666509
666510
666491
666492
666493
666510
666511
666512
666493
666494
666512
666513
666494
666495
666496
666513
666514
666515
666496
666497
666515
666516
666497
666498
666499
666516
666517
666518
666499
666500
666518
666519
666500
666501
666502
666519
666520
666521
666502
666503
666521
666522
666503
666504
666522
666523
666505
666506
666524
666525
666506
666507
666525
666526
666507
666508
666509
666526
666527
666528
666509
666510
666528
666529
666510
666511
666512
666529
666530
666531
666512
666513
666531
666532
666513
666514
666515
666532
666533
666534
666515
666516
666534
666535
666516
666517
666518
666535
666536
666537
666518
666519
666537
666538
666519
666520
666521
666538
666539
666540
666521
666522
666540
666541
666522
666523
666541
666542
666524
666525
666543
666544
666525
666526
666544
666545
666526
666527
666528
666545
666546
666547
666528
666529
666547
666548
666529
666530
666531
666548
666549
666550
666531
666532
666550
666551
666532
666533
666534
666551
666552
666553
666534
666535
666553
666554
666535
666536
666537
666554
666555
666556
666537
666538
666556
666557
666538
666539
666540
666557
666558
666559
666540
666541
666559
666560
666541
666542
666560
666561
666543
666544
666562
666563
666581
666582
666544
666545
666563
666564
666582
666583
666545
666546
666547
666564
666565
666566
666583
666584
666585
666547
666548
666566
666567
666585
666586
666548
666549
666550
666567
666568
666569
666586
666587
666588
666550
666551
666569
666570
666588
666589
666551
666552
666553
666570
666571
666572
666589
666590
666591
666553
666554
666572
666573
666591
666592
666554
666555
666556
666573
666574
666575
666592
666593
666594
666556
666557
666575
666576
666594
666595
666557
666558
666559
666576
666577
666578
666595
666596
666597
666559
666560
666578
666579
666597
666598
666560
666561
666579
666580
666598
666599
666581
666582
666600
666601
666582
666583
666601
666602
666583
666584
666585
666602
666603
666604
666585
666586
666604
666605
666586
666587
666588
666605
666606
666607
666588
666589
666607
666608
666589
666590
666591
666608
666609
666610
666591
666592
666610
666611
666592
666593
666594
666611
666612
666613
666594
666595
666613
666614
666595
666596
666597
666614
666615
666616
666597
666598
666616
666617
666598
666599
666617
666618
666600
666601
666619
666620
666601
666602
666620
666621
666602
666603
666604
666621
666622
666623
666604
666605
666623
666624
666605
666606
666607
666624
666625
666626
666607
666608
666626
666627
666608
666609
666610
666627
666628
666629
666610
666611
666629
666630
666611
666612
666613
666630
666631
666632
666613
666614
666632
666633
666614
666615
666616
666633
666634
666635
666616
666617
666635
666636
666617
666618
666636
666637
666619
666620
666638
666639
666620
666621
666639
666640
666621
666622
666623
666640
666641
666642
666623
666624
666642
666643
666624
666625
666626
666643
666644
666645
666626
666627
666645
666646
666627
666628
666629
666646
666647
666648
666629
666630
666648
666649
666630
666631
666632
666649
666650
666651
666632
666633
666651
666652
666633
666634
666635
666652
666653
666654
666635
666636
666654
666655
666636
666637
666655
666656
666638
666639
666657
666658
666639
666640
666658
666659
666640
666641
666642
666659
666660
666661
666642
666643
666661
666662
666643
666644
666645
666662
666663
666664
666645
666646
666664
666665
666646
666647
666648
666665
666666
666667
666648
666649
666667
666668
666649
666650
666651
666668
666669
666670
666651
666652
666670
666671
666652
666653
666654
666671
666672
666673
666654
666655
666673
666674
666655
666656
666674
666675
666657
666658
666676
666677
666658
666659
666677
666678
666659
666660
666661
666678
666679
666680
666661
666662
666680
666681
666662
666663
666664
666681
666682
666683
666664
666665
666683
666684
666665
666666
666667
666684
666685
666686
666667
666668
666686
666687
666668
666669
666670
666687
666688
666689
666670
666671
666689
666690
666671
666672
666673
666690
666691
666692
666673
666674
666692
666693
666674
666675
666693
666694
666676
666677
666695
666696
666714
666715
666677
666678
666696
666697
666715
666716
666678
666679
666680
666697
666698
666699
666716
666717
666718
666680
666681
666699
666700
666718
666719
666681
666682
666683
666700
666701
666702
666719
666720
666721
666683
666684
666702
666703
666721
666722
666684
666685
666686
666703
666704
666705
666722
666723
666724
666686
666687
666705
666706
666724
666725
666687
666688
666689
666706
666707
666708
666725
666726
666727
666689
666690
666708
666709
666727
666728
666690
666691
666692
666709
666710
666711
666728
666729
666730
666692
666693
666711
666712
666730
666731
666693
666694
666712
666713
666731
666732
666714
666715
666733
666734
666715
666716
666734
666735
666716
666717
666718
666735
666736
666737
666718
666719
666737
666738
666719
666720
666721
666738
666739
666740
666721
666722
666740
666741
666722
666723
666724
666741
666742
666743
666724
666725
666743
666744
666725
666726
666727
666744
666745
666746
666727
666728
666746
666747
666728
666729
666730
666747
666748
666749
666730
666731
666749
666750
666731
666732
666750
666751
666733
666734
666752
666753
666734
666735
666753
666754
666735
666736
666737
666754
666755
666756
666737
666738
666756
666757
666738
666739
666740
666757
666758
666759
666740
666741
666759
666760
666741
666742
666743
666760
666761
666762
666743
666744
666762
666763
666744
666745
666746
666763
666764
666765
666746
666747
666765
666766
666747
666748
666749
666766
666767
666768
666749
666750
666768
666769
666750
666751
666769
666770
666752
666753
666771
666772
666753
666754
666772
666773
666754
666755
666756
666773
666774
666775
666756
666757
666775
666776
666757
666758
666759
666776
666777
666778
666759
666760
666778
666779
666760
666761
666762
666779
666780
666781
666762
666763
666781
666782
666763
666764
666765
666782
666783
666784
666765
666766
666784
666785
666766
666767
666768
666785
666786
666787
666768
666769
666787
666788
666769
666770
666788
666789
666771
666772
666790
666791
666772
666773
666791
666792
666773
666774
666775
666792
666793
666794
666775
666776
666794
666795
666776
666777
666778
666795
666796
666797
666778
666779
666797
666798
666779
666780
666781
666798
666799
666800
666781
666782
666800
666801
666782
666783
666784
666801
666802
666803
666784
666785
666803
666804
666785
666786
666787
666804
666805
666806
666787
666788
666806
666807
666788
666789
666807
666808
666790
666791
666809
666810
666791
666792
666810
666811
666792
666793
666794
666811
666812
666813
666794
666795
666813
666814
666795
666796
666797
666814
666815
666816
666797
666798
666816
666817
666798
666799
666800
666817
666818
666819
666800
666801
666819
666820
666801
666802
666803
666820
666821
666822
666803
666804
666822
666823
666804
666805
666806
666823
666824
666825
666806
666807
666825
666826
666807
666808
666826
666827
666809
666810
666828
666829
666847
666848
666810
666811
666829
666830
666848
666849
666811
666812
666813
666830
666831
666832
666849
666850
666851
666813
666814
666832
666833
666851
666852
666814
666815
666816
666833
666834
666835
666852
666853
666854
666816
666817
666835
666836
666854
666855
666817
666818
666819
666836
666837
666838
666855
666856
666857
666819
666820
666838
666839
666857
666858
666820
666821
666822
666839
666840
666841
666858
666859
666860
666822
666823
666841
666842
666860
666861
666823
666824
666825
666842
666843
666844
666825
666826
666844
666845
666826
666827
666845
666846
666847
666848
666866
666867
666848
666849
666867
666868
666849
666850
666851
666868
666869
666870
666851
666852
666870
666871
666852
666853
666854
666871
666872
666873
666854
666855
666873
666874
666855
666856
666857
666874
666875
666876
666857
666858
666876
666877
666858
666859
666860
666877
666878
666879
666842
666860
666861
666879
666880
666842
666843
666844
666861
666862
666863
666880
666881
666882
666844
666845
666863
666864
666882
666883
666845
666846
666864
666865
666883
666884
666866
666867
666885
666886
666867
666868
666886
666887
666868
666869
666870
666887
666888
666889
666870
666871
666889
666890
666871
666872
666873
666890
666891
666892
666873
666874
666892
666893
666874
666875
666876
666893
666894
666895
666876
666877
666895
666896
666877
666878
666879
666896
666897
666898
666879
666880
666898
666899
666880
666881
666882
666899
666900
666901
666882
666883
666901
666902
666883
666884
666902
666903
666885
666886
666904
666905
666886
666887
666905
666906
666887
666888
666889
666906
666907
666908
666889
666890
666908
666909
666890
666891
666892
666909
666910
666911
666892
666893
666911
666912
666893
666894
666895
666912
666913
666914
666895
666896
666914
666915
666896
666897
666898
666915
666916
666917
666898
666899
666917
666918
666899
666900
666901
666918
666919
666920
666901
666902
666920
666921
666902
666903
666921
666922
666904
666905
666923
666924
666905
666906
666924
666925
666906
666907
666908
666925
666926
666927
666908
666909
666927
666928
666909
666910
666911
666928
666929
666930
666911
666912
666930
666931
666912
666913
666914
666931
666932
666933
666914
666915
666933
666934
666915
666916
666917
666934
666935
666936
666917
666918
666936
666937
666918
666919
666920
666937
666938
666939
666920
666921
666939
666940
666921
666922
666940
666941
666923
666924
666942
666943
666924
666925
666943
666944
666925
666926
666927
666944
666945
666946
666927
666928
666946
666947
666928
666929
666930
666947
666948
666949
666930
666931
666949
666950
666931
666932
666933
666950
666951
666952
666933
666934
666952
666953
666934
666935
666936
666953
666954
666955
666936
666937
666955
666956
666937
666938
666939
666956
666957
666958
666939
666940
666958
666959
666940
666941
666959
666960
666942
666943
666961
666962
666943
666944
666962
666963
666944
666945
666946
666963
666964
666965
666946
666947
666965
666966
666947
666948
666949
666966
666967
666968
666949
666950
666968
666969
666950
666951
666952
666969
666970
666971
666952
666953
666971
666972
666953
666954
666955
666972
666973
666974
666955
666956
666974
666975
666956
666957
666958
666975
666976
666977
666958
666959
666977
666978
666959
666960
666978
666979
666961
666962
666980
666981
667080
667081
666981
666982
667081
667082
666982
666983
667082
667083
666983
666984
667083
667084
666984
666985
667084
667085
666985
666986
667085
667086
666986
666987
666988
667086
667087
667088
666988
666989
667088
667089
666989
666990
667089
667090
666990
666991
667090
667091
666991
666992
667091
667092
666992
666993
667092
667093
666993
666994
666995
667093
667094
667095
666995
666996
667095
667096
666996
666997
667096
667097
666997
666998
667097
667098
666998
666999
667098
667099
666999
667000
667099
667100
667000
667001
667002
667100
667101
667102
667002
667003
667102
667103
667003
667004
667103
667104
667004
667005
667104
667105
667005
667006
667105
667106
667006
667007
667106
667107
667007
667008
667009
667107
667108
667109
667009
667010
667109
667110
667010
667011
667110
667111
667011
667012
667111
667112
667012
667013
667112
667113
667013
667014
667113
667114
667014
667015
667016
667114
667115
667116
667016
667017
667116
667117
667017
667018
667117
667118
667018
667019
667118
667119
667019
667020
667119
667120
667020
667021
667120
667121
667021
667022
667023
667121
667122
667123
667023
667024
667123
667124
667024
667025
667124
667125
667025
667026
667125
667126
667026
667027
667126
667127
667027
667028
667127
667128
667028
667029
667030
667128
667129
667029
667030
667031
667129
667130
667131
667031
667032
667131
667132
667032
667033
667132
667133
667033
667034
667133
667134
667034
667035
667134
667135
667035
667036
667135
667136
667036
667037
667038
667136
667137
667138
667038
667039
667138
667139
667039
667040
667139
667140
667040
667041
667140
667141
667041
667042
667141
667142
667042
667043
667142
667143
667043
667044
667045
667143
667144
667145
667045
667046
667145
667146
667046
667047
667146
667147
667047
667048
667147
667148
667048
667049
667148
667149
667049
667050
667149
667150
667050
667051
667052
667150
667151
667152
667052
667053
667152
667153
667053
667054
667153
667154
667054
667055
667154
667155
667055
667056
667155
667156
667056
667057
667156
667157
667057
667058
667059
667157
667158
667159
667059
667060
667159
667160
667060
667061
667160
667161
667061
667062
667161
667162
667062
667063
667162
667163
667063
667064
667163
667164
667064
667065
667066
667164
667165
667166
667066
667067
667166
667167
667067
667068
667167
667168
667068
667069
667168
667169
667069
667070
667169
667170
667070
667071
667170
667171
667071
667072
667073
667171
667172
667173
667073
667074
667173
667174
667074
667075
667174
667175
667075
667076
667175
667176
667076
667077
667176
667177
667077
667078
667177
667178
667078
667079
667178
667179
666962
666963
667080
667081
667180
667181
667081
667082
667181
667182
667082
667083
667182
667183
667083
667084
667183
667184
667084
667085
667184
667185
667085
667086
667185
667186
667086
667087
667088
667186
667187
667188
667088
667089
667188
667189
667089
667090
667189
667190
667090
667091
667190
667191
667091
667092
667191
667192
667092
667093
667192
667193
667093
667094
667095
667193
667194
667195
667095
667096
667195
667196
667096
667097
667196
667197
667097
667098
667197
667198
667098
667099
667198
667199
667099
667100
667199
667200
667100
667101
667102
667200
667201
667202
667102
667103
667202
667203
667103
667104
667203
667204
667104
667105
667204
667205
667105
667106
667205
667206
667106
667107
667206
667207
667107
667108
667109
667207
667208
667209
667109
667110
667209
667210
667110
667111
667210
667211
667111
667112
667211
667212
667112
667113
667212
667213
667113
667114
667213
667214
667114
667115
667116
667214
667215
667216
667116
667117
667216
667217
667117
667118
667217
667218
667118
667119
667218
667219
667119
667120
667219
667220
667120
667121
667220
667221
667121
667122
667123
667221
667222
667223
667123
667124
667223
667224
667124
667125
667224
667225
667125
667126
667225
667226
667126
667127
667226
667227
667127
667128
667227
667228
667128
667129
667228
667229
667129
667130
667131
667229
667230
667231
667131
667132
667231
667232
667132
667133
667232
667233
667133
667134
667233
667234
667134
667135
667234
667235
667135
667136
667235
667236
667136
667137
667138
667236
667237
667238
667138
667139
667238
667239
667139
667140
667239
667240
667140
667141
667240
667241
667141
667142
667241
667242
667142
667143
667242
667243
667143
667144
667145
667243
667244
667245
667145
667146
667245
667246
667146
667147
667246
667247
667147
667148
667247
667248
667148
667149
667248
667249
667149
667150
667249
667250
667150
667151
667152
667250
667251
667252
667152
667153
667252
667253
667153
667154
667253
667254
667154
667155
667254
667255
667155
667156
667255
667256
667156
667157
667256
667257
667157
667158
667159
667257
667258
667259
667159
667160
667259
667260
667160
667161
667260
667261
667161
667162
667261
667262
667162
667163
667262
667263
667163
667164
667263
667264
667164
667165
667166
667264
667265
667266
667166
667167
667266
667267
667167
667168
667267
667268
667168
667169
667268
667269
667169
667170
667269
667270
667170
667171
667270
667271
667171
667172
667173
667271
667272
667273
667173
667174
667273
667274
667174
667175
667274
667275
667175
667176
667275
667276
667176
667177
667276
667277
667177
667178
667277
667278
667178
667179
667278
667279
666963
666964
666965
667180
667181
667280
667281
667380
667381
667181
667182
667281
667282
667381
667382
667182
667183
667282
667283
667382
667383
667183
667184
667283
667284
667383
667384
667184
667185
667284
667285
667384
667385
667185
667186
667285
667286
667385
667386
667186
667187
667188
667286
667287
667288
667386
667387
667388
667188
667189
667288
667289
667388
667389
667189
667190
667289
667290
667389
667390
667190
667191
667290
667291
667390
667391
667191
667192
667291
667292
667391
667392
667192
667193
667292
667293
667392
667393
667193
667194
667195
667293
667294
667295
667393
667394
667395
667195
667196
667295
667296
667395
667396
667196
667197
667296
667297
667396
667397
667197
667198
667297
667298
667397
667398
667198
667199
667298
667299
667398
667399
667199
667200
667299
667300
667399
667400
667200
667201
667202
667300
667301
667302
667400
667401
667402
667202
667203
667302
667303
667402
667403
667203
667204
667303
667304
667403
667404
667204
667205
667304
667305
667404
667405
667205
667206
667305
667306
667405
667406
667206
667207
667306
667307
667406
667407
667207
667208
667209
667307
667308
667309
667407
667408
667409
667209
667210
667309
667310
667409
667410
667210
667211
667310
667311
667410
667411
667211
667212
667311
667312
667411
667412
667212
667213
667312
667313
667412
667413
667213
667214
667313
667314
667413
667414
667214
667215
667216
667314
667315
667316
667414
667415
667416
667216
667217
667316
667317
667416
667417
667217
667218
667317
667318
667417
667418
667218
667219
667318
667319
667418
667419
667219
667220
667319
667320
667419
667420
667220
667221
667320
667321
667420
667421
667221
667222
667223
667321
667322
667323
667421
667422
667423
667223
667224
667323
667324
667423
667424
667224
667225
667324
667325
667424
667425
667225
667226
667325
667326
667425
667426
667226
667227
667326
667327
667426
667427
667227
667228
667327
667328
667427
667428
667228
667229
667328
667329
667428
667429
667229
667230
667231
667329
667330
667331
667429
667430
667431
667231
667232
667331
667332
667431
667432
667232
667233
667332
667333
667432
667433
667233
667234
667333
667334
667433
667434
667234
667235
667334
667335
667434
667435
667235
667236
667335
667336
667435
667436
667236
667237
667238
667336
667337
667338
667436
667437
667438
667238
667239
667338
667339
667438
667439
667239
667240
667339
667340
667439
667440
667240
667241
667340
667341
667440
667441
667241
667242
667341
667342
667441
667442
667242
667243
667342
667343
667442
667443
667243
667244
667245
667343
667344
667345
667443
667444
667445
667245
667246
667345
667346
667445
667446
667246
667247
667346
667347
667446
667447
667247
667248
667347
667348
667447
667448
667248
667249
667348
667349
667448
667449
667249
667250
667349
667350
667449
667450
667250
667251
667252
667350
667351
667352
667450
667451
667452
667252
667253
667352
667353
667452
667453
667253
667254
667353
667354
667453
667454
667254
667255
667354
667355
667454
667455
667255
667256
667355
667356
667455
667456
667256
667257
667356
667357
667456
667457
667257
667258
667259
667357
667358
667359
667457
667458
667459
667259
667260
667359
667360
667459
667460
667260
667261
667360
667361
667460
667461
667261
667262
667361
667362
667461
667462
667262
667263
667362
667363
667462
667463
667263
667264
667363
667364
667463
667464
667264
667265
667266
667364
667365
667366
667464
667465
667466
667266
667267
667366
667367
667466
667467
667267
667268
667367
667368
667467
667468
667268
667269
667368
667369
667468
667469
667269
667270
667369
667370
667469
667470
667270
667271
667370
667371
667470
667471
667271
667272
667273
667371
667372
667373
667471
667472
667473
667273
667274
667373
667374
667473
667474
667274
667275
667374
667375
667474
667475
667275
667276
667375
667376
667475
667476
667276
667277
667376
667377
667476
667477
667277
667278
667377
667378
667477
667478
667278
667279
667378
667379
667478
667479
666965
666966
667380
667381
667480
667481
667381
667382
667481
667482
667382
667383
667482
667483
667383
667384
667483
667484
667384
667385
667484
667485
667385
667386
667485
667486
667386
667387
667388
667486
667487
667488
667388
667389
667488
667489
667389
667390
667489
667490
667390
667391
667490
667491
667391
667392
667491
667492
667392
667393
667492
667493
667393
667394
667395
667493
667494
667495
667395
667396
667495
667496
667396
667397
667496
667497
667397
667398
667497
667498
667398
667399
667498
667499
667399
667400
667499
667500
667400
667401
667402
667500
667501
667502
667402
667403
667502
667503
667403
667404
667503
667504
667404
667405
667504
667505
667405
667406
667505
667506
667406
667407
667506
667507
667407
667408
667409
667507
667508
667509
667409
667410
667509
667510
667410
667411
667510
667511
667411
667412
667511
667512
667412
667413
667512
667513
667413
667414
667513
667514
667414
667415
667416
667514
667515
667516
667416
667417
667516
667517
667417
667418
667517
667518
667418
667419
667518
667519
667419
667420
667519
667520
667420
667421
667520
667521
667421
667422
667423
667521
667522
667523
667423
667424
667523
667524
667424
667425
667524
667525
667425
667426
667525
667526
667426
667427
667526
667527
667427
667428
667527
667528
667428
667429
667528
667529
667429
667430
667431
667529
667530
667531
667431
667432
667531
667532
667432
667433
667532
667533
667433
667434
667533
667534
667434
667435
667534
667535
667435
667436
667535
667536
667436
667437
667438
667536
667537
667538
667438
667439
667538
667539
667439
667440
667539
667540
667440
667441
667540
667541
667441
667442
667541
667542
667442
667443
667542
667543
667443
667444
667445
667543
667544
667545
667445
667446
667545
667546
667446
667447
667546
667547
667447
667448
667547
667548
667448
667449
667548
667549
667449
667450
667549
667550
667450
667451
667452
667550
667551
667552
667452
667453
667552
667553
667453
667454
667553
667554
667454
667455
667554
667555
667455
667456
667555
667556
667456
667457
667556
667557
667457
667458
667459
667557
667558
667559
667459
667460
667559
667560
667460
667461
667560
667561
667461
667462
667561
667562
667462
667463
667562
667563
667463
667464
667563
667564
667464
667465
667466
667564
667565
667566
667466
667467
667566
667567
667467
667468
667567
667568
667468
667469
667568
667569
667469
667470
667569
667570
667470
667471
667570
667571
667471
667472
667473
667571
667572
667573
667473
667474
667573
667574
667474
667475
667574
667575
667475
667476
667575
667576
667476
667477
667576
667577
667477
667478
667577
667578
667478
667479
667578
667579
666966
666967
666968
667480
667481
667580
667581
667680
667681
667481
667482
667581
667582
667681
667682
667482
667483
667582
667583
667682
667683
667483
667484
667583
667584
667683
667684
667484
667485
667584
667585
667684
667685
667485
667486
667585
667586
667685
667686
667486
667487
667488
667586
667587
667588
667686
667687
667688
667488
667489
667588
667589
667688
667689
667489
667490
667589
667590
667689
667690
667490
667491
667590
667591
667690
667691
667491
667492
667591
667592
667691
667692
667492
667493
667592
667593
667692
667693
667493
667494
667495
667593
667594
667595
667693
667694
667695
667495
667496
667595
667596
667695
667696
667496
667497
667596
667597
667696
667697
667497
667498
667597
667598
667697
667698
667498
667499
667598
667599
667698
667699
667499
667500
667599
667600
667699
667700
667500
667501
667502
667600
667601
667602
667700
667701
667702
667502
667503
667602
667603
667702
667703
667503
667504
667603
667604
667703
667704
667504
667505
667604
667605
667704
667705
667505
667506
667605
667606
667705
667706
667506
667507
667606
667607
667706
667707
667507
667508
667509
667607
667608
667609
667707
667708
667709
667509
667510
667609
667610
667709
667710
667510
667511
667610
667611
667710
667711
667511
667512
667611
667612
667711
667712
667512
667513
667612
667613
667712
667713
667513
667514
667613
667614
667713
667714
667514
667515
667516
667614
667615
667616
667714
667715
667716
667516
667517
667616
667617
667716
667717
667517
667518
667617
667618
667717
667718
667518
667519
667618
667619
667718
667719
667519
667520
667619
667620
667719
667720
667520
667521
667620
667621
667720
667721
667521
667522
667523
667621
667622
667623
667721
667722
667723
667523
667524
667623
667624
667723
667724
667524
667525
667624
667625
667724
667725
667525
667526
667625
667626
667725
667726
667526
667527
667626
667627
667726
667727
667527
667528
667627
667628
667727
667728
667528
667529
667628
667629
667728
667729
667529
667530
667531
667629
667630
667631
667729
667730
667731
667531
667532
667631
667632
667731
667732
667532
667533
667632
667633
667732
667733
667533
667534
667633
667634
667733
667734
667534
667535
667634
667635
667734
667735
667535
667536
667635
667636
667735
667736
667536
667537
667538
667636
667637
667638
667736
667737
667738
667538
667539
667638
667639
667738
667739
667539
667540
667639
667640
667739
667740
667540
667541
667640
667641
667740
667741
667541
667542
667641
667642
667741
667742
667542
667543
667642
667643
667742
667743
667543
667544
667545
667643
667644
667645
667743
667744
667745
667545
667546
667645
667646
667745
667746
667546
667547
667646
667647
667746
667747
667547
667548
667647
667648
667747
667748
667548
667549
667648
667649
667748
667749
667549
667550
667649
667650
667749
667750
667550
667551
667552
667650
667651
667652
667750
667751
667752
667552
667553
667652
667653
667752
667753
667553
667554
667653
667654
667753
667754
667554
667555
667654
667655
667754
667755
667555
667556
667655
667656
667755
667756
667556
667557
667656
667657
667756
667757
667557
667558
667559
667657
667658
667659
667757
667758
667759
667559
667560
667659
667660
667759
667760
667560
667561
667660
667661
667760
667761
667561
667562
667661
667662
667761
667762
667562
667563
667662
667663
667762
667763
667563
667564
667663
667664
667763
667764
667564
667565
667566
667664
667665
667666
667764
667765
667766
667566
667567
667666
667667
667766
667767
667567
667568
667667
667668
667767
667768
667568
667569
667668
667669
667768
667769
667569
667570
667669
667670
667769
667770
667570
667571
667670
667671
667770
667771
667571
667572
667573
667671
667672
667673
667771
667772
667773
667573
667574
667673
667674
667773
667774
667574
667575
667674
667675
667774
667775
667575
667576
667675
667676
667775
667776
667576
667577
667676
667677
667776
667777
667577
667578
667677
667678
667777
667778
667578
667579
667678
667679
667778
667779
666968
666969
667680
667681
667780
667781
667681
667682
667781
667782
667682
667683
667782
667783
667683
667684
667783
667784
667684
667685
667784
667785
667685
667686
667785
667786
667686
667687
667688
667786
667787
667788
667688
667689
667788
667789
667689
667690
667789
667790
667690
667691
667790
667791
667691
667692
667791
667792
667692
667693
667792
667793
667693
667694
667695
667793
667794
667795
667695
667696
667795
667796
667696
667697
667796
667797
667697
667698
667797
667798
667698
667699
667798
667799
667699
667700
667799
667800
667700
667701
667702
667800
667801
667802
667702
667703
667802
667803
667703
667704
667803
667804
667704
667705
667804
667805
667705
667706
667805
667806
667706
667707
667806
667807
667707
667708
667709
667807
667808
667809
667709
667710
667809
667810
667710
667711
667810
667811
667711
667712
667811
667812
667712
667713
667812
667813
667713
667714
667813
667814
667714
667715
667716
667814
667815
667816
667716
667717
667816
667817
667717
667718
667817
667818
667718
667719
667818
667819
667719
667720
667819
667820
667720
667721
667820
667821
667721
667722
667723
667821
667822
667823
667723
667724
667823
667824
667724
667725
667824
667825
667725
667726
667825
667826
667726
667727
667826
667827
667727
667728
667827
667828
667728
667729
667828
667829
667729
667730
667731
667829
667830
667831
667731
667732
667831
667832
667732
667733
667832
667833
667733
667734
667833
667834
667734
667735
667834
667835
667735
667736
667835
667836
667736
667737
667738
667836
667837
667838
667738
667739
667838
667839
667739
667740
667839
667840
667740
667741
667840
667841
667741
667742
667841
667842
667742
667743
667842
667843
667743
667744
667745
667843
667844
667845
667745
667746
667845
667846
667746
667747
667846
667847
667747
667748
667847
667848
667748
667749
667848
667849
667749
667750
667849
667850
667750
667751
667752
667850
667851
667852
667752
667753
667852
667853
667753
667754
667853
667854
667754
667755
667854
667855
667755
667756
667855
667856
667756
667757
667856
667857
667757
667758
667759
667857
667858
667859
667759
667760
667859
667860
667760
667761
667860
667861
667761
667762
667861
667862
667762
667763
667862
667863
667763
667764
667863
667864
667764
667765
667766
667864
667865
667866
667766
667767
667866
667867
667767
667768
667867
667868
667768
667769
667868
667869
667769
667770
667869
667870
667770
667771
667870
667871
667771
667772
667773
667871
667872
667873
667773
667774
667873
667874
667774
667775
667874
667875
667775
667776
667875
667876
667776
667777
667876
667877
667777
667778
667877
667878
667778
667779
667878
667879
666969
666970
666971
667780
667781
667880
667881
667980
667981
667781
667782
667881
667882
667981
667982
667782
667783
667882
667883
667982
667983
667783
667784
667883
667884
667983
667984
667784
667785
667884
667885
667984
667985
667785
667786
667885
667886
667985
667986
667786
667787
667788
667886
667887
667888
667986
667987
667988
667788
667789
667888
667889
667988
667989
667789
667790
667889
667890
667989
667990
667790
667791
667890
667891
667990
667991
667791
667792
667891
667892
667991
667992
667792
667793
667892
667893
667992
667993
667793
667794
667795
667893
667894
667895
667993
667994
667995
667795
667796
667895
667896
667995
667996
667796
667797
667896
667897
667996
667997
667797
667798
667897
667898
667997
667998
667798
667799
667898
667899
667998
667999
667799
667800
667899
667900
667999
668000
667800
667801
667802
667900
667901
667902
668000
668001
668002
667802
667803
667902
667903
668002
668003
667803
667804
667903
667904
668003
668004
667804
667805
667904
667905
668004
668005
667805
667806
667905
667906
668005
668006
667806
667807
667906
667907
668006
668007
667807
667808
667809
667907
667908
667909
668007
668008
668009
667809
667810
667909
667910
668009
668010
667810
667811
667910
667911
668010
668011
667811
667812
667911
667912
668011
668012
667812
667813
667912
667913
668012
668013
667813
667814
667913
667914
668013
668014
667814
667815
667816
667914
667915
667916
668014
668015
668016
667816
667817
667916
667917
668016
668017
667817
667818
667917
667918
668017
668018
667818
667819
667918
667919
668018
668019
667819
667820
667919
667920
668019
668020
667820
667821
667920
667921
668020
668021
667821
667822
667823
667921
667922
667923
668021
668022
668023
667823
667824
667923
667924
668023
668024
667824
667825
667924
667925
668024
668025
667825
667826
667925
667926
668025
668026
667826
667827
667926
667927
668026
668027
667827
667828
667927
667928
668027
668028
667828
667829
667928
667929
668028
668029
667829
667830
667831
667929
667930
667931
668029
668030
668031
667831
667832
667931
667932
668031
668032
667832
667833
667932
667933
668032
668033
667833
667834
667933
667934
668033
668034
667834
667835
667934
667935
668034
668035
667835
667836
667935
667936
668035
668036
667836
667837
667838
667936
667937
667938
668036
668037
668038
667838
667839
667938
667939
668038
668039
667839
667840
667939
667940
668039
668040
667840
667841
667940
667941
668040
668041
667841
667842
667941
667942
668041
668042
667842
667843
667942
667943
668042
668043
667843
667844
667845
667943
667944
667945
668043
668044
668045
667845
667846
667945
667946
668045
668046
667846
667847
667946
667947
668046
668047
667847
667848
667947
667948
668047
668048
667848
667849
667948
667949
668048
668049
667849
667850
667949
667950
668049
668050
667850
667851
667852
667950
667951
667952
668050
668051
668052
667852
667853
667952
667953
668052
668053
667853
667854
667953
667954
668053
668054
667854
667855
667954
667955
668054
668055
667855
667856
667955
667956
668055
668056
667856
667857
667956
667957
668056
668057
667857
667858
667859
667957
667958
667959
668057
668058
668059
667859
667860
667959
667960
668059
668060
667860
667861
667960
667961
668060
668061
667861
667862
667961
667962
668061
668062
667862
667863
667962
667963
668062
668063
667863
667864
667963
667964
668063
668064
667864
667865
667866
667964
667965
667966
668064
668065
668066
667866
667867
667966
667967
668066
668067
667867
667868
667967
667968
668067
668068
667868
667869
667968
667969
668068
668069
667869
667870
667969
667970
668069
668070
667870
667871
667970
667971
668070
668071
667871
667872
667873
667971
667972
667973
668071
668072
668073
667873
667874
667973
667974
668073
668074
667874
667875
667974
667975
668074
668075
667875
667876
667975
667976
668075
668076
667876
667877
667976
667977
668076
668077
667877
667878
667977
667978
668077
668078
667878
667879
667978
667979
668078
668079
666971
666972
667980
667981
668080
668081
667981
667982
668081
668082
667982
667983
668082
668083
667983
667984
668083
668084
667984
667985
668084
668085
667985
667986
668085
668086
667986
667987
667988
668086
668087
668088
667988
667989
668088
668089
667989
667990
668089
668090
667990
667991
668090
668091
667991
667992
668091
668092
667992
667993
668092
668093
667993
667994
667995
668093
668094
668095
667995
667996
668095
668096
667996
667997
668096
668097
667997
667998
668097
668098
667998
667999
668098
668099
667999
668000
668099
668100
668000
668001
668002
668100
668101
668102
668002
668003
668102
668103
668003
668004
668103
668104
668004
668005
668104
668105
668005
668006
668105
668106
668006
668007
668106
668107
668007
668008
668009
668107
668108
668109
668009
668010
668109
668110
668010
668011
668110
668111
668011
668012
668111
668112
668012
668013
668112
668113
668013
668014
668113
668114
668014
668015
668016
668114
668115
668116
668016
668017
668116
668117
668017
668018
668117
668118
668018
668019
668118
668119
668019
668020
668119
668120
668020
668021
668120
668121
668021
668022
668023
668121
668122
668123
668023
668024
668123
668124
668024
668025
668124
668125
668025
668026
668125
668126
668026
668027
668126
668127
668027
668028
668127
668128
668028
668029
668128
668129
668029
668030
668031
668129
668130
668131
668031
668032
668131
668132
668032
668033
668132
668133
668033
668034
668133
668134
668034
668035
668134
668135
668035
668036
668135
668136
668036
668037
668038
668136
668137
668138
668038
668039
668138
668139
668039
668040
668139
668140
668040
668041
668140
668141
668041
668042
668141
668142
668042
668043
668142
668143
668043
668044
668045
668143
668144
668145
668045
668046
668145
668146
668046
668047
668146
668147
668047
668048
668147
668148
668048
668049
668148
668149
668049
668050
668149
668150
668050
668051
668052
668150
668151
668152
668052
668053
668152
668153
668053
668054
668153
668154
668054
668055
668154
668155
668055
668056
668155
668156
668056
668057
668156
668157
668057
668058
668059
668157
668158
668159
668059
668060
668159
668160
668060
668061
668160
668161
668061
668062
668161
668162
668062
668063
668162
668163
668063
668064
668163
668164
668064
668065
668066
668164
668165
668166
668066
668067
668166
668167
668067
668068
668167
668168
668068
668069
668168
668169
668069
668070
668169
668170
668070
668071
668170
668171
668071
668072
668073
668171
668172
668173
668073
668074
668173
668174
668074
668075
668174
668175
668075
668076
668175
668176
668076
668077
668176
668177
668077
668078
668177
668178
668078
668079
668178
668179
666972
666973
666974
668080
668081
668180
668181
668280
668281
668081
668082
668181
668182
668281
668282
668082
668083
668182
668183
668282
668283
668083
668084
668183
668184
668283
668284
668084
668085
668184
668185
668284
668285
668085
668086
668185
668186
668285
668286
668086
668087
668088
668186
668187
668188
668286
668287
668288
668088
668089
668188
668189
668288
668289
668089
668090
668189
668190
668289
668290
668090
668091
668190
668191
668290
668291
668091
668092
668191
668192
668291
668292
668092
668093
668192
668193
668292
668293
668093
668094
668095
668193
668194
668195
668293
668294
668295
668095
668096
668195
668196
668295
668296
668096
668097
668196
668197
668296
668297
668097
668098
668197
668198
668297
668298
668098
668099
668198
668199
668298
668299
668099
668100
668199
668200
668299
668300
668100
668101
668102
668200
668201
668202
668300
668301
668302
668102
668103
668202
668203
668302
668303
668103
668104
668203
668204
668303
668304
668104
668105
668204
668205
668304
668305
668105
668106
668205
668206
668305
668306
668106
668107
668206
668207
668306
668307
668107
668108
668109
668207
668208
668209
668307
668308
668309
668109
668110
668209
668210
668309
668310
668110
668111
668210
668211
668310
668311
668111
668112
668211
668212
668311
668312
668112
668113
668212
668213
668312
668313
668113
668114
668213
668214
668313
668314
668114
668115
668116
668214
668215
668216
668314
668315
668316
668116
668117
668216
668217
668316
668317
668117
668118
668217
668218
668317
668318
668118
668119
668218
668219
668318
668319
668119
668120
668219
668220
668319
668320
668120
668121
668220
668221
668320
668321
668121
668122
668123
668221
668222
668223
668321
668322
668323
668123
668124
668223
668224
668323
668324
668124
668125
668224
668225
668324
668325
668125
668126
668225
668226
668325
668326
668126
668127
668226
668227
668326
668327
668127
668128
668227
668228
668327
668328
668128
668129
668228
668229
668328
668329
668129
668130
668131
668229
668230
668231
668329
668330
668331
668131
668132
668231
668232
668331
668332
668132
668133
668232
668233
668332
668333
668133
668134
668233
668234
668333
668334
668134
668135
668234
668235
668334
668335
668135
668136
668235
668236
668335
668336
668136
668137
668138
668236
668237
668238
668336
668337
668338
668138
668139
668238
668239
668338
668339
668139
668140
668239
668240
668339
668340
668140
668141
668240
668241
668340
668341
668141
668142
668241
668242
668341
668342
668142
668143
668242
668243
668342
668343
668143
668144
668145
668243
668244
668245
668343
668344
668345
668145
668146
668245
668246
668345
668346
668146
668147
668246
668247
668346
668347
668147
668148
668247
668248
668347
668348
668148
668149
668248
668249
668348
668349
668149
668150
668249
668250
668349
668350
668150
668151
668152
668250
668251
668252
668350
668351
668352
668152
668153
668252
668253
668352
668353
668153
668154
668253
668254
668353
668354
668154
668155
668254
668255
668354
668355
668155
668156
668255
668256
668355
668356
668156
668157
668256
668257
668356
668357
668157
668158
668159
668257
668258
668259
668357
668358
668359
668159
668160
668259
668260
668359
668360
668160
668161
668260
668261
668360
668361
668161
668162
668261
668262
668361
668362
668162
668163
668262
668263
668362
668363
668163
668164
668263
668264
668363
668364
668164
668165
668166
668264
668265
668266
668364
668365
668366
668166
668167
668266
668267
668366
668367
668167
668168
668267
668268
668367
668368
668168
668169
668268
668269
668368
668369
668169
668170
668269
668270
668369
668370
668170
668171
668270
668271
668370
668371
668171
668172
668173
668271
668272
668273
668371
668372
668373
668173
668174
668273
668274
668373
668374
668174
668175
668274
668275
668374
668375
668175
668176
668275
668276
668375
668376
668176
668177
668276
668277
668376
668377
668177
668178
668277
668278
668377
668378
668178
668179
668278
668279
668378
668379
666974
666975
668280
668281
668380
668381
668281
668282
668381
668382
668282
668283
668382
668383
668283
668284
668383
668384
668284
668285
668384
668385
668285
668286
668385
668386
668286
668287
668288
668386
668387
668388
668288
668289
668388
668389
668289
668290
668389
668390
668290
668291
668390
668391
668291
668292
668391
668392
668292
668293
668392
668393
668293
668294
668295
668393
668394
668395
668295
668296
668395
668396
668296
668297
668396
668397
668297
668298
668397
668398
668298
668299
668398
668399
668299
668300
668399
668400
668300
668301
668302
668400
668401
668402
668302
668303
668402
668403
668303
668304
668403
668404
668304
668305
668404
668405
668305
668306
668405
668406
668306
668307
668406
668407
668307
668308
668309
668407
668408
668409
668309
668310
668409
668410
668310
668311
668410
668411
668311
668312
668411
668412
668312
668313
668412
668413
668313
668314
668413
668414
668314
668315
668316
668414
668415
668416
668316
668317
668416
668417
668317
668318
668417
668418
668318
668319
668418
668419
668319
668320
668419
668420
668320
668321
668420
668421
668321
668322
668323
668421
668422
668423
668323
668324
668422
668423
668424
668324
668325
668424
668425
668325
668326
668425
668426
668326
668327
668426
668427
668327
668328
668427
668428
668328
668329
668428
668429
668329
668330
668331
668429
668430
668431
668331
668332
668431
668432
668332
668333
668432
668433
668333
668334
668433
668434
668334
668335
668434
668435
668335
668336
668435
668436
668336
668337
668338
668436
668437
668438
668338
668339
668438
668439
668339
668340
668439
668440
668340
668341
668440
668441
668341
668342
668441
668442
668342
668343
668442
668443
668343
668344
668345
668443
668444
668445
668345
668346
668445
668446
668346
668347
668446
668447
668347
668348
668447
668448
668348
668349
668448
668449
668349
668350
668449
668450
668350
668351
668352
668450
668451
668452
668352
668353
668452
668453
668353
668354
668453
668454
668354
668355
668454
668455
668355
668356
668455
668456
668356
668357
668456
668457
668357
668358
668359
668457
668458
668459
668359
668360
668459
668460
668360
668361
668460
668461
668361
668362
668461
668462
668362
668363
668462
668463
668363
668364
668463
668464
668364
668365
668366
668464
668465
668466
668366
668367
668466
668467
668367
668368
668467
668468
668368
668369
668468
668469
668369
668370
668469
668470
668370
668371
668470
668471
668371
668372
668373
668471
668472
668473
668373
668374
668472
668473
668474
668374
668375
668474
668475
668375
668376
668475
668476
668376
668377
668476
668477
668377
668378
668477
668478
668378
668379
668478
668479
666975
666976
666977
668380
668381
668480
668481
668580
668581
668381
668382
668481
668482
668581
668582
668382
668383
668482
668483
668582
668583
668383
668384
668483
668484
668583
668584
668384
668385
668484
668485
668584
668585
668385
668386
668485
668486
668585
668586
668386
668387
668388
668486
668487
668488
668586
668587
668588
668388
668389
668488
668489
668588
668589
668389
668390
668489
668490
668589
668590
668390
668391
668490
668491
668590
668591
668391
668392
668491
668492
668591
668592
668392
668393
668492
668493
668592
668593
668393
668394
668395
668493
668494
668495
668593
668594
668595
668395
668396
668495
668496
668595
668596
668396
668397
668496
668497
668596
668597
668397
668398
668497
668498
668597
668598
668398
668399
668498
668499
668598
668599
668399
668400
668499
668500
668599
668600
668400
668401
668402
668500
668501
668502
668600
668601
668602
668402
668403
668502
668503
668602
668603
668403
668404
668503
668504
668603
668604
668404
668405
668504
668505
668604
668605
668405
668406
668505
668506
668605
668606
668406
668407
668506
668507
668606
668607
668407
668408
668409
668507
668508
668509
668607
668608
668609
668409
668410
668509
668510
668609
668610
668410
668411
668510
668511
668610
668611
668411
668412
668511
668512
668611
668612
668412
668413
668512
668513
668612
668613
668413
668414
668513
668514
668613
668614
668414
668415
668416
668514
668515
668516
668614
668615
668616
668416
668417
668516
668517
668616
668617
668417
668418
668517
668518
668617
668618
668418
668419
668518
668519
668618
668619
668419
668420
668519
668520
668619
668620
668420
668421
668520
668521
668620
668621
668421
668422
668521
668522
668621
668622
668422
668423
668424
668522
668523
668524
668622
668623
668624
668424
668425
668524
668525
668624
668625
668425
668426
668525
668526
668625
668626
668426
668427
668526
668527
668626
668627
668427
668428
668527
668528
668627
668628
668428
668429
668528
668529
668628
668629
668429
668430
668431
668529
668530
668531
668629
668630
668631
668431
668432
668531
668532
668631
668632
668432
668433
668532
668533
668632
668633
668433
668434
668533
668534
668633
668634
668434
668435
668534
668535
668634
668635
668435
668436
668535
668536
668635
668636
668436
668437
668438
668536
668537
668538
668636
668637
668638
668438
668439
668538
668539
668638
668639
668439
668440
668539
668540
668639
668640
668440
668441
668540
668541
668640
668641
668441
668442
668541
668542
668641
668642
668442
668443
668542
668543
668642
668643
668443
668444
668445
668543
668544
668545
668643
668644
668645
668445
668446
668545
668546
668645
668646
668446
668447
668546
668547
668646
668647
668447
668448
668547
668548
668647
668648
668448
668449
668548
668549
668648
668649
668449
668450
668549
668550
668649
668650
668450
668451
668452
668550
668551
668552
668650
668651
668652
668452
668453
668552
668553
668652
668653
668453
668454
668553
668554
668653
668654
668454
668455
668554
668555
668654
668655
668455
668456
668555
668556
668655
668656
668456
668457
668556
668557
668656
668657
668457
668458
668459
668557
668558
668559
668657
668658
668659
668459
668460
668559
668560
668659
668660
668460
668461
668560
668561
668660
668661
668461
668462
668561
668562
668661
668662
668462
668463
668562
668563
668662
668663
668463
668464
668563
668564
668663
668664
668464
668465
668466
668564
668565
668566
668664
668665
668666
668466
668467
668566
668567
668666
668667
668467
668468
668567
668568
668667
668668
668468
668469
668568
668569
668668
668669
668469
668470
668569
668570
668669
668670
668470
668471
668570
668571
668670
668671
668471
668472
668571
668572
668671
668672
668472
668473
668474
668572
668573
668574
668672
668673
668674
668474
668475
668574
668575
668674
668675
668475
668476
668575
668576
668675
668676
668476
668477
668576
668577
668676
668677
668477
668478
668577
668578
668677
668678
668478
668479
668578
668579
668678
668679
666977
666978
668580
668581
668680
668681
668581
668582
668681
668682
668582
668583
668682
668683
668583
668584
668683
668684
668584
668585
668684
668685
668585
668586
668685
668686
668586
668587
668588
668686
668687
668688
668588
668589
668688
668689
668589
668590
668689
668690
668590
668591
668690
668691
668591
668592
668691
668692
668592
668593
668692
668693
668593
668594
668595
668693
668694
668695
668595
668596
668695
668696
668596
668597
668696
668697
668597
668598
668697
668698
668598
668599
668698
668699
668599
668600
668699
668700
668600
668601
668602
668700
668701
668702
668602
668603
668702
668703
668603
668604
668703
668704
668604
668605
668704
668705
668605
668606
668705
668706
668606
668607
668706
668707
668607
668608
668609
668707
668708
668709
668609
668610
668709
668710
668610
668611
668710
668711
668611
668612
668711
668712
668612
668613
668712
668713
668613
668614
668713
668714
668614
668615
668616
668714
668715
668716
668616
668617
668716
668717
668617
668618
668717
668718
668618
668619
668718
668719
668619
668620
668719
668720
668620
668621
668720
668721
668621
668622
668721
668722
668622
668623
668624
668722
668723
668724
668624
668625
668724
668725
668625
668626
668725
668726
668626
668627
668726
668727
668627
668628
668727
668728
668628
668629
668728
668729
668629
668630
668631
668729
668730
668731
668631
668632
668731
668732
668632
668633
668732
668733
668633
668634
668733
668734
668634
668635
668734
668735
668635
668636
668735
668736
668636
668637
668638
668736
668737
668738
668638
668639
668738
668739
668639
668640
668739
668740
668640
668641
668740
668741
668641
668642
668741
668742
668642
668643
668742
668743
668643
668644
668645
668743
668744
668745
668645
668646
668745
668746
668646
668647
668746
668747
668647
668648
668747
668748
668648
668649
668748
668749
668649
668650
668749
668750
668650
668651
668652
668750
668751
668752
668652
668653
668752
668753
668653
668654
668753
668754
668654
668655
668754
668755
668655
668656
668755
668756
668656
668657
668756
668757
668657
668658
668659
668757
668758
668759
668659
668660
668759
668760
668660
668661
668760
668761
668661
668662
668761
668762
668662
668663
668762
668763
668663
668664
668763
668764
668664
668665
668666
668764
668765
668766
668666
668667
668766
668767
668667
668668
668767
668768
668668
668669
668768
668769
668669
668670
668769
668770
668670
668671
668770
668771
668671
668672
668771
668772
668672
668673
668674
668772
668773
668774
668674
668675
668774
668775
668675
668676
668775
668776
668676
668677
668776
668777
668677
668678
668777
668778
668678
668679
668778
668779
666978
666979
668680
668681
668780
668781
668681
668682
668781
668782
668682
668683
668782
668783
668683
668684
668783
668784
668684
668685
668784
668785
668685
668686
668785
668786
668686
668687
668688
668786
668787
668788
668688
668689
668788
668789
668689
668690
668789
668790
668690
668691
668790
668791
668691
668692
668791
668792
668692
668693
668792
668793
668693
668694
668695
668793
668794
668795
668695
668696
668795
668796
668696
668697
668796
668797
668697
668698
668797
668798
668698
668699
668798
668799
668699
668700
668799
668800
668700
668701
668702
668800
668801
668802
668702
668703
668802
668803
668703
668704
668803
668804
668704
668705
668804
668805
668705
668706
668805
668806
668706
668707
668806
668807
668707
668708
668709
668807
668808
668809
668709
668710
668809
668810
668710
668711
668810
668811
668711
668712
668811
668812
668712
668713
668812
668813
668713
668714
668813
668814
668714
668715
668716
668814
668815
668816
668716
668717
668816
668817
668717
668718
668817
668818
668718
668719
668818
668819
668719
668720
668819
668820
668720
668721
668820
668821
668721
668722
668821
668822
668722
668723
668724
668822
668823
668824
668724
668725
668824
668825
668725
668726
668825
668826
668726
668727
668826
668827
668727
668728
668827
668828
668728
668729
668828
668829
668729
668730
668731
668829
668830
668831
668731
668732
668831
668832
668732
668733
668832
668833
668733
668734
668833
668834
668734
668735
668834
668835
668735
668736
668835
668836
668736
668737
668738
668836
668837
668838
668738
668739
668838
668839
668739
668740
668839
668840
668740
668741
668840
668841
668741
668742
668841
668842
668742
668743
668842
668843
668743
668744
668745
668843
668844
668845
668745
668746
668845
668846
668746
668747
668846
668847
668747
668748
668847
668848
668748
668749
668848
668849
668749
668750
668849
668850
668750
668751
668752
668850
668851
668852
668752
668753
668852
668853
668753
668754
668853
668854
668754
668755
668854
668855
668755
668756
668855
668856
668756
668757
668856
668857
668757
668758
668759
668857
668858
668859
668759
668760
668859
668860
668760
668761
668860
668861
668761
668762
668861
668862
668762
668763
668862
668863
668763
668764
668863
668864
668764
668765
668766
668864
668865
668866
668766
668767
668866
668867
668767
668768
668867
668868
668768
668769
668868
668869
668769
668770
668869
668870
668770
668771
668870
668871
668771
668772
668871
668872
668772
668773
668774
668872
668873
668874
668774
668775
668874
668875
668775
668776
668875
668876
668776
668777
668876
668877
668777
668778
668877
668878
668778
668779
668878
668879
668880
668881
668980
668981
668881
668882
668981
668982
668882
668883
668982
668983
668883
668884
668983
668984
668884
668885
668984
668985
668885
668886
668985
668986
668886
668887
668888
668986
668987
668988
668888
668889
668988
668989
668889
668890
668989
668990
668890
668891
668990
668991
668891
668892
668991
668992
668892
668893
668992
668993
668893
668894
668895
668993
668994
668995
668895
668896
668995
668996
668896
668897
668996
668997
668897
668898
668997
668998
668898
668899
668998
668999
668899
668900
668999
669000
668900
668901
668902
669000
669001
669002
668902
668903
669002
669003
668903
668904
669003
669004
668904
668905
669004
669005
668905
668906
669005
669006
668906
668907
669006
669007
668907
668908
668909
669007
669008
669009
668909
668910
669009
669010
668910
668911
669010
669011
668911
668912
669011
669012
668912
668913
669012
669013
668913
668914
669013
669014
668914
668915
668916
669014
669015
669016
668916
668917
669016
669017
668917
668918
669017
669018
668918
668919
669018
669019
668919
668920
669019
669020
668920
668921
669020
669021
668921
668922
668923
669021
669022
669023
668923
668924
669023
669024
668924
668925
669024
669025
668925
668926
669025
669026
668926
668927
669026
669027
668927
668928
669027
669028
668928
668929
668930
669028
669029
669030
668929
668930
668931
669030
669031
668931
668932
669031
669032
668932
668933
669032
669033
668933
668934
669033
669034
668934
668935
669034
669035
668935
668936
669035
669036
668936
668937
668938
669036
669037
669038
668938
668939
669038
669039
668939
668940
669039
669040
668940
668941
669040
669041
668941
668942
669041
669042
668942
668943
669042
669043
668943
668944
668945
669043
669044
669045
668945
668946
669045
669046
668946
668947
669046
669047
668947
668948
669047
669048
668948
668949
669048
669049
668949
668950
669049
669050
668950
668951
668952
669050
669051
669052
668952
668953
669052
669053
668953
668954
669053
669054
668954
668955
669054
669055
668955
668956
669055
669056
668956
668957
669056
669057
668957
668958
668959
669057
669058
669059
668959
668960
669059
669060
668960
668961
669060
669061
668961
668962
669061
669062
668962
668963
669062
669063
668963
668964
669063
669064
668964
668965
668966
669064
669065
669066
668966
668967
669066
669067
668967
668968
669067
669068
668968
668969
669068
669069
668969
668970
669069
669070
668970
668971
669070
669071
668971
668972
668973
669071
669072
669073
668973
668974
669073
669074
668974
668975
669074
669075
668975
668976
669075
669076
668976
668977
669076
669077
668977
668978
669077
669078
667079
667179
668978
668979
669078
669079
668980
668981
669080
669081
668981
668982
669081
669082
668982
668983
669082
669083
668983
668984
669083
669084
668984
668985
669084
669085
668985
668986
669085
669086
668986
668987
668988
669086
669087
669088
668988
668989
669088
669089
668989
668990
669089
669090
668990
668991
669090
669091
668991
668992
669091
669092
668992
668993
669092
669093
668993
668994
668995
669093
669094
669095
668995
668996
669095
669096
668996
668997
669096
669097
668997
668998
669097
669098
668998
668999
669098
669099
668999
669000
669099
669100
669000
669001
669002
669100
669101
669102
669002
669003
669102
669103
669003
669004
669103
669104
669004
669005
669104
669105
669005
669006
669105
669106
669006
669007
669106
669107
669007
669008
669009
669107
669108
669109
669009
669010
669109
669110
669010
669011
669110
669111
669011
669012
669111
669112
669012
669013
669112
669113
669013
669014
669113
669114
669014
669015
669016
669114
669115
669116
669016
669017
669116
669117
669017
669018
669117
669118
669018
669019
669118
669119
669019
669020
669119
669120
669020
669021
669120
669121
669021
669022
669023
669121
669122
669123
669023
669024
669123
669124
669024
669025
669124
669125
669025
669026
669125
669126
669026
669027
669126
669127
669027
669028
669127
669128
669028
669029
669030
669128
669129
669130
669030
669031
669130
669131
669031
669032
669131
669132
669032
669033
669132
669133
669033
669034
669133
669134
669034
669035
669134
669135
669035
669036
669135
669136
669036
669037
669038
669136
669137
669138
669038
669039
669138
669139
669039
669040
669139
669140
669040
669041
669140
669141
669041
669042
669141
669142
669042
669043
669142
669143
669043
669044
669045
669143
669144
669145
669045
669046
669145
669146
669046
669047
669146
669147
669047
669048
669147
669148
669048
669049
669148
669149
669049
669050
669149
669150
669050
669051
669052
669150
669151
669152
669052
669053
669152
669153
669053
669054
669153
669154
669054
669055
669154
669155
669055
669056
669155
669156
669056
669057
669156
669157
669057
669058
669059
669157
669158
669159
669059
669060
669159
669160
669060
669061
669160
669161
669061
669062
669161
669162
669062
669063
669162
669163
669063
669064
669163
669164
669064
669065
669066
669164
669165
669166
669066
669067
669166
669167
669067
669068
669167
669168
669068
669069
669168
669169
669069
669070
669169
669170
669070
669071
669170
669171
669071
669072
669073
669171
669172
669173
669073
669074
669173
669174
669074
669075
669174
669175
669075
669076
669175
669176
669076
669077
669176
669177
669077
669078
669177
669178
667179
667279
669078
669079
669178
669179
669080
669081
669180
669181
669280
669281
669081
669082
669181
669182
669281
669282
669082
669083
669182
669183
669282
669283
669083
669084
669183
669184
669283
669284
669084
669085
669184
669185
669284
669285
669085
669086
669185
669186
669285
669286
669086
669087
669088
669186
669187
669188
669286
669287
669288
669088
669089
669188
669189
669288
669289
669089
669090
669189
669190
669289
669290
669090
669091
669190
669191
669290
669291
669091
669092
669191
669192
669291
669292
669092
669093
669192
669193
669292
669293
669093
669094
669095
669193
669194
669195
669293
669294
669295
669095
669096
669195
669196
669295
669296
669096
669097
669196
669197
669296
669297
669097
669098
669197
669198
669297
669298
669098
669099
669198
669199
669298
669299
669099
669100
669199
669200
669299
669300
669100
669101
669102
669200
669201
669202
669300
669301
669302
669102
669103
669202
669203
669302
669303
669103
669104
669203
669204
669303
669304
669104
669105
669204
669205
669304
669305
669105
669106
669205
669206
669305
669306
669106
669107
669206
669207
669306
669307
669107
669108
669109
669207
669208
669209
669307
669308
669309
669109
669110
669209
669210
669309
669310
669110
669111
669210
669211
669310
669311
669111
669112
669211
669212
669311
669312
669112
669113
669212
669213
669312
669313
669113
669114
669213
669214
669313
669314
669114
669115
669116
669214
669215
669216
669314
669315
669316
669116
669117
669216
669217
669316
669317
669117
669118
669217
669218
669317
669318
669118
669119
669218
669219
669318
669319
669119
669120
669219
669220
669319
669320
669120
669121
669220
669221
669320
669321
669121
669122
669123
669221
669222
669223
669321
669322
669323
669123
669124
669223
669224
669323
669324
669124
669125
669224
669225
669324
669325
669125
669126
669225
669226
669325
669326
669126
669127
669226
669227
669326
669327
669127
669128
669227
669228
669327
669328
669128
669129
669130
669228
669229
669230
669328
669329
669330
669130
669131
669230
669231
669330
669331
669131
669132
669231
669232
669331
669332
669132
669133
669232
669233
669332
669333
669133
669134
669233
669234
669333
669334
669134
669135
669234
669235
669334
669335
669135
669136
669235
669236
669335
669336
669136
669137
669138
669236
669237
669238
669336
669337
669338
669138
669139
669238
669239
669338
669339
669139
669140
669239
669240
669339
669340
669140
669141
669240
669241
669340
669341
669141
669142
669241
669242
669341
669342
669142
669143
669242
669243
669342
669343
669143
669144
669145
669243
669244
669245
669343
669344
669345
669145
669146
669245
669246
669345
669346
669146
669147
669246
669247
669346
669347
669147
669148
669247
669248
669347
669348
669148
669149
669248
669249
669348
669349
669149
669150
669249
669250
669349
669350
669150
669151
669152
669250
669251
669252
669350
669351
669352
669152
669153
669252
669253
669352
669353
669153
669154
669253
669254
669353
669354
669154
669155
669254
669255
669354
669355
669155
669156
669255
669256
669355
669356
669156
669157
669256
669257
669356
669357
669157
669158
669159
669257
669258
669259
669357
669358
669359
669159
669160
669259
669260
669359
669360
669160
669161
669260
669261
669360
669361
669161
669162
669261
669262
669361
669362
669162
669163
669262
669263
669362
669363
669163
669164
669263
669264
669363
669364
669164
669165
669166
669264
669265
669266
669364
669365
669366
669166
669167
669266
669267
669366
669367
669167
669168
669267
669268
669367
669368
669168
669169
669268
669269
669368
669369
669169
669170
669269
669270
669369
669370
669170
669171
669270
669271
669370
669371
669171
669172
669173
669271
669272
669273
669371
669372
669373
669173
669174
669273
669274
669373
669374
669174
669175
669274
669275
669374
669375
669175
669176
669275
669276
669375
669376
669176
669177
669276
669277
669376
669377
669177
669178
669277
669278
669377
669378
667279
667379
667479
669178
669179
669278
669279
669378
669379
669280
669281
669380
669381
669281
669282
669381
669382
669282
669283
669382
669383
669283
669284
669383
669384
669284
669285
669384
669385
669285
669286
669385
669386
669286
669287
669288
669386
669387
669388
669288
669289
669388
669389
669289
669290
669389
669390
669290
669291
669390
669391
669291
669292
669391
669392
669292
669293
669392
669393
669293
669294
669295
669393
669394
669395
669295
669296
669395
669396
669296
669297
669396
669397
669297
669298
669397
669398
669298
669299
669398
669399
669299
669300
669399
669400
669300
669301
669302
669400
669401
669402
669302
669303
669402
669403
669303
669304
669403
669404
669304
669305
669404
669405
669305
669306
669405
669406
669306
669307
669406
669407
669307
669308
669309
669407
669408
669409
669309
669310
669409
669410
669310
669311
669410
669411
669311
669312
669411
669412
669312
669313
669412
669413
669313
669314
669413
669414
669314
669315
669316
669414
669415
669416
669316
669317
669416
669417
669317
669318
669417
669418
669318
669319
669418
669419
669319
669320
669419
669420
669320
669321
669420
669421
669321
669322
669323
669421
669422
669423
669323
669324
669423
669424
669324
669325
669424
669425
669325
669326
669425
669426
669326
669327
669426
669427
669327
669328
669427
669428
669328
669329
669330
669428
669429
669430
669330
669331
669430
669431
669331
669332
669431
669432
669332
669333
669432
669433
669333
669334
669433
669434
669334
669335
669434
669435
669335
669336
669435
669436
669336
669337
669338
669436
669437
669438
669338
669339
669438
669439
669339
669340
669439
669440
669340
669341
669440
669441
669341
669342
669441
669442
669342
669343
669442
669443
669343
669344
669345
669443
669444
669445
669345
669346
669445
669446
669346
669347
669446
669447
669347
669348
669447
669448
669348
669349
669448
669449
669349
669350
669449
669450
669350
669351
669352
669450
669451
669452
669352
669353
669452
669453
669353
669354
669453
669454
669354
669355
669454
669455
669355
669356
669455
669456
669356
669357
669456
669457
669357
669358
669359
669457
669458
669459
669359
669360
669459
669460
669360
669361
669460
669461
669361
669362
669461
669462
669362
669363
669462
669463
669363
669364
669463
669464
669364
669365
669366
669464
669465
669466
669366
669367
669466
669467
669367
669368
669467
669468
669368
669369
669468
669469
669369
669370
669469
669470
669370
669371
669470
669471
669371
669372
669373
669471
669472
669473
669373
669374
669473
669474
669374
669375
669474
669475
669375
669376
669475
669476
669376
669377
669476
669477
669377
669378
669477
669478
667479
667579
669378
669379
669478
669479
669380
669381
669480
669481
669580
669581
669381
669382
669481
669482
669581
669582
669382
669383
669482
669483
669582
669583
669383
669384
669483
669484
669583
669584
669384
669385
669484
669485
669584
669585
669385
669386
669485
669486
669585
669586
669386
669387
669388
669486
669487
669488
669586
669587
669588
669388
669389
669488
669489
669588
669589
669389
669390
669489
669490
669589
669590
669390
669391
669490
669491
669590
669591
669391
669392
669491
669492
669591
669592
669392
669393
669492
669493
669592
669593
669393
669394
669395
669493
669494
669495
669593
669594
669595
669395
669396
669495
669496
669595
669596
669396
669397
669496
669497
669596
669597
669397
669398
669497
669498
669597
669598
669398
669399
669498
669499
669598
669599
669399
669400
669499
669500
669599
669600
669400
669401
669402
669500
669501
669502
669600
669601
669602
669402
669403
669502
669503
669602
669603
669403
669404
669503
669504
669603
669604
669404
669405
669504
669505
669604
669605
669405
669406
669505
669506
669605
669606
669406
669407
669506
669507
669606
669607
669407
669408
669409
669507
669508
669509
669607
669608
669609
669409
669410
669509
669510
669609
669610
669410
669411
669510
669511
669610
669611
669411
669412
669511
669512
669611
669612
669412
669413
669512
669513
669612
669613
669413
669414
669513
669514
669613
669614
669414
669415
669416
669514
669515
669516
669614
669615
669616
669416
669417
669516
669517
669616
669617
669417
669418
669517
669518
669617
669618
669418
669419
669518
669519
669618
669619
669419
669420
669519
669520
669619
669620
669420
669421
669520
669521
669620
669621
669421
669422
669423
669521
669522
669523
669621
669622
669623
669423
669424
669523
669524
669623
669624
669424
669425
669524
669525
669624
669625
669425
669426
669525
669526
669625
669626
669426
669427
669526
669527
669626
669627
669427
669428
669527
669528
669627
669628
669428
669429
669430
669528
669529
669530
669628
669629
669630
669430
669431
669530
669531
669630
669631
669431
669432
669531
669532
669631
669632
669432
669433
669532
669533
669632
669633
669433
669434
669533
669534
669633
669634
669434
669435
669534
669535
669634
669635
669435
669436
669535
669536
669635
669636
669436
669437
669438
669536
669537
669538
669636
669637
669638
669438
669439
669538
669539
669638
669639
669439
669440
669539
669540
669639
669640
669440
669441
669540
669541
669640
669641
669441
669442
669541
669542
669641
669642
669442
669443
669542
669543
669642
669643
669443
669444
669445
669543
669544
669545
669643
669644
669645
669445
669446
669545
669546
669645
669646
669446
669447
669546
669547
669646
669647
669447
669448
669547
669548
669647
669648
669448
669449
669548
669549
669648
669649
669449
669450
669549
669550
669649
669650
669450
669451
669452
669550
669551
669552
669650
669651
669652
669452
669453
669552
669553
669652
669653
669453
669454
669553
669554
669653
669654
669454
669455
669554
669555
669654
669655
669455
669456
669555
669556
669655
669656
669456
669457
669556
669557
669656
669657
669457
669458
669459
669557
669558
669559
669657
669658
669659
669459
669460
669559
669560
669659
669660
669460
669461
669560
669561
669660
669661
669461
669462
669561
669562
669661
669662
669462
669463
669562
669563
669662
669663
669463
669464
669563
669564
669663
669664
669464
669465
669466
669564
669565
669566
669664
669665
669666
669466
669467
669566
669567
669666
669667
669467
669468
669567
669568
669667
669668
669468
669469
669568
669569
669668
669669
669469
669470
669569
669570
669669
669670
669470
669471
669570
669571
669670
669671
669471
669472
669473
669571
669572
669573
669671
669672
669673
669473
669474
669573
669574
669673
669674
669474
669475
669574
669575
669674
669675
669475
669476
669575
669576
669675
669676
669476
669477
669576
669577
669676
669677
669477
669478
669577
669578
669677
669678
667579
667679
667779
669478
669479
669578
669579
669678
669679
669580
669581
669680
669681
669581
669582
669681
669682
669582
669583
669682
669683
669583
669584
669683
669684
669584
669585
669684
669685
669585
669586
669685
669686
669586
669587
669588
669686
669687
669688
669588
669589
669688
669689
669589
669590
669689
669690
669590
669591
669690
669691
669591
669592
669691
669692
669592
669593
669692
669693
669593
669594
669595
669693
669694
669695
669595
669596
669695
669696
669596
669597
669696
669697
669597
669598
669697
669698
669598
669599
669698
669699
669599
669600
669699
669700
669600
669601
669602
669700
669701
669702
669602
669603
669702
669703
669603
669604
669703
669704
669604
669605
669704
669705
669605
669606
669705
669706
669606
669607
669706
669707
669607
669608
669609
669707
669708
669709
669609
669610
669709
669710
669610
669611
669710
669711
669611
669612
669711
669712
669612
669613
669712
669713
669613
669614
669713
669714
669614
669615
669616
669714
669715
669716
669616
669617
669716
669717
669617
669618
669717
669718
669618
669619
669718
669719
669619
669620
669719
669720
669620
669621
669720
669721
669621
669622
669623
669721
669722
669723
669623
669624
669723
669724
669624
669625
669724
669725
669625
669626
669725
669726
669626
669627
669726
669727
669627
669628
669727
669728
669628
669629
669630
669728
669729
669730
669630
669631
669730
669731
669631
669632
669731
669732
669632
669633
669732
669733
669633
669634
669733
669734
669634
669635
669734
669735
669635
669636
669735
669736
669636
669637
669638
669736
669737
669738
669638
669639
669738
669739
669639
669640
669739
669740
669640
669641
669740
669741
669641
669642
669741
669742
669642
669643
669742
669743
669643
669644
669645
669743
669744
669745
669645
669646
669745
669746
669646
669647
669746
669747
669647
669648
669747
669748
669648
669649
669748
669749
669649
669650
669749
669750
669650
669651
669652
669750
669751
669752
669652
669653
669752
669753
669653
669654
669753
669754
669654
669655
669754
669755
669655
669656
669755
669756
669656
669657
669756
669757
669657
669658
669659
669757
669758
669759
669659
669660
669759
669760
669660
669661
669760
669761
669661
669662
669761
669762
669662
669663
669762
669763
669663
669664
669763
669764
669664
669665
669666
669764
669765
669766
669666
669667
669766
669767
669667
669668
669767
669768
669668
669669
669768
669769
669669
669670
669769
669770
669670
669671
669770
669771
669671
669672
669673
669771
669772
669773
669673
669674
669773
669774
669674
669675
669774
669775
669675
669676
669775
669776
669676
669677
669776
669777
669677
669678
669777
669778
667779
667879
669678
669679
669778
669779
669680
669681
669780
669781
669880
669881
669681
669682
669781
669782
669881
669882
669682
669683
669782
669783
669882
669883
669683
669684
669783
669784
669883
669884
669684
669685
669784
669785
669884
669885
669685
669686
669785
669786
669885
669886
669686
669687
669688
669786
669787
669788
669886
669887
669888
669688
669689
669788
669789
669888
669889
669689
669690
669789
669790
669889
669890
669690
669691
669790
669791
669890
669891
669691
669692
669791
669792
669891
669892
669692
669693
669792
669793
669892
669893
669693
669694
669695
669793
669794
669795
669893
669894
669895
669695
669696
669795
669796
669895
669896
669696
669697
669796
669797
669896
669897
669697
669698
669797
669798
669897
669898
669698
669699
669798
669799
669898
669899
669699
669700
669799
669800
669899
669900
669700
669701
669702
669800
669801
669802
669900
669901
669902
669702
669703
669802
669803
669902
669903
669703
669704
669803
669804
669903
669904
669704
669705
669804
669805
669904
669905
669705
669706
669805
669806
669905
669906
669706
669707
669806
669807
669906
669907
669707
669708
669709
669807
669808
669809
669907
669908
669909
669709
669710
669809
669810
669909
669910
669710
669711
669810
669811
669910
669911
669711
669712
669811
669812
669911
669912
669712
669713
669812
669813
669912
669913
669713
669714
669813
669814
669913
669914
669714
669715
669716
669814
669815
669816
669914
669915
669916
669716
669717
669816
669817
669916
669917
669717
669718
669817
669818
669917
669918
669718
669719
669818
669819
669918
669919
669719
669720
669819
669820
669919
669920
669720
669721
669820
669821
669920
669921
669721
669722
669723
669821
669822
669823
669921
669922
669923
669723
669724
669823
669824
669923
669924
669724
669725
669824
669825
669924
669925
669725
669726
669825
669826
669925
669926
669726
669727
669826
669827
669926
669927
669727
669728
669827
669828
669927
669928
669728
669729
669730
669828
669829
669830
669928
669929
669930
669730
669731
669830
669831
669930
669931
669731
669732
669831
669832
669931
669932
669732
669733
669832
669833
669932
669933
669733
669734
669833
669834
669933
669934
669734
669735
669834
669835
669934
669935
669735
669736
669835
669836
669935
669936
669736
669737
669738
669836
669837
669838
669936
669937
669938
669738
669739
669838
669839
669938
669939
669739
669740
669839
669840
669939
669940
669740
669741
669840
669841
669940
669941
669741
669742
669841
669842
669941
669942
669742
669743
669842
669843
669942
669943
669743
669744
669745
669843
669844
669845
669943
669944
669945
669745
669746
669845
669846
669945
669946
669746
669747
669846
669847
669946
669947
669747
669748
669847
669848
669947
669948
669748
669749
669848
669849
669948
669949
669749
669750
669849
669850
669949
669950
669750
669751
669752
669850
669851
669852
669950
669951
669952
669752
669753
669852
669853
669952
669953
669753
669754
669853
669854
669953
669954
669754
669755
669854
669855
669954
669955
669755
669756
669855
669856
669955
669956
669756
669757
669856
669857
669956
669957
669757
669758
669759
669857
669858
669859
669957
669958
669959
669759
669760
669859
669860
669959
669960
669760
669761
669860
669861
669960
669961
669761
669762
669861
669862
669961
669962
669762
669763
669862
669863
669962
669963
669763
669764
669863
669864
669963
669964
669764
669765
669766
669864
669865
669866
669964
669965
669966
669766
669767
669866
669867
669966
669967
669767
669768
669867
669868
669967
669968
669768
669769
669868
669869
669968
669969
669769
669770
669869
669870
669969
669970
669770
669771
669870
669871
669970
669971
669771
669772
669773
669871
669872
669873
669971
669972
669973
669773
669774
669873
669874
669973
669974
669774
669775
669874
669875
669974
669975
669775
669776
669875
669876
669975
669976
669776
669777
669876
669877
669976
669977
669777
669778
669877
669878
669977
669978
667879
667979
668079
669778
669779
669878
669879
669978
669979
669880
669881
669980
669981
669881
669882
669981
669982
669882
669883
669982
669983
669883
669884
669983
669984
669884
669885
669984
669985
669885
669886
669985
669986
669886
669887
669888
669986
669987
669988
669888
669889
669988
669989
669889
669890
669989
669990
669890
669891
669990
669991
669891
669892
669991
669992
669892
669893
669992
669993
669893
669894
669895
669993
669994
669995
669895
669896
669995
669996
669896
669897
669996
669997
669897
669898
669997
669998
669898
669899
669998
669999
669899
669900
669999
670000
669900
669901
669902
670000
670001
670002
669902
669903
670002
670003
669903
669904
670003
670004
669904
669905
670004
670005
669905
669906
670005
670006
669906
669907
670006
670007
669907
669908
669909
670007
670008
670009
669909
669910
670009
670010
669910
669911
670010
670011
669911
669912
670011
670012
669912
669913
670012
670013
669913
669914
670013
670014
669914
669915
669916
670014
670015
670016
669916
669917
670016
670017
669917
669918
670017
670018
669918
669919
670018
670019
669919
669920
670019
670020
669920
669921
670020
670021
669921
669922
669923
670021
670022
670023
669923
669924
670023
670024
669924
669925
670024
670025
669925
669926
670025
670026
669926
669927
670026
670027
669927
669928
670027
670028
669928
669929
669930
670028
670029
670030
669930
669931
670030
670031
669931
669932
670031
670032
669932
669933
670032
670033
669933
669934
670033
670034
669934
669935
670034
670035
669935
669936
670035
670036
669936
669937
669938
670036
670037
670038
669938
669939
670038
670039
669939
669940
670039
670040
669940
669941
670040
670041
669941
669942
670041
670042
669942
669943
670042
670043
669943
669944
669945
670043
670044
670045
669945
669946
670045
670046
669946
669947
670046
670047
669947
669948
670047
670048
669948
669949
670048
670049
669949
669950
670049
670050
669950
669951
669952
670050
670051
670052
669952
669953
670052
670053
669953
669954
670053
670054
669954
669955
670054
670055
669955
669956
670055
670056
669956
669957
670056
670057
669957
669958
669959
670057
670058
670059
669959
669960
670059
670060
669960
669961
670060
670061
669961
669962
670061
670062
669962
669963
670062
670063
669963
669964
670063
670064
669964
669965
669966
670064
670065
670066
669966
669967
670066
670067
669967
669968
670067
670068
669968
669969
670068
670069
669969
669970
670069
670070
669970
669971
670070
670071
669971
669972
669973
670071
670072
670073
669973
669974
670073
670074
669974
669975
670074
670075
669975
669976
670075
670076
669976
669977
670076
670077
669977
669978
670077
670078
668079
668179
669978
669979
670078
670079
669980
669981
670080
670081
670180
670181
669981
669982
670081
670082
670181
670182
669982
669983
670082
670083
670182
670183
669983
669984
670083
670084
670183
670184
669984
669985
670084
670085
670184
670185
669985
669986
670085
670086
670185
670186
669986
669987
669988
670086
670087
670088
670186
670187
670188
669988
669989
670088
670089
670188
670189
669989
669990
670089
670090
670189
670190
669990
669991
670090
670091
670190
670191
669991
669992
670091
670092
670191
670192
669992
669993
670092
670093
670192
670193
669993
669994
669995
670093
670094
670095
670193
670194
670195
669995
669996
670095
670096
670195
670196
669996
669997
670096
670097
670196
670197
669997
669998
670097
670098
670197
670198
669998
669999
670098
670099
670198
670199
669999
670000
670099
670100
670199
670200
670000
670001
670002
670100
670101
670102
670200
670201
670202
670002
670003
670102
670103
670202
670203
670003
670004
670103
670104
670203
670204
670004
670005
670104
670105
670204
670205
670005
670006
670105
670106
670205
670206
670006
670007
670106
670107
670206
670207
670007
670008
670009
670107
670108
670109
670207
670208
670209
670009
670010
670109
670110
670209
670210
670010
670011
670110
670111
670210
670211
670011
670012
670111
670112
670211
670212
670012
670013
670112
670113
670212
670213
670013
670014
670113
670114
670213
670214
670014
670015
670016
670114
670115
670116
670214
670215
670216
670016
670017
670116
670117
670216
670217
670017
670018
670117
670118
670217
670218
670018
670019
670118
670119
670218
670219
670019
670020
670119
670120
670219
670220
670020
670021
670120
670121
670220
670221
670021
670022
670023
670121
670122
670123
670221
670222
670223
670023
670024
670123
670124
670223
670224
670024
670025
670124
670125
670224
670225
670025
670026
670125
670126
670225
670226
670026
670027
670126
670127
670226
670227
670027
670028
670127
670128
670227
670228
670028
670029
670030
670128
670129
670130
670228
670229
670230
670030
670031
670130
670131
670230
670231
670031
670032
670131
670132
670231
670232
670032
670033
670132
670133
670232
670233
670033
670034
670133
670134
670233
670234
670034
670035
670134
670135
670234
670235
670035
670036
670135
670136
670235
670236
670036
670037
670038
670136
670137
670138
670236
670237
670238
670038
670039
670138
670139
670238
670239
670039
670040
670139
670140
670239
670240
670040
670041
670140
670141
670240
670241
670041
670042
670141
670142
670241
670242
670042
670043
670142
670143
670242
670243
670043
670044
670045
670143
670144
670145
670243
670244
670245
670045
670046
670145
670146
670245
670246
670046
670047
670146
670147
670246
670247
670047
670048
670147
670148
670247
670248
670048
670049
670148
670149
670248
670249
670049
670050
670149
670150
670249
670250
670050
670051
670052
670150
670151
670152
670250
670251
670252
670052
670053
670152
670153
670252
670253
670053
670054
670153
670154
670253
670254
670054
670055
670154
670155
670254
670255
670055
670056
670155
670156
670255
670256
670056
670057
670156
670157
670256
670257
670057
670058
670059
670157
670158
670159
670257
670258
670259
670059
670060
670159
670160
670259
670260
670060
670061
670160
670161
670260
670261
670061
670062
670161
670162
670261
670262
670062
670063
670162
670163
670262
670263
670063
670064
670163
670164
670263
670264
670064
670065
670066
670164
670165
670166
670264
670265
670266
670066
670067
670166
670167
670266
670267
670067
670068
670167
670168
670267
670268
670068
670069
670168
670169
670268
670269
670069
670070
670169
670170
670269
670270
670070
670071
670170
670171
670270
670271
670071
670072
670073
670171
670172
670173
670271
670272
670273
670073
670074
670173
670174
670273
670274
670074
670075
670174
670175
670274
670275
670075
670076
670175
670176
670275
670276
670076
670077
670176
670177
670276
670277
670077
670078
670177
670178
670277
670278
668179
668279
668379
670078
670079
670178
670179
670278
670279
670180
670181
670280
670281
670181
670182
670281
670282
670182
670183
670282
670283
670183
670184
670283
670284
670184
670185
670284
670285
670185
670186
670285
670286
670287
670186
670187
670188
670286
670287
670288
670188
670189
670288
670289
670189
670190
670289
670290
670190
670191
670290
670291
670191
670192
670291
670292
670192
670193
670292
670293
670193
670194
670195
670293
670294
670295
670195
670196
670295
670296
670196
670197
670296
670297
670197
670198
670297
670298
670198
670199
670298
670299
670199
670200
670299
670300
670200
670201
670202
670300
670301
670302
670202
670203
670302
670303
670203
670204
670303
670304
670204
670205
670304
670305
670205
670206
670305
670306
670206
670207
670306
670307
670207
670208
670209
670307
670308
670309
670209
670210
670309
670310
670210
670211
670310
670311
670211
670212
670311
670312
670212
670213
670312
670313
670213
670214
670313
670314
670214
670215
670216
670314
670315
670316
670216
670217
670316
670317
670217
670218
670317
670318
670218
670219
670318
670319
670219
670220
670319
670320
670220
670221
670320
670321
670221
670222
670223
670321
670322
670323
670223
670224
670323
670324
670224
670225
670324
670325
670225
670226
670325
670326
670226
670227
670326
670327
670227
670228
670327
670328
670228
670229
670230
670328
670329
670330
670230
670231
670330
670331
670231
670232
670331
670332
670232
670233
670332
670333
670233
670234
670333
670334
670234
670235
670334
670335
670235
670236
670335
670336
670337
670236
670237
670238
670336
670337
670338
670238
670239
670338
670339
670239
670240
670339
670340
670240
670241
670340
670341
670241
670242
670341
670342
670242
670243
670342
670343
670243
670244
670245
670343
670344
670345
670245
670246
670345
670346
670246
670247
670346
670347
670247
670248
670347
670348
670248
670249
670348
670349
670249
670250
670349
670350
670250
670251
670252
670350
670351
670352
670252
670253
670352
670353
670253
670254
670353
670354
670254
670255
670354
670355
670255
670256
670355
670356
670256
670257
670356
670357
670257
670258
670259
670357
670358
670359
670259
670260
670359
670360
670260
670261
670360
670361
670261
670262
670361
670362
670262
670263
670362
670363
670263
670264
670363
670364
670264
670265
670266
670364
670365
670366
670266
670267
670366
670367
670267
670268
670367
670368
670268
670269
670368
670369
670269
670270
670369
670370
670270
670271
670370
670371
670271
670272
670273
670371
670372
670373
670273
670274
670373
670374
670274
670275
670374
670375
670275
670276
670375
670376
670276
670277
670376
670377
670277
670278
670377
670378
668379
668479
670278
670279
670378
670379
670280
670281
670380
670381
670480
670481
670281
670282
670381
670382
670481
670482
670282
670283
670382
670383
670482
670483
670283
670284
670383
670384
670483
670484
670284
670285
670384
670385
670484
670485
670285
670286
670287
670385
670386
670387
670485
670486
670487
670287
670288
670387
670388
670487
670488
670288
670289
670388
670389
670488
670489
670289
670290
670389
670390
670489
670490
670290
670291
670390
670391
670490
670491
670291
670292
670391
670392
670491
670492
670292
670293
670392
670393
670492
670493
670293
670294
670295
670393
670394
670395
670493
670494
670495
670295
670296
670395
670396
670495
670496
670296
670297
670396
670397
670496
670497
670297
670298
670397
670398
670497
670498
670298
670299
670398
670399
670498
670499
670299
670300
670399
670400
670499
670500
670300
670301
670302
670400
670401
670402
670500
670501
670502
670302
670303
670402
670403
670502
670503
670303
670304
670403
670404
670503
670504
670304
670305
670404
670405
670504
670505
670305
670306
670405
670406
670505
670506
670306
670307
670406
670407
670506
670507
670307
670308
670309
670407
670408
670409
670507
670508
670509
670309
670310
670409
670410
670509
670510
670310
670311
670410
670411
670510
670511
670311
670312
670411
670412
670511
670512
670312
670313
670412
670413
670512
670513
670313
670314
670413
670414
670513
670514
670314
670315
670316
670414
670415
670416
670514
670515
670516
670316
670317
670416
670417
670516
670517
670317
670318
670417
670418
670517
670518
670318
670319
670418
670419
670518
670519
670319
670320
670419
670420
670519
670520
670320
670321
670420
670421
670520
670521
670321
670322
670323
670421
670422
670423
670521
670522
670523
670323
670324
670423
670424
670523
670524
670324
670325
670424
670425
670524
670525
670325
670326
670425
670426
670525
670526
670326
670327
670426
670427
670526
670527
670327
670328
670427
670428
670527
670528
670328
670329
670330
670428
670429
670430
670528
670529
670530
670330
670331
670430
670431
670530
670531
670331
670332
670431
670432
670531
670532
670332
670333
670432
670433
670532
670533
670333
670334
670433
670434
670533
670534
670334
670335
670434
670435
670534
670535
670335
670336
670337
670435
670436
670437
670535
670536
670537
670337
670338
670437
670438
670537
670538
670338
670339
670438
670439
670538
670539
670339
670340
670439
670440
670539
670540
670340
670341
670440
670441
670540
670541
670341
670342
670441
670442
670541
670542
670342
670343
670442
670443
670542
670543
670343
670344
670345
670443
670444
670445
670543
670544
670545
670345
670346
670445
670446
670545
670546
670346
670347
670446
670447
670546
670547
670347
670348
670447
670448
670547
670548
670348
670349
670448
670449
670548
670549
670349
670350
670449
670450
670549
670550
670350
670351
670352
670450
670451
670452
670550
670551
670552
670352
670353
670452
670453
670552
670553
670353
670354
670453
670454
670553
670554
670354
670355
670454
670455
670554
670555
670355
670356
670455
670456
670555
670556
670356
670357
670456
670457
670556
670557
670357
670358
670359
670457
670458
670459
670557
670558
670559
670359
670360
670459
670460
670559
670560
670360
670361
670460
670461
670560
670561
670361
670362
670461
670462
670561
670562
670362
670363
670462
670463
670562
670563
670363
670364
670463
670464
670563
670564
670364
670365
670366
670464
670465
670466
670564
670565
670566
670366
670367
670466
670467
670566
670567
670367
670368
670467
670468
670567
670568
670368
670369
670468
670469
670568
670569
670369
670370
670469
670470
670569
670570
670370
670371
670470
670471
670570
670571
670371
670372
670373
670471
670472
670473
670571
670572
670573
670373
670374
670473
670474
670573
670574
670374
670375
670474
670475
670574
670575
670375
670376
670475
670476
670575
670576
670376
670377
670476
670477
670576
670577
670377
670378
670477
670478
670577
670578
668479
668579
668679
670378
670379
670478
670479
670578
670579
670480
670481
670580
670581
670481
670482
670581
670582
670482
670483
670582
670583
670483
670484
670583
670584
670484
670485
670584
670585
670485
670486
670487
670585
670586
670587
670487
670488
670587
670588
670488
670489
670588
670589
670489
670490
670589
670590
670490
670491
670590
670591
670491
670492
670591
670592
670492
670493
670592
670593
670493
670494
670495
670593
670594
670595
670495
670496
670595
670596
670496
670497
670596
670597
670497
670498
670597
670598
670498
670499
670598
670599
670499
670500
670599
670600
670500
670501
670502
670600
670601
670602
670502
670503
670602
670603
670503
670504
670603
670604
670504
670505
670604
670605
670505
670506
670605
670606
670506
670507
670606
670607
670507
670508
670509
670607
670608
670609
670509
670510
670609
670610
670510
670511
670610
670611
670511
670512
670611
670612
670512
670513
670612
670613
670513
670514
670613
670614
670514
670515
670516
670614
670615
670616
670516
670517
670616
670617
670517
670518
670617
670618
670518
670519
670618
670619
670519
670520
670619
670620
670520
670521
670620
670621
670521
670522
670523
670621
670622
670623
670523
670524
670623
670624
670524
670525
670624
670625
670525
670526
670625
670626
670526
670527
670626
670627
670527
670528
670627
670628
670528
670529
670530
670628
670629
670630
670530
670531
670630
670631
670531
670532
670631
670632
670532
670533
670632
670633
670533
670534
670633
670634
670534
670535
670634
670635
670535
670536
670537
670635
670636
670637
670537
670538
670637
670638
670538
670539
670638
670639
670539
670540
670639
670640
670540
670541
670640
670641
670541
670542
670641
670642
670542
670543
670642
670643
670543
670544
670545
670643
670644
670645
670545
670546
670645
670646
670546
670547
670646
670647
670547
670548
670647
670648
670548
670549
670648
670649
670549
670550
670649
670650
670550
670551
670552
670650
670651
670652
670552
670553
670652
670653
670553
670554
670653
670654
670554
670555
670654
670655
670555
670556
670655
670656
670556
670557
670656
670657
670557
670558
670559
670657
670658
670659
670559
670560
670659
670660
670560
670561
670660
670661
670561
670562
670661
670662
670562
670563
670662
670663
670563
670564
670663
670664
670564
670565
670566
670664
670665
670666
670566
670567
670666
670667
670567
670568
670667
670668
670568
670569
670668
670669
670569
670570
670669
670670
670570
670571
670670
670671
670571
670572
670573
670671
670672
670673
670573
670574
670673
670674
670574
670575
670674
670675
670575
670576
670675
670676
670576
670577
670676
670677
670577
670578
670677
670678
668679
668779
670578
670579
670678
670679
670580
670581
670680
670681
670581
670582
670681
670682
670582
670583
670682
670683
670583
670584
670683
670684
670584
670585
670684
670685
670585
670586
670587
670685
670686
670687
670587
670588
670687
670688
670588
670589
670688
670689
670589
670590
670689
670690
670590
670591
670690
670691
670591
670592
670691
670692
670592
670593
670692
670693
670593
670594
670595
670693
670694
670695
670595
670596
670695
670696
670596
670597
670696
670697
670597
670598
670697
670698
670598
670599
670698
670699
670599
670600
670699
670700
670600
670601
670602
670700
670701
670702
670602
670603
670702
670703
670603
670604
670703
670704
670604
670605
670704
670705
670605
670606
670705
670706
670606
670607
670706
670707
670607
670608
670609
670707
670708
670709
670609
670610
670709
670710
670610
670611
670710
670711
670611
670612
670711
670712
670612
670613
670712
670713
670613
670614
670713
670714
670614
670615
670616
670714
670715
670716
670616
670617
670716
670717
670617
670618
670717
670718
670618
670619
670718
670719
670619
670620
670719
670720
670620
670621
670720
670721
670621
670622
670623
670721
670722
670723
670623
670624
670723
670724
670624
670625
670724
670725
670625
670626
670725
670726
670626
670627
670726
670727
670627
670628
670727
670728
670628
670629
670630
670728
670729
670730
670630
670631
670730
670731
670631
670632
670731
670732
670632
670633
670732
670733
670633
670634
670733
670734
670634
670635
670734
670735
670635
670636
670637
670735
670736
670737
670637
670638
670737
670738
670638
670639
670738
670739
670639
670640
670739
670740
670640
670641
670740
670741
670641
670642
670741
670742
670642
670643
670742
670743
670643
670644
670645
670743
670744
670745
670645
670646
670745
670746
670646
670647
670746
670747
670647
670648
670747
670748
670648
670649
670748
670749
670649
670650
670749
670750
670650
670651
670652
670750
670751
670752
670652
670653
670752
670753
670653
670654
670753
670754
670654
670655
670754
670755
670655
670656
670755
670756
670656
670657
670756
670757
670657
670658
670659
670757
670758
670759
670659
670660
670759
670760
670660
670661
670760
670761
670661
670662
670761
670762
670662
670663
670762
670763
670663
670664
670763
670764
670664
670665
670666
670764
670765
670766
670666
670667
670766
670767
670667
670668
670767
670768
670668
670669
670768
670769
670669
670670
670769
670770
670670
670671
670770
670771
670671
670672
670673
670771
670772
670773
670673
670674
670773
670774
670674
670675
670774
670775
670675
670676
670775
670776
670676
670677
670776
670777
670677
670678
670777
670778
668779
668879
670678
670679
670778
670779
)
;
    }
    nonConformalError_on_OUT_TO_ROTOR
    {
        type            nonConformalPolyFaces;
        patchType       nonConformalError;
        size            0;
        value           nonuniform List<label> 0();
    }
    nonConformalError_on_ROTOR_TO_OUT
    {
        type            nonConformalPolyFaces;
        patchType       nonConformalError;
        size            0;
        value           nonuniform List<label> 0();
    }
}


// ************************************************************************* //
